﻿Title,Column 1,Column 2,Column 3,Column 4,Column 5
Name,DC Number,Date of Death,Institution Name,Manner of DeathDetermined by ME,Investigative Status
"MERANDA, DANA",https://fdc.myflorida.com/OffenderSearch/detail.aspx?Page=Detail&DCNumber=138847&TypeSearch=IR,07/02/2015,S.F.R.C.,Natural,Closed
"MCCASKILL, BOYD",https://fdc.myflorida.com/OffenderSearch/detail.aspx?Page=Detail&DCNumber=033210&TypeSearch=IR,07/02/2015,R.M.C.- MAIN UNIT,Natural,Closed
"BENSON, STEVEN W",https://fdc.myflorida.com/OffenderSearch/detail.aspx?Page=Detail&DCNumber=104033&TypeSearch=IR,07/03/2015,TAYLOR C.I.,Homicide,Closed (https://fdc.myflorida.com/pub/mortality/PDF/104033.pdf)
"JAMES, NICKIE T",https://fdc.myflorida.com/OffenderSearch/detail.aspx?Page=Detail&DCNumber=479277&TypeSearch=IR,07/04/2015,TAYLOR C.I.,Natural,Closed
"WILLIAMS, KIMBERLY",https://fdc.myflorida.com/OffenderSearch/detail.aspx?Page=Detail&DCNumber=Q10130&TypeSearch=IR,07/06/2015,LOWELL ANNEX,Natural,Closed
"BEGIN, JAMES",https://fdc.myflorida.com/OffenderSearch/detail.aspx?Page=Detail&DCNumber=B09757&TypeSearch=IR,07/07/2015,R.M.C.- MAIN UNIT,Natural,Closed
"FRENCH, THOMAS F",https://fdc.myflorida.com/OffenderSearch/detail.aspx?Page=Detail&DCNumber=032501&TypeSearch=IR,07/07/2015,R.M.C.- MAIN UNIT,Natural,Closed
"CURRY, DONALD L",https://fdc.myflorida.com/OffenderSearch/detail.aspx?Page=Detail&DCNumber=Q25596&TypeSearch=IR,07/11/2015,R.M.C.- MAIN UNIT,Natural,Closed
"BULLEY, JAMES C",https://fdc.myflorida.com/OffenderSearch/detail.aspx?Page=Detail&DCNumber=232703&TypeSearch=IR,07/14/2015,R.M.C.- MAIN UNIT,Natural,Closed
"LASAR, ROBIN S",https://fdc.myflorida.com/OffenderSearch/detail.aspx?Page=Detail&DCNumber=W32833&TypeSearch=IR,07/15/2015,HOMESTEAD C.I.,Natural,Closed
"RUSHMEYER, ROBERT M",https://fdc.myflorida.com/OffenderSearch/detail.aspx?Page=Detail&DCNumber=121266&TypeSearch=IR,07/16/2015,HAMILTON ANNEX,Natural,Closed
"WESTGATE, KARL B",https://fdc.myflorida.com/OffenderSearch/detail.aspx?Page=Detail&DCNumber=V44886&TypeSearch=IR,07/16/2015,APALACHEE EAST UNIT,Suicide,Closed (https://fdc.myflorida.com/pub/mortality/PDF/V44886.pdf)
"PARISH, RONALD E",https://fdc.myflorida.com/OffenderSearch/detail.aspx?Page=Detail&DCNumber=381485&TypeSearch=IR,07/18/2015,R.M.C.- MAIN UNIT,Natural,Closed
"ATWELL, DAVID R",https://fdc.myflorida.com/OffenderSearch/detail.aspx?Page=Detail&DCNumber=019724&TypeSearch=IR,07/19/2015,DADE C.I.,Natural,Closed
"HIGGINS, ROBERT E",https://fdc.myflorida.com/OffenderSearch/detail.aspx?Page=Detail&DCNumber=944580&TypeSearch=IR,07/21/2015,ZEPHYRHILLS C.I.,Natural,Closed
"TODDY, MICHAEL H",https://fdc.myflorida.com/OffenderSearch/detail.aspx?Page=Detail&DCNumber=B05870&TypeSearch=IR,07/22/2015,S.F.R.C.,Natural,Closed
"LONG-WIGGINS, PAMELA L",https://fdc.myflorida.com/OffenderSearch/detail.aspx?Page=Detail&DCNumber=P43211&TypeSearch=IR,07/23/2015,LOWELL C.I.,Natural,Closed
"BAROS, ROBERT W",https://fdc.myflorida.com/OffenderSearch/detail.aspx?Page=Detail&DCNumber=V42078&TypeSearch=IR,07/22/2015,R.M.C.- MAIN UNIT,Natural,Closed
"SANTANA, JOSE",https://fdc.myflorida.com/OffenderSearch/detail.aspx?Page=Detail&DCNumber=I45026&TypeSearch=IR,07/26/2015,WAKULLA ANNEX,Natural,Closed
"SERRANO-TORRES, HECTOR",https://fdc.myflorida.com/OffenderSearch/detail.aspx?Page=Detail&DCNumber=B07445&TypeSearch=IR,07/27/2015,R.M.C.- MAIN UNIT,Natural,Closed
"TUCKER, JAMES D",https://fdc.myflorida.com/OffenderSearch/detail.aspx?Page=Detail&DCNumber=019773&TypeSearch=IR,07/28/2015,DADE C.I.,Natural,Closed
"GALLASHAW, ANTONIO D",https://fdc.myflorida.com/OffenderSearch/detail.aspx?Page=Detail&DCNumber=148981&TypeSearch=IR,07/28/2015,R.M.C.- MAIN UNIT,Accident,Closed (https://fdc.myflorida.com/pub/mortality/PDF/148981.pdf)
"ESTRADA, ANGEL",https://fdc.myflorida.com/OffenderSearch/detail.aspx?Page=Detail&DCNumber=B00852&TypeSearch=IR,07/29/2015,R.M.C.- MAIN UNIT,Accident,Closed (https://fdc.myflorida.com/pub/mortality/PDF/B00852.pdf)
"ALLEN, LLOYD C",https://fdc.myflorida.com/OffenderSearch/detail.aspx?Page=Detail&DCNumber=890793&TypeSearch=IR,07/29/2015,R.M.C.- MAIN UNIT,Natural,Closed
"ANDREWS, JEROME H",https://fdc.myflorida.com/OffenderSearch/detail.aspx?Page=Detail&DCNumber=225002&TypeSearch=IR,07/29/2015,WALTON C.I.,Natural,Closed
"CHRISTMAN, THOMAS D",https://fdc.myflorida.com/OffenderSearch/detail.aspx?Page=Detail&DCNumber=S26714&TypeSearch=IR,07/30/2015,R.M.C.- MAIN UNIT,Natural,Closed
"ROBINSON, DENIS A",https://fdc.myflorida.com/OffenderSearch/detail.aspx?Page=Detail&DCNumber=095137&TypeSearch=IR,07/30/2015,BAKER Re-Entry,Natural,Closed
"LINCOLN, WILLIE",https://fdc.myflorida.com/OffenderSearch/detail.aspx?Page=Detail&DCNumber=018806&TypeSearch=IR,07/30/2015,S.F.R.C.,Natural,Closed
"JORDAN, BRADLEY S",https://fdc.myflorida.com/OffenderSearch/detail.aspx?Page=Detail&DCNumber=284037&TypeSearch=IR,07/30/2015,R.M.C.- MAIN UNIT,Homicide,Closed (https://fdc.myflorida.com/pub/mortality/PDF/284037.pdf)
"MOLIHAN, KENNETH C",https://fdc.myflorida.com/OffenderSearch/detail.aspx?Page=Detail&DCNumber=L28877&TypeSearch=IR,07/30/2015,JEFFERSON C.I.,Natural,Closed
"ROBERTSON, WILLIE",https://fdc.myflorida.com/OffenderSearch/detail.aspx?Page=Detail&DCNumber=496988&TypeSearch=IR,08/01/2015,S.F.R.C.,Natural,Closed
"ARINO, TOMAS T",https://fdc.myflorida.com/OffenderSearch/detail.aspx?Page=Detail&DCNumber=567188&TypeSearch=IR,08/03/2015,R.M.C.- MAIN UNIT,Natural,Closed
"JACKSON, BILLY J",https://fdc.myflorida.com/OffenderSearch/detail.aspx?Page=Detail&DCNumber=T40088&TypeSearch=IR,08/04/2015,R.M.C.- MAIN UNIT,Natural,Closed
"JARMAN, KATHERINE N",https://fdc.myflorida.com/OffenderSearch/detail.aspx?Page=Detail&DCNumber=200816&TypeSearch=IR,08/04/2015,R.M.C.- MAIN UNIT,Natural,Closed
"HOWARD, QUONTA D",https://fdc.myflorida.com/OffenderSearch/detail.aspx?Page=Detail&DCNumber=H00025&TypeSearch=IR,08/04/2015,CHARLOTTE C.I.,Suicide,Closed (https://fdc.myflorida.com/pub/mortality/PDF/H00025.pdf)
"GREENHALGH, MARK F",https://fdc.myflorida.com/OffenderSearch/detail.aspx?Page=Detail&DCNumber=077811&TypeSearch=IR,08/05/2015,CROSS CITY C.I.,Natural,Closed
"BRIDGES, ARTHUR",https://fdc.myflorida.com/OffenderSearch/detail.aspx?Page=Detail&DCNumber=169696&TypeSearch=IR,08/06/2015,S.F.R.C.,Natural,Closed
"SMITH, CORY D",https://fdc.myflorida.com/OffenderSearch/detail.aspx?Page=Detail&DCNumber=S03180&TypeSearch=IR,08/07/2015,R.M.C.- MAIN UNIT,Natural,Closed
"DEPASQUALE, CHARLES",https://fdc.myflorida.com/OffenderSearch/detail.aspx?Page=Detail&DCNumber=L60522&TypeSearch=IR,08/08/2015,SUWANNEE C.I,Homicide,Closed (https://fdc.myflorida.com/pub/mortality/PDF/L60522.pdf)
"BOND, ANTHONY A",https://fdc.myflorida.com/OffenderSearch/detail.aspx?Page=Detail&DCNumber=726867&TypeSearch=IR,08/09/2015,R.M.C.- MAIN UNIT,Natural,Closed
"REGISTER, GLEN R",https://fdc.myflorida.com/OffenderSearch/detail.aspx?Page=Detail&DCNumber=884566&TypeSearch=IR,08/10/2015,R.M.C.- MAIN UNIT,Natural,Closed
"ROBACK, CRAIG E",https://fdc.myflorida.com/OffenderSearch/detail.aspx?Page=Detail&DCNumber=D97729&TypeSearch=IR,08/13/2015,COLUMBIA ANNEX,Homicide,Closed
"SHEPHERD, JAUNATHAN",https://fdc.myflorida.com/OffenderSearch/detail.aspx?Page=Detail&DCNumber=908333&TypeSearch=IR,08/13/2015,R.M.C.- WEST UNIT,Natural,Closed
"BENAYER, MARC",https://fdc.myflorida.com/OffenderSearch/detail.aspx?Page=Detail&DCNumber=B11012&TypeSearch=IR,08/15/2015,S.F.R.C.,Natural,Closed
"MONTERO, ANGEL L",https://fdc.myflorida.com/OffenderSearch/detail.aspx?Page=Detail&DCNumber=966271&TypeSearch=IR,08/16/2015,S.F.R.C.,Natural,Closed
"HINES, LAMONT D",https://fdc.myflorida.com/OffenderSearch/detail.aspx?Page=Detail&DCNumber=976055&TypeSearch=IR,08/17/2015,R.M.C.- MAIN UNIT,Natural,Closed
"KLECKNER, KIP L",https://fdc.myflorida.com/OffenderSearch/detail.aspx?Page=Detail&DCNumber=U48712&TypeSearch=IR,08/17/2015,R.M.C.- MAIN UNIT,Natural,Closed
"SUAREZ, JOSE L",https://fdc.myflorida.com/OffenderSearch/detail.aspx?Page=Detail&DCNumber=197151&TypeSearch=IR,08/18/2015,S.F.R.C.,Natural,Closed
"WHEELER, RANDEL E",https://fdc.myflorida.com/OffenderSearch/detail.aspx?Page=Detail&DCNumber=090370&TypeSearch=IR,08/19/2015,CFRC-SOUTH,Natural,Closed
"MULHOLLAND, RONALD",https://fdc.myflorida.com/OffenderSearch/detail.aspx?Page=Detail&DCNumber=104081&TypeSearch=IR,08/19/2015,R.M.C.- MAIN UNIT,Natural,Closed
"FREEMAN, CHARLES L",https://fdc.myflorida.com/OffenderSearch/detail.aspx?Page=Detail&DCNumber=827006&TypeSearch=IR,08/20/2015,R.M.C.- MAIN UNIT,Natural,Closed
"CAVAN, DENNIS E",https://fdc.myflorida.com/OffenderSearch/detail.aspx?Page=Detail&DCNumber=893493&TypeSearch=IR,08/22/2015,MARTIN C.I.,Natural,Closed
"HARTLEY, TERRY L",https://fdc.myflorida.com/OffenderSearch/detail.aspx?Page=Detail&DCNumber=021403&TypeSearch=IR,08/24/2015,S.F.R.C.,Natural,Closed
"SHEPHERD, EDWIN H",https://fdc.myflorida.com/OffenderSearch/detail.aspx?Page=Detail&DCNumber=C07285&TypeSearch=IR,08/24/2015,UNION C.I.,Natural,Closed
"JONES, STUMP L",https://fdc.myflorida.com/OffenderSearch/detail.aspx?Page=Detail&DCNumber=H00336&TypeSearch=IR,08/26/2015,GRACEVILLE C.F.,Natural,Closed
"HUGAN, ROOSEVELT",https://fdc.myflorida.com/OffenderSearch/detail.aspx?Page=Detail&DCNumber=509462&TypeSearch=IR,08/28/2015,HAMILTON ANNEX,Natural,Closed
"SANBORN, JAMES E",https://fdc.myflorida.com/OffenderSearch/detail.aspx?Page=Detail&DCNumber=079651&TypeSearch=IR,08/29/2015,ZEPHYRHILLS C.I.,Natural,Closed
"JENKINS, JACKIE",https://fdc.myflorida.com/OffenderSearch/detail.aspx?Page=Detail&DCNumber=317552&TypeSearch=IR,08/29/2015,NWFRC MAIN UNIT.,Homicide,Closed (https://fdc.myflorida.com/pub/mortality/PDF/317552.pdf)
"CHACON, RICHARD D",https://fdc.myflorida.com/OffenderSearch/detail.aspx?Page=Detail&DCNumber=872323&TypeSearch=IR,09/02/2015,R.M.C.- MAIN UNIT,Natural,Closed
"BOWLING, CLIFFORD J",https://fdc.myflorida.com/OffenderSearch/detail.aspx?Page=Detail&DCNumber=020405&TypeSearch=IR,09/04/2015,OKEECHOBEE C.I.,Natural,Closed
"EBARE, GARY M",https://fdc.myflorida.com/OffenderSearch/detail.aspx?Page=Detail&DCNumber=H45158&TypeSearch=IR,09/05/2015,R.M.C.- MAIN UNIT,Natural,Closed
"COLEY, GLENN",https://fdc.myflorida.com/OffenderSearch/detail.aspx?Page=Detail&DCNumber=032132&TypeSearch=IR,09/05/2015,WAKULLA C.I.,Natural,Closed
"EDWARDS, SCOTT A",https://fdc.myflorida.com/OffenderSearch/detail.aspx?Page=Detail&DCNumber=H42828&TypeSearch=IR,09/07/2015,R.M.C.- MAIN UNIT,Natural,Closed
"MARTINEZ, RAFAEL A",https://fdc.myflorida.com/OffenderSearch/detail.aspx?Page=Detail&DCNumber=400905&TypeSearch=IR,09/09/2015,S.F.R.C.,Natural,Closed
"MEDEIROS, JOHN E",https://fdc.myflorida.com/OffenderSearch/detail.aspx?Page=Detail&DCNumber=887059&TypeSearch=IR,09/09/2015,COLUMBIA ANNEX,Natural,Closed
"ANTOMARCHY, PENA R",https://fdc.myflorida.com/OffenderSearch/detail.aspx?Page=Detail&DCNumber=433666&TypeSearch=IR,09/10/2015,R.M.C.- MAIN UNIT,Natural,Closed
"VOLTZ, EDWARD",https://fdc.myflorida.com/OffenderSearch/detail.aspx?Page=Detail&DCNumber=B10198&TypeSearch=IR,09/11/2015,EVERGLADES C.I.,Natural,Closed
"SANDERS, TOMMY",https://fdc.myflorida.com/OffenderSearch/detail.aspx?Page=Detail&DCNumber=J02341&TypeSearch=IR,09/11/2015,SANTA ROSA ANNEX,Accident,Closed (https://fdc.myflorida.com/pub/mortality/PDF/J02341.pdf)
"JOHNSON, CHRISTIAN V",https://fdc.myflorida.com/OffenderSearch/detail.aspx?Page=Detail&DCNumber=U33629&TypeSearch=IR,09/13/2015,R.M.C.- MAIN UNIT,Natural,Closed
"CALLAHAN, WALTER",https://fdc.myflorida.com/OffenderSearch/detail.aspx?Page=Detail&DCNumber=H07049&TypeSearch=IR,09/14/2015,R.M.C.- MAIN UNIT,Natural,Closed
"GOODSON, SAM W",https://fdc.myflorida.com/OffenderSearch/detail.aspx?Page=Detail&DCNumber=699308&TypeSearch=IR,09/15/2015,R.M.C.- MAIN UNIT,Natural,Closed
"HARTLEY, DAVID W",https://fdc.myflorida.com/OffenderSearch/detail.aspx?Page=Detail&DCNumber=X00898&TypeSearch=IR,09/15/2015,R.M.C.- MAIN UNIT,Natural,Closed
"CHILDERS, ANTHONY P",https://fdc.myflorida.com/OffenderSearch/detail.aspx?Page=Detail&DCNumber=C01534&TypeSearch=IR,09/16/2015,R.M.C.- MAIN UNIT,Natural,Closed
"RUSSELL, DANIEL D",https://fdc.myflorida.com/OffenderSearch/detail.aspx?Page=Detail&DCNumber=Q06467&TypeSearch=IR,09/16/2015,HOLMES C.I.,Suicide,Closed (https://fdc.myflorida.com/pub/mortality/PDF/Q06467.pdf)
"MORRIS, TERRY D",https://fdc.myflorida.com/OffenderSearch/detail.aspx?Page=Detail&DCNumber=037512&TypeSearch=IR,09/17/2015,ZEPHYRHILLS C.I.,Natural,Closed
"ROBINSON, LEROY C",https://fdc.myflorida.com/OffenderSearch/detail.aspx?Page=Detail&DCNumber=117673&TypeSearch=IR,09/18/2015,R.M.C.- MAIN UNIT,Natural,Closed
"HARVEY, GARY W",https://fdc.myflorida.com/OffenderSearch/detail.aspx?Page=Detail&DCNumber=E39450&TypeSearch=IR,09/19/2015,R.M.C.- MAIN UNIT,Natural,Closed
"BLACK, LEWIS J",https://fdc.myflorida.com/OffenderSearch/detail.aspx?Page=Detail&DCNumber=063150&TypeSearch=IR,09/20/2015,APALACHEE EAST UNIT,Natural,Closed
"HUTCHESON, ALFRED M",https://fdc.myflorida.com/OffenderSearch/detail.aspx?Page=Detail&DCNumber=042910&TypeSearch=IR,09/21/2015,ZEPHYRHILLS C.I.,Natural,Closed
"HERRINGTON, AARON",https://fdc.myflorida.com/OffenderSearch/detail.aspx?Page=Detail&DCNumber=D15486&TypeSearch=IR,09/23/2015,R.M.C.- MAIN UNIT,Natural,Closed
"GIVENS, RONALD C",https://fdc.myflorida.com/OffenderSearch/detail.aspx?Page=Detail&DCNumber=629515&TypeSearch=IR,09/24/2015,JEFFERSON C.I.,Natural,Closed
"MULLIKIN, HAROLD B",https://fdc.myflorida.com/OffenderSearch/detail.aspx?Page=Detail&DCNumber=B10507&TypeSearch=IR,09/26/2015,S.F.R.C.,Natural,Closed
"JOHNSON, JEFFREY",https://fdc.myflorida.com/OffenderSearch/detail.aspx?Page=Detail&DCNumber=S19567&TypeSearch=IR,09/26/2015,R.M.C.- MAIN UNIT,Natural,Closed
"MCPHERSON, TERRY J",https://fdc.myflorida.com/OffenderSearch/detail.aspx?Page=Detail&DCNumber=P39377&TypeSearch=IR,09/26/2015,CENTURY C.I.,Natural,Closed
"LUNDY, JESSIE",https://fdc.myflorida.com/OffenderSearch/detail.aspx?Page=Detail&DCNumber=335835&TypeSearch=IR,09/28/2015,R.M.C.- MAIN UNIT,Natural,Closed
"JONES, JOHN P",https://fdc.myflorida.com/OffenderSearch/detail.aspx?Page=Detail&DCNumber=S27687&TypeSearch=IR,09/28/2015,WAKULLA ANNEX,Natural,Closed
"BEATTY, JON W",https://fdc.myflorida.com/OffenderSearch/detail.aspx?Page=Detail&DCNumber=C02932&TypeSearch=IR,09/30/2015,SANTA ROSA C.I.,Natural,Closed
"COLLINSWORTH, SCOTT D",https://fdc.myflorida.com/OffenderSearch/detail.aspx?Page=Detail&DCNumber=973720&TypeSearch=IR,10/02/2015,APALACHEE EAST UNIT,Homicide,Closed (https://fdc.myflorida.com/pub/mortality/PDF/973720.pdf)
"LAZARO, MIGUEL R",https://fdc.myflorida.com/OffenderSearch/detail.aspx?Page=Detail&DCNumber=W28949&TypeSearch=IR,10/03/2015,SANTA ROSA C.I.,Suicide,Closed (https://fdc.myflorida.com/pub/mortality/PDF/W28949.pdf)
"BREAZEALE, ROBERT",https://fdc.myflorida.com/OffenderSearch/detail.aspx?Page=Detail&DCNumber=060899&TypeSearch=IR,10/05/2015,R.M.C.- MAIN UNIT,Natural,Closed
"HOY, DARREL E",https://fdc.myflorida.com/OffenderSearch/detail.aspx?Page=Detail&DCNumber=052781&TypeSearch=IR,10/06/2015,R.M.C.- MAIN UNIT,Accident,Closed (https://fdc.myflorida.com/pub/mortality/PDF/052781.pdf)
"SPARKS, CHARLES L",https://fdc.myflorida.com/OffenderSearch/detail.aspx?Page=Detail&DCNumber=084291&TypeSearch=IR,10/06/2015,R.M.C.- MAIN UNIT,Natural,Closed
"BRUCE, WALTER J",https://fdc.myflorida.com/OffenderSearch/detail.aspx?Page=Detail&DCNumber=H20000&TypeSearch=IR,10/07/2015,R.M.C.- MAIN UNIT,Natural,Closed
"BRACY, ROGER L",https://fdc.myflorida.com/OffenderSearch/detail.aspx?Page=Detail&DCNumber=046036&TypeSearch=IR,10/07/2015,R.M.C.- MAIN UNIT,Natural,Closed
"BALL, ALBERT M",https://fdc.myflorida.com/OffenderSearch/detail.aspx?Page=Detail&DCNumber=P53917&TypeSearch=IR,10/08/2015,WALTON C.I.,Natural,Closed
"PRISTERA, ANTHONY",https://fdc.myflorida.com/OffenderSearch/detail.aspx?Page=Detail&DCNumber=L39408&TypeSearch=IR,10/09/2015,S.F.R.C.,Natural,Closed
"MATTOON, BRANDON S",https://fdc.myflorida.com/OffenderSearch/detail.aspx?Page=Detail&DCNumber=148340&TypeSearch=IR,10/10/2015,Bridges of Santa Fe,Accident,Closed (https://fdc.myflorida.com/pub/mortality/PDF/148340.pdf)
"SMITH, ASTLEY U",https://fdc.myflorida.com/OffenderSearch/detail.aspx?Page=Detail&DCNumber=063319&TypeSearch=IR,10/11/2015,S.F.R.C.,Natural,Closed
"LIMA, ROBERT G",https://fdc.myflorida.com/OffenderSearch/detail.aspx?Page=Detail&DCNumber=798739&TypeSearch=IR,10/13/2015,R.M.C.- MAIN UNIT,Natural,Closed
"GUADARRAMA-MELO, ALEX N",https://fdc.myflorida.com/OffenderSearch/detail.aspx?Page=Detail&DCNumber=T79958&TypeSearch=IR,10/14/2015,JACKSON C.I.,Natural,Closed
"GANGEMI, JOSEPH",https://fdc.myflorida.com/OffenderSearch/detail.aspx?Page=Detail&DCNumber=680636&TypeSearch=IR,10/14/2015,SANTA ROSA ANNEX,Natural,Closed
"BROWN, DANIEL",https://fdc.myflorida.com/OffenderSearch/detail.aspx?Page=Detail&DCNumber=005203&TypeSearch=IR,10/15/2015,DADE C.I.,Accident,Closed
"BLOODSAW, HANZEL E",https://fdc.myflorida.com/OffenderSearch/detail.aspx?Page=Detail&DCNumber=L07681&TypeSearch=IR,10/16/2015,DADE C.I.,Suicide,Closed (https://fdc.myflorida.com/pub/mortality/PDF/L07681.pdf)
"JENKINS, STEPHEN N",https://fdc.myflorida.com/OffenderSearch/detail.aspx?Page=Detail&DCNumber=113046&TypeSearch=IR,10/17/2015,GULF C.I.- ANNEX,Accident,Closed (https://fdc.myflorida.com/pub/mortality/PDF/113046.pdf)
"ALEXANDER, ARELIOUS",https://fdc.myflorida.com/OffenderSearch/detail.aspx?Page=Detail&DCNumber=030750&TypeSearch=IR,10/18/2015,R.M.C.- MAIN UNIT,Natural,Closed
"HIGGS, JAMES B",https://fdc.myflorida.com/OffenderSearch/detail.aspx?Page=Detail&DCNumber=103131&TypeSearch=IR,10/18/2015,S.F.R.C.,Natural,Closed
"BROWN, TENNIS A",https://fdc.myflorida.com/OffenderSearch/detail.aspx?Page=Detail&DCNumber=507342&TypeSearch=IR,10/20/2015,R.M.C.- MAIN UNIT,Natural,Closed
"GABRIEL, GERARD",https://fdc.myflorida.com/OffenderSearch/detail.aspx?Page=Detail&DCNumber=B00912&TypeSearch=IR,10/21/2015,SUWANNEE C.I,Homicide,Closed (https://fdc.myflorida.com/pub/mortality/PDF/B00912.pdf)
"SPELLS, TERRANCE",https://fdc.myflorida.com/OffenderSearch/detail.aspx?Page=Detail&DCNumber=663487&TypeSearch=IR,10/24/2015,R.M.C.- MAIN UNIT,Natural,Closed
"JONES, CLARENCE J",https://fdc.myflorida.com/OffenderSearch/detail.aspx?Page=Detail&DCNumber=117629&TypeSearch=IR,10/27/2015,UNION C.I.,Natural,Closed
"TURNER, MICHAEL W",https://fdc.myflorida.com/OffenderSearch/detail.aspx?Page=Detail&DCNumber=104142&TypeSearch=IR,10/28/2015,R.M.C.- MAIN UNIT,Natural,Closed
"TANNER, STEVEN",https://fdc.myflorida.com/OffenderSearch/detail.aspx?Page=Detail&DCNumber=246287&TypeSearch=IR,10/29/2015,CFRC-SOUTH,Natural,Closed
"CURRENT, BRANDON J",https://fdc.myflorida.com/OffenderSearch/detail.aspx?Page=Detail&DCNumber=K69629&TypeSearch=IR,11/01/2015,FLORIDA STATE PRISON,Natural,Closed (https://fdc.myflorida.com/pub/mortality/PDF/K69629.pdf)
"VALENZUELA, EDUARDO",https://fdc.myflorida.com/OffenderSearch/detail.aspx?Page=Detail&DCNumber=920832&TypeSearch=IR,11/01/2015,R.M.C.- MAIN UNIT,Natural,Closed
"KALISZ, JOHN W",https://fdc.myflorida.com/OffenderSearch/detail.aspx?Page=Detail&DCNumber=U38267&TypeSearch=IR,11/03/2015,FLORIDA STATE PRISON,Natural,Closed
"WORLING, JOHN S",https://fdc.myflorida.com/OffenderSearch/detail.aspx?Page=Detail&DCNumber=098706&TypeSearch=IR,11/03/2015,R.M.C.- MAIN UNIT,Natural,Closed
"BLACK, ALBERT P",https://fdc.myflorida.com/OffenderSearch/detail.aspx?Page=Detail&DCNumber=Y12120&TypeSearch=IR,11/03/2015,CFRC-SOUTH,Natural,Closed
"SCURRY, JAMES C",https://fdc.myflorida.com/OffenderSearch/detail.aspx?Page=Detail&DCNumber=862860&TypeSearch=IR,11/04/2015,R.M.C.- MAIN UNIT,Natural,Closed
"DILLOW, WILLIAM C",https://fdc.myflorida.com/OffenderSearch/detail.aspx?Page=Detail&DCNumber=D45679&TypeSearch=IR,11/04/2015,JEFFERSON C.I.,Homicide,Closed
"HUTCHINSON, ROBERT B",https://fdc.myflorida.com/OffenderSearch/detail.aspx?Page=Detail&DCNumber=S02621&TypeSearch=IR,11/05/2015,R.M.C.- MAIN UNIT,Natural,Closed
"LEATHERWOOD, LARRY",https://fdc.myflorida.com/OffenderSearch/detail.aspx?Page=Detail&DCNumber=421149&TypeSearch=IR,11/06/2015,FRANKLIN C.I.,Natural,Closed
"WHATLEY, JOHN C",https://fdc.myflorida.com/OffenderSearch/detail.aspx?Page=Detail&DCNumber=J20750&TypeSearch=IR,11/06/2015,R.M.C.- MAIN UNIT,Natural,Closed
"MALDONADO, SANTOS",https://fdc.myflorida.com/OffenderSearch/detail.aspx?Page=Detail&DCNumber=274090&TypeSearch=IR,11/07/2015,S.F.R.C.,Natural,Closed
"DRAKE, JAMES H",https://fdc.myflorida.com/OffenderSearch/detail.aspx?Page=Detail&DCNumber=672492&TypeSearch=IR,11/07/2015,S.F.R.C.,Natural,Closed
"HELLMAN, OTTO",https://fdc.myflorida.com/OffenderSearch/detail.aspx?Page=Detail&DCNumber=596004&TypeSearch=IR,11/07/2015,DESOTO ANNEX,Natural,Closed
"LABIT, PHILLIP M",https://fdc.myflorida.com/OffenderSearch/detail.aspx?Page=Detail&DCNumber=892342&TypeSearch=IR,11/08/2015,R.M.C.- MAIN UNIT,Natural,Closed
"MCMULLEN, MICHAEL",https://fdc.myflorida.com/OffenderSearch/detail.aspx?Page=Detail&DCNumber=C09179&TypeSearch=IR,11/09/2015,R.M.C.- MAIN UNIT,Natural,Closed
"MILLER, ROGER A",https://fdc.myflorida.com/OffenderSearch/detail.aspx?Page=Detail&DCNumber=685475&TypeSearch=IR,11/11/2015,S.F.R.C.,Natural,Closed
"JONES, NATHAN",https://fdc.myflorida.com/OffenderSearch/detail.aspx?Page=Detail&DCNumber=629256&TypeSearch=IR,11/11/2015,R.M.C.- MAIN UNIT,Natural,Closed
"JONES, DOUGLAS",https://fdc.myflorida.com/OffenderSearch/detail.aspx?Page=Detail&DCNumber=768250&TypeSearch=IR,11/13/2015,MOORE HAVEN C.F.,Suicide,Closed
"BROWN, LEROY",https://fdc.myflorida.com/OffenderSearch/detail.aspx?Page=Detail&DCNumber=B03856&TypeSearch=IR,11/16/2015,R.M.C.- MAIN UNIT,Natural,Closed (https://fdc.myflorida.com/pub/mortality/PDF/B03856.pdf)
"RIOS, EDGARDO",https://fdc.myflorida.com/OffenderSearch/detail.aspx?Page=Detail&DCNumber=347214&TypeSearch=IR,11/16/2015,GULF C.I.- ANNEX,Homicide,Closed (https://fdc.myflorida.com/pub/mortality/PDF/347214.pdf)
"DICKENS, ODIS",https://fdc.myflorida.com/OffenderSearch/detail.aspx?Page=Detail&DCNumber=341182&TypeSearch=IR,11/20/2015,SUWANNEE C.I. ANNEX,Natural,Closed
"DAVIS, CARSON H",https://fdc.myflorida.com/OffenderSearch/detail.aspx?Page=Detail&DCNumber=474526&TypeSearch=IR,11/23/2015,R.M.C.- MAIN UNIT,Natural,Closed
"TIDWELL, FREDERICK",https://fdc.myflorida.com/OffenderSearch/detail.aspx?Page=Detail&DCNumber=052044&TypeSearch=IR,11/24/2015,R.M.C.- MAIN UNIT,Natural,Closed
"FLEURY, KINLEY",https://fdc.myflorida.com/OffenderSearch/detail.aspx?Page=Detail&DCNumber=W06710&TypeSearch=IR,11/24/2015,MARTIN C.I.,Natural,Closed
"WILLS, DANNY L",https://fdc.myflorida.com/OffenderSearch/detail.aspx?Page=Detail&DCNumber=047609&TypeSearch=IR,11/24/2015,S.F.R.C.,Accident,Closed (https://fdc.myflorida.com/pub/mortality/PDF/047609.pdf)
"MORRISSETTE, BRUCE",https://fdc.myflorida.com/OffenderSearch/detail.aspx?Page=Detail&DCNumber=051126&TypeSearch=IR,11/25/2015,R.M.C.- MAIN UNIT,Natural,Closed
"ZINKIEWITZ, WALTER R",https://fdc.myflorida.com/OffenderSearch/detail.aspx?Page=Detail&DCNumber=481807&TypeSearch=IR,11/26/2015,S.F.R.C.,Natural,Closed (https://fdc.myflorida.com/pub/mortality/PDF/481807.pdf)
"RIDLEY, WALTER B",https://fdc.myflorida.com/OffenderSearch/detail.aspx?Page=Detail&DCNumber=001733&TypeSearch=IR,11/26/2015,R.M.C.- MAIN UNIT,Natural,Closed
"HURLEY, TIMOTHY J",https://fdc.myflorida.com/OffenderSearch/detail.aspx?Page=Detail&DCNumber=W30033&TypeSearch=IR,11/27/2015,NWFRC ANNEX.,Natural,Closed
"BURNSIDE, JAMES",https://fdc.myflorida.com/OffenderSearch/detail.aspx?Page=Detail&DCNumber=000909&TypeSearch=IR,11/27/2015,R.M.C.- MAIN UNIT,Natural,Closed
"CRESPO, SERVILIO",https://fdc.myflorida.com/OffenderSearch/detail.aspx?Page=Detail&DCNumber=086210&TypeSearch=IR,11/30/2015,S.F.R.C.,Natural,Closed
"KEASAL, CORY",https://fdc.myflorida.com/OffenderSearch/detail.aspx?Page=Detail&DCNumber=R18329&TypeSearch=IR,11/30/2015,R.M.C.- MAIN UNIT,Natural,Closed
"SELLERS, THOMAS E",https://fdc.myflorida.com/OffenderSearch/detail.aspx?Page=Detail&DCNumber=547803&TypeSearch=IR,12/02/2015,JACKSON C.I.,Natural,Closed
"BRITT, GLORIA J",https://fdc.myflorida.com/OffenderSearch/detail.aspx?Page=Detail&DCNumber=P26482&TypeSearch=IR,12/02/2015,R.M.C.- MAIN UNIT,Natural,Closed
"GAINES, VINCENT C",https://fdc.myflorida.com/OffenderSearch/detail.aspx?Page=Detail&DCNumber=547656&TypeSearch=IR,12/03/2015,UNION C.I.,Natural,Closed (https://fdc.myflorida.com/pub/mortality/PDF/547656.pdf)
"ROBINSON, JESSE B",https://fdc.myflorida.com/OffenderSearch/detail.aspx?Page=Detail&DCNumber=701251&TypeSearch=IR,12/04/2015,R.M.C.- MAIN UNIT,Natural,Closed
"KITCHEN, RAYMOND E",https://fdc.myflorida.com/OffenderSearch/detail.aspx?Page=Detail&DCNumber=P28158&TypeSearch=IR,12/04/2015,UNION C.I.,Natural,Closed
"MONTGOMERY, JESSIE J",https://fdc.myflorida.com/OffenderSearch/detail.aspx?Page=Detail&DCNumber=899916&TypeSearch=IR,12/05/2015,R.M.C.- MAIN UNIT,Natural,Closed
"THOMAS, ERVIN J",https://fdc.myflorida.com/OffenderSearch/detail.aspx?Page=Detail&DCNumber=P21009&TypeSearch=IR,12/06/2015,CENTURY WORK CAMP,Natural,Closed
"HOOKS, FRANKLIN D",https://fdc.myflorida.com/OffenderSearch/detail.aspx?Page=Detail&DCNumber=398349&TypeSearch=IR,12/08/2015,SANTA ROSA C.I.,Natural,Closed
"PERRY, JOHNNY B",https://fdc.myflorida.com/OffenderSearch/detail.aspx?Page=Detail&DCNumber=101082&TypeSearch=IR,12/09/2015,R.M.C.- MAIN UNIT,Natural,Closed
"GRAHAM, ODESSA",https://fdc.myflorida.com/OffenderSearch/detail.aspx?Page=Detail&DCNumber=960670&TypeSearch=IR,12/09/2015,LOWELL ANNEX,Natural,Closed
"KNOWELL, ROMOUNT C",https://fdc.myflorida.com/OffenderSearch/detail.aspx?Page=Detail&DCNumber=981539&TypeSearch=IR,12/09/2015,MARTIN C.I.,Natural,Closed
"BLAIR, PAUL J",https://fdc.myflorida.com/OffenderSearch/detail.aspx?Page=Detail&DCNumber=133806&TypeSearch=IR,12/11/2015,FRANKLIN C.I.,Natural,Closed
"GRANGER, FREDDIE L",https://fdc.myflorida.com/OffenderSearch/detail.aspx?Page=Detail&DCNumber=726347&TypeSearch=IR,12/12/2015,WALTON C.I.,Natural,Closed
"PARKER, TIMOTHY L",https://fdc.myflorida.com/OffenderSearch/detail.aspx?Page=Detail&DCNumber=206360&TypeSearch=IR,12/13/2015,R.M.C.- MAIN UNIT,Natural,Closed
"FRASER, CONSTANCE M",https://fdc.myflorida.com/OffenderSearch/detail.aspx?Page=Detail&DCNumber=928324&TypeSearch=IR,12/13/2015,LOWELL C.I.,Natural,Closed
"INNO, FRANKLIN C",https://fdc.myflorida.com/OffenderSearch/detail.aspx?Page=Detail&DCNumber=253447&TypeSearch=IR,12/14/2015,R.M.C.- MAIN UNIT,Natural,Closed
"ESPINAL, GABRIEL",https://fdc.myflorida.com/OffenderSearch/detail.aspx?Page=Detail&DCNumber=130416&TypeSearch=IR,12/15/2015,R.M.C.- MAIN UNIT,Natural,Closed
"BROWN, SAMUEL L",https://fdc.myflorida.com/OffenderSearch/detail.aspx?Page=Detail&DCNumber=975448&TypeSearch=IR,12/17/2015,DADE C.I.,Accident,Closed (https://fdc.myflorida.com/pub/mortality/PDF/975448.pdf)
"KIRKLIN, MICHAEL",https://fdc.myflorida.com/OffenderSearch/detail.aspx?Page=Detail&DCNumber=R39373&TypeSearch=IR,12/17/2015,APALACHEE EAST UNIT,Natural,Closed
"LININGER, CLYDE",https://fdc.myflorida.com/OffenderSearch/detail.aspx?Page=Detail&DCNumber=140010&TypeSearch=IR,12/17/2015,NWFRC MAIN UNIT.,Natural,Closed
"SESSIONS, ANTHONY",https://fdc.myflorida.com/OffenderSearch/detail.aspx?Page=Detail&DCNumber=099416&TypeSearch=IR,12/18/2015,CHARLOTTE C.I.,Natural,Closed
"JOHNSON, DANIEL K",https://fdc.myflorida.com/OffenderSearch/detail.aspx?Page=Detail&DCNumber=062588&TypeSearch=IR,12/18/2015,S.F.R.C.,Natural,Closed
"PRESTON, ROBERT",https://fdc.myflorida.com/OffenderSearch/detail.aspx?Page=Detail&DCNumber=072593&TypeSearch=IR,12/20/2015,UNION C.I.,Natural,Closed
"BETANCOURT, JOSE A",https://fdc.myflorida.com/OffenderSearch/detail.aspx?Page=Detail&DCNumber=486659&TypeSearch=IR,12/20/2015,R.M.C.- MAIN UNIT,Natural,Closed
"JOHNSTON, TAMMY L",https://fdc.myflorida.com/OffenderSearch/detail.aspx?Page=Detail&DCNumber=X89914&TypeSearch=IR,12/22/2015,R.M.C.- MAIN UNIT,Natural,Closed
"SMITH, ELIJAH",https://fdc.myflorida.com/OffenderSearch/detail.aspx?Page=Detail&DCNumber=198168&TypeSearch=IR,12/23/2015,EVERGLADES C.I.,Natural,Closed
"COOPER, VERNON R",https://fdc.myflorida.com/OffenderSearch/detail.aspx?Page=Detail&DCNumber=042748&TypeSearch=IR,12/23/2015,CROSS CITY C.I.,Natural,Closed
"HEATON, COLUMBUS",https://fdc.myflorida.com/OffenderSearch/detail.aspx?Page=Detail&DCNumber=N19054&TypeSearch=IR,12/24/2015,R.M.C.- MAIN UNIT,Natural,Closed
"PETRINGELO, WARREN D",https://fdc.myflorida.com/OffenderSearch/detail.aspx?Page=Detail&DCNumber=037501&TypeSearch=IR,12/26/2015,ZEPHYRHILLS C.I.,Natural,Closed
"LONG, CHARLES E",https://fdc.myflorida.com/OffenderSearch/detail.aspx?Page=Detail&DCNumber=079355&TypeSearch=IR,12/26/2015,S.F.R.C.,Natural,Closed
"UPTAGRAFFT, CURTIS P",https://fdc.myflorida.com/OffenderSearch/detail.aspx?Page=Detail&DCNumber=100698&TypeSearch=IR,12/27/2015,S.F.R.C SOUTH UNIT,Natural,Closed
"FORTE, GEORGE",https://fdc.myflorida.com/OffenderSearch/detail.aspx?Page=Detail&DCNumber=056006&TypeSearch=IR,12/27/2015,CFRC-SOUTH,Natural,Closed
"FREDERIQUE, ALEXANDRE",https://fdc.myflorida.com/OffenderSearch/detail.aspx?Page=Detail&DCNumber=L59629&TypeSearch=IR,12/27/2015,CHARLOTTE C.I.,Natural,Closed (https://fdc.myflorida.com/pub/mortality/PDF/L59629.pdf)
"TUFF, HERBERT L",https://fdc.myflorida.com/OffenderSearch/detail.aspx?Page=Detail&DCNumber=026164&TypeSearch=IR,12/28/2015,S.F.R.C.,Natural,Closed
"FILES, WILLIAM W",https://fdc.myflorida.com/OffenderSearch/detail.aspx?Page=Detail&DCNumber=038353&TypeSearch=IR,12/30/2015,GULF C.I.- ANNEX,Natural,Closed
"BELCHER, STEWART",https://fdc.myflorida.com/OffenderSearch/detail.aspx?Page=Detail&DCNumber=030537&TypeSearch=IR,12/30/2015,APALACHEE EAST UNIT,Natural,Closed
"HINTON, JAMES",https://fdc.myflorida.com/OffenderSearch/detail.aspx?Page=Detail&DCNumber=867140&TypeSearch=IR,12/30/2015,S.F.R.C.,Natural,Closed
"MOSS, ALBERT",https://fdc.myflorida.com/OffenderSearch/detail.aspx?Page=Detail&DCNumber=R37281&TypeSearch=IR,12/31/2015,R.M.C.- MAIN UNIT,Natural,Closed
"ANDERSON, BARRY",https://fdc.myflorida.com/OffenderSearch/detail.aspx?Page=Detail&DCNumber=040918&TypeSearch=IR,12/31/2015,DADE C.I.,Natural,Closed
"WILDER, KEVIN L",https://fdc.myflorida.com/OffenderSearch/detail.aspx?Page=Detail&DCNumber=686046&TypeSearch=IR,01/01/2016,S.F.R.C.,Natural,Closed
"MCGEE, BOBBY L",https://fdc.myflorida.com/OffenderSearch/detail.aspx?Page=Detail&DCNumber=C10302&TypeSearch=IR,01/01/2016,LAKE C.I.,Suicide,Closed (https://fdc.myflorida.com/pub/mortality/PDF/C10302.pdf)
"MANUAL, RICHARD J",https://fdc.myflorida.com/OffenderSearch/detail.aspx?Page=Detail&DCNumber=031225&TypeSearch=IR,01/04/2016,R.M.C.- MAIN UNIT,Natural,Closed
"MORA, JULIO",https://fdc.myflorida.com/OffenderSearch/detail.aspx?Page=Detail&DCNumber=L11003&TypeSearch=IR,01/04/2016,S.F.R.C.,Natural,Closed
"SUSSAN, ROBERT J",https://fdc.myflorida.com/OffenderSearch/detail.aspx?Page=Detail&DCNumber=J51798&TypeSearch=IR,01/04/2016,R.M.C.- MAIN UNIT,Natural,Closed
"JACKSON, JIMMIE R",https://fdc.myflorida.com/OffenderSearch/detail.aspx?Page=Detail&DCNumber=166896&TypeSearch=IR,01/07/2016,R.M.C.- MAIN UNIT,Natural,Closed
"BROWN, DALLAS",https://fdc.myflorida.com/OffenderSearch/detail.aspx?Page=Detail&DCNumber=114650&TypeSearch=IR,01/07/2016,R.M.C.- MAIN UNIT,Natural,Closed
"DYRE, LONNIE D",https://fdc.myflorida.com/OffenderSearch/detail.aspx?Page=Detail&DCNumber=043337&TypeSearch=IR,01/07/2016,R.M.C.- MAIN UNIT,Natural,Closed
"SHEPPARD, ALONZA",https://fdc.myflorida.com/OffenderSearch/detail.aspx?Page=Detail&DCNumber=657457&TypeSearch=IR,01/08/2016,GULF C.I.- ANNEX,Natural,Closed
"TAYLOR, CHESTER",https://fdc.myflorida.com/OffenderSearch/detail.aspx?Page=Detail&DCNumber=W04502&TypeSearch=IR,01/08/2016,R.M.C.- MAIN UNIT,Natural,Closed
"CORDERO-PENA, BELARMINO",https://fdc.myflorida.com/OffenderSearch/detail.aspx?Page=Detail&DCNumber=079105&TypeSearch=IR,01/09/2016,SANTA ROSA C.I.,Natural,Closed
"SNYDER, CHESTER P",https://fdc.myflorida.com/OffenderSearch/detail.aspx?Page=Detail&DCNumber=C07025&TypeSearch=IR,01/10/2016,R.M.C.- MAIN UNIT,Natural,Closed
"DANIEL, JAMIE L",https://fdc.myflorida.com/OffenderSearch/detail.aspx?Page=Detail&DCNumber=B03622&TypeSearch=IR,01/11/2016,S.F.R.C.,Natural,Closed
"BOZZUTO, RICHARD A",https://fdc.myflorida.com/OffenderSearch/detail.aspx?Page=Detail&DCNumber=U27506&TypeSearch=IR,01/12/2016,R.M.C.- MAIN UNIT,Natural,Closed
"WOODY, THOMAS",https://fdc.myflorida.com/OffenderSearch/detail.aspx?Page=Detail&DCNumber=V11266&TypeSearch=IR,01/12/2016,SUMTER C.I.,Natural,Closed
"WARDEH, AL Y",https://fdc.myflorida.com/OffenderSearch/detail.aspx?Page=Detail&DCNumber=140400&TypeSearch=IR,01/13/2016,CFRC-MAIN,Natural,Closed
"PAYNE, WILLIAM L",https://fdc.myflorida.com/OffenderSearch/detail.aspx?Page=Detail&DCNumber=936205&TypeSearch=IR,01/14/2016,R.M.C.- MAIN UNIT,Natural,Closed
"ALFONSO-GONZALEZ, HELIODORO",https://fdc.myflorida.com/OffenderSearch/detail.aspx?Page=Detail&DCNumber=104031&TypeSearch=IR,01/14/2016,SUMTER C.I.,Natural,Closed
"BARRO, JOSE A",https://fdc.myflorida.com/OffenderSearch/detail.aspx?Page=Detail&DCNumber=393540&TypeSearch=IR,01/14/2016,S.F.R.C.,Natural,Closed
"SPRIGGS, ELISHA H",https://fdc.myflorida.com/OffenderSearch/detail.aspx?Page=Detail&DCNumber=067947&TypeSearch=IR,01/14/2016,LAKE C.I.,Natural,Closed
"CONLEY, DWAYNE R",https://fdc.myflorida.com/OffenderSearch/detail.aspx?Page=Detail&DCNumber=958463&TypeSearch=IR,01/15/2016,DADE C.I.,Natural,Closed
"FULLER, SAMUEL E",https://fdc.myflorida.com/OffenderSearch/detail.aspx?Page=Detail&DCNumber=N18101&TypeSearch=IR,01/16/2016,R.M.C.- MAIN UNIT,Natural,Closed
"FRANKENREITER, RAYMOND A",https://fdc.myflorida.com/OffenderSearch/detail.aspx?Page=Detail&DCNumber=140458&TypeSearch=IR,01/20/2016,SOUTH BAY C.F.,Natural,Closed
"CAREY, ELGIN A",https://fdc.myflorida.com/OffenderSearch/detail.aspx?Page=Detail&DCNumber=K77704&TypeSearch=IR,01/21/2016,OKEECHOBEE C.I.,Accident,Closed (https://fdc.myflorida.com/pub/mortality/PDF/K77704.pdf)
"FARMER, DENNIS E",https://fdc.myflorida.com/OffenderSearch/detail.aspx?Page=Detail&DCNumber=050256&TypeSearch=IR,01/22/2016,SOUTH BAY C.F.,Natural,Closed
"CURTIS, FRANKLIN",https://fdc.myflorida.com/OffenderSearch/detail.aspx?Page=Detail&DCNumber=063949&TypeSearch=IR,01/22/2016,SUMTER C.I.,Natural,Closed
"ADAMS, DAVID G",https://fdc.myflorida.com/OffenderSearch/detail.aspx?Page=Detail&DCNumber=561340&TypeSearch=IR,01/23/2016,R.M.C.- MAIN UNIT,Natural,Closed
"MOORE, WALTER L",https://fdc.myflorida.com/OffenderSearch/detail.aspx?Page=Detail&DCNumber=823500&TypeSearch=IR,01/23/2016,S.F.R.C.,Natural,Closed
"CHRISTIANSON, MARTIN L",https://fdc.myflorida.com/OffenderSearch/detail.aspx?Page=Detail&DCNumber=P43896&TypeSearch=IR,01/24/2016,S.F.R.C.,Natural,Closed
"BROWN, GARRETT E",https://fdc.myflorida.com/OffenderSearch/detail.aspx?Page=Detail&DCNumber=915296&TypeSearch=IR,01/25/2016,R.M.C.- MAIN UNIT,Natural,Closed
"DAVIS, REGINALD",https://fdc.myflorida.com/OffenderSearch/detail.aspx?Page=Detail&DCNumber=B11446&TypeSearch=IR,01/25/2016,CHARLOTTE C.I.,Suicide,Closed (https://fdc.myflorida.com/pub/mortality/PDF/B11446.pdf)
"SODDU, VINCI P",https://fdc.myflorida.com/OffenderSearch/detail.aspx?Page=Detail&DCNumber=661088&TypeSearch=IR,01/27/2016,R.M.C.- MAIN UNIT,Natural,Closed
"REEVES, JAMES G",https://fdc.myflorida.com/OffenderSearch/detail.aspx?Page=Detail&DCNumber=595067&TypeSearch=IR,01/28/2016,COLUMBIA C.I.,Natural,Closed
"CRONEY, BARBREE L",https://fdc.myflorida.com/OffenderSearch/detail.aspx?Page=Detail&DCNumber=099912&TypeSearch=IR,01/28/2016,S.F.R.C.,Natural,Closed
"CARTER, CLAYTON B",https://fdc.myflorida.com/OffenderSearch/detail.aspx?Page=Detail&DCNumber=562152&TypeSearch=IR,01/29/2016,HOLMES WORK CAMP,Natural,Closed
"FINLEY, MARK D",https://fdc.myflorida.com/OffenderSearch/detail.aspx?Page=Detail&DCNumber=C02659&TypeSearch=IR,01/29/2016,R.M.C.- MAIN UNIT,Natural,Closed
"GUBERMAN, MICHAEL S",https://fdc.myflorida.com/OffenderSearch/detail.aspx?Page=Detail&DCNumber=B11932&TypeSearch=IR,02/01/2016,CHARLOTTE C.I.,Natural,Closed
"FOWLER, SHAWN R",https://fdc.myflorida.com/OffenderSearch/detail.aspx?Page=Detail&DCNumber=J04117&TypeSearch=IR,02/01/2016,FRANKLIN C.I.,Homicide,OPEN-FDLE
"BAXTER, RONALD L",https://fdc.myflorida.com/OffenderSearch/detail.aspx?Page=Detail&DCNumber=015215&TypeSearch=IR,02/05/2016,ZEPHYRHILLS C.I.,Natural,Closed
"COLLIER, CASTERDERO",https://fdc.myflorida.com/OffenderSearch/detail.aspx?Page=Detail&DCNumber=829726&TypeSearch=IR,02/05/2016,NWFRC MAIN UNIT.,Natural,Closed
"VIOLET, GARY L",https://fdc.myflorida.com/OffenderSearch/detail.aspx?Page=Detail&DCNumber=B11955&TypeSearch=IR,02/06/2016,S.F.R.C SOUTH UNIT,Natural,Closed
"GULLO, JOSEPH R",https://fdc.myflorida.com/OffenderSearch/detail.aspx?Page=Detail&DCNumber=N03782&TypeSearch=IR,02/08/2016,APALACHEE EAST UNIT,Suicide,Closed (https://fdc.myflorida.com/pub/mortality/PDF/N03782.pdf)
"PYE, FREDRICK",https://fdc.myflorida.com/OffenderSearch/detail.aspx?Page=Detail&DCNumber=L53396&TypeSearch=IR,02/09/2016,S.F.R.C.,Natural,Closed
"SPAIN, TIMOTHY R",https://fdc.myflorida.com/OffenderSearch/detail.aspx?Page=Detail&DCNumber=V18249&TypeSearch=IR,02/10/2016,R.M.C.- MAIN UNIT,Natural,Closed
"MCMULLIN, WILLIAM M",https://fdc.myflorida.com/OffenderSearch/detail.aspx?Page=Detail&DCNumber=255206&TypeSearch=IR,02/11/2016,R.M.C.- MAIN UNIT,Natural,Closed
"WEBB, EDWARD C",https://fdc.myflorida.com/OffenderSearch/detail.aspx?Page=Detail&DCNumber=I07108&TypeSearch=IR,02/12/2016,R.M.C.- MAIN UNIT,Natural,Closed
"MENDIOLA, LORI A",https://fdc.myflorida.com/OffenderSearch/detail.aspx?Page=Detail&DCNumber=N22645&TypeSearch=IR,02/12/2016,LOWELL ANNEX,Natural,Closed
"MORGAN, TOMMY",https://fdc.myflorida.com/OffenderSearch/detail.aspx?Page=Detail&DCNumber=028889&TypeSearch=IR,02/12/2016,R.M.C.- MAIN UNIT,Natural,Closed
"HERNANDEZ, GUADALUPE",https://fdc.myflorida.com/OffenderSearch/detail.aspx?Page=Detail&DCNumber=156913&TypeSearch=IR,02/15/2016,LOWELL ANNEX,Natural,Closed
"ANDERSON, HANS C",https://fdc.myflorida.com/OffenderSearch/detail.aspx?Page=Detail&DCNumber=925481&TypeSearch=IR,02/17/2016,TOMOKA C.I.,Homicide,Closed (https://fdc.myflorida.com/pub/mortality/PDF/925481.pdf)
"PORTER, GEORGE",https://fdc.myflorida.com/OffenderSearch/detail.aspx?Page=Detail&DCNumber=110825&TypeSearch=IR,02/19/2016,R.M.C.- MAIN UNIT,Natural,Closed
"SCHUTZ, TONYA M",https://fdc.myflorida.com/OffenderSearch/detail.aspx?Page=Detail&DCNumber=T28808&TypeSearch=IR,02/19/2016,LOWELL WORK CAMP,Natural,Closed
"SCOTT, REGINALD D",https://fdc.myflorida.com/OffenderSearch/detail.aspx?Page=Detail&DCNumber=335771&TypeSearch=IR,02/20/2016,LAKE C.I.,Natural,Closed
"SHACKELFORD, VINCENT R",https://fdc.myflorida.com/OffenderSearch/detail.aspx?Page=Detail&DCNumber=912172&TypeSearch=IR,02/21/2016,R.M.C.- MAIN UNIT,Natural,Closed
"JAMES, WILLIAM",https://fdc.myflorida.com/OffenderSearch/detail.aspx?Page=Detail&DCNumber=125458&TypeSearch=IR,02/22/2016,LAKE C.I.,Natural,Closed (https://fdc.myflorida.com/pub/mortality/PDF/125458.pdf)
"HORNSBY, CLARENCE",https://fdc.myflorida.com/OffenderSearch/detail.aspx?Page=Detail&DCNumber=020242&TypeSearch=IR,02/23/2016,SANTA ROSA C.I.,Natural,Closed
"SIMPSON, WILLIE C",https://fdc.myflorida.com/OffenderSearch/detail.aspx?Page=Detail&DCNumber=053117&TypeSearch=IR,02/24/2016,CHARLOTTE C.I.,Natural,Closed
"LHEUREUX, RICHARD L",https://fdc.myflorida.com/OffenderSearch/detail.aspx?Page=Detail&DCNumber=659221&TypeSearch=IR,02/25/2016,COLUMBIA ANNEX,Natural,Closed (https://fdc.myflorida.com/pub/mortality/PDF/659221.pdf)
"ROOT, HERMAN",https://fdc.myflorida.com/OffenderSearch/detail.aspx?Page=Detail&DCNumber=087465&TypeSearch=IR,02/26/2016,EVERGLADES C.I.,Natural,Closed
"ROQUE, ANTONIO L",https://fdc.myflorida.com/OffenderSearch/detail.aspx?Page=Detail&DCNumber=X04923&TypeSearch=IR,02/26/2016,S.F.R.C.,Natural,Closed
"PARKER, ERIC J",https://fdc.myflorida.com/OffenderSearch/detail.aspx?Page=Detail&DCNumber=X36216&TypeSearch=IR,02/27/2016,WAKULLA ANNEX,Natural,Closed
"RHODES, RONALD L",https://fdc.myflorida.com/OffenderSearch/detail.aspx?Page=Detail&DCNumber=T20318&TypeSearch=IR,03/01/2016,R.M.C.- MAIN UNIT,Natural,Closed
"ROANE, NELSON L",https://fdc.myflorida.com/OffenderSearch/detail.aspx?Page=Detail&DCNumber=W28212&TypeSearch=IR,03/02/2016,R.M.C.- MAIN UNIT,Natural,Closed
"PURWIN, STEPHEN W",https://fdc.myflorida.com/OffenderSearch/detail.aspx?Page=Detail&DCNumber=066030&TypeSearch=IR,03/04/2016,R.M.C.- MAIN UNIT,Natural,Closed
"MURPHY, JOSEPH J",https://fdc.myflorida.com/OffenderSearch/detail.aspx?Page=Detail&DCNumber=113855&TypeSearch=IR,03/04/2016,OKEECHOBEE C.I.,Accident,Closed (https://fdc.myflorida.com/pub/mortality/PDF/113855.pdf)
"FOSTER, WILLIE J",https://fdc.myflorida.com/OffenderSearch/detail.aspx?Page=Detail&DCNumber=545774&TypeSearch=IR,03/05/2016,R.M.C.- MAIN UNIT,Natural,Closed
"CAVEDO, LUIZMAR",https://fdc.myflorida.com/OffenderSearch/detail.aspx?Page=Detail&DCNumber=L39807&TypeSearch=IR,03/06/2016,WAKULLA C.I.,Natural,Closed
"TAYLOR, THOMAS",https://fdc.myflorida.com/OffenderSearch/detail.aspx?Page=Detail&DCNumber=047603&TypeSearch=IR,03/07/2016,R.M.C.- MAIN UNIT,Natural,Closed
"ORTIZ, JOSE L",https://fdc.myflorida.com/OffenderSearch/detail.aspx?Page=Detail&DCNumber=052513&TypeSearch=IR,03/07/2016,R.M.C.- MAIN UNIT,Natural,Closed
"BAKER, MICHAEL D",https://fdc.myflorida.com/OffenderSearch/detail.aspx?Page=Detail&DCNumber=889183&TypeSearch=IR,03/09/2016,SANTA ROSA C.I.,Natural,Closed
"MORROW, HARRY W",https://fdc.myflorida.com/OffenderSearch/detail.aspx?Page=Detail&DCNumber=080181&TypeSearch=IR,03/10/2016,R.M.C.- MAIN UNIT,Natural,Closed
"MILLER, IRVIN",https://fdc.myflorida.com/OffenderSearch/detail.aspx?Page=Detail&DCNumber=013554&TypeSearch=IR,03/10/2016,S.F.R.C.,Natural,Closed
"STEARNS, JOEL",https://fdc.myflorida.com/OffenderSearch/detail.aspx?Page=Detail&DCNumber=929100&TypeSearch=IR,03/10/2016,MOORE HAVEN C.F.,Natural,Closed
"PERION, WAYNE L",https://fdc.myflorida.com/OffenderSearch/detail.aspx?Page=Detail&DCNumber=924277&TypeSearch=IR,03/11/2016,R.M.C.- MAIN UNIT,Natural,Closed
"VIDAL, ANTHONY R",https://fdc.myflorida.com/OffenderSearch/detail.aspx?Page=Detail&DCNumber=431632&TypeSearch=IR,03/11/2016,DADE C.I.,Homicide,OPEN-MDPD/FDLE
"TYRE, RONALD W",https://fdc.myflorida.com/OffenderSearch/detail.aspx?Page=Detail&DCNumber=019823&TypeSearch=IR,03/11/2016,R.M.C.- MAIN UNIT,Natural,Closed
"HOWARD, KENNETH T",https://fdc.myflorida.com/OffenderSearch/detail.aspx?Page=Detail&DCNumber=696466&TypeSearch=IR,03/11/2016,R.M.C.- MAIN UNIT,Natural,Closed
"WELCH, SAMUEL J",https://fdc.myflorida.com/OffenderSearch/detail.aspx?Page=Detail&DCNumber=Q00124&TypeSearch=IR,03/12/2016,GRACEVILLE C.F.,Natural,Closed
"EVANS, JOHNNY M",https://fdc.myflorida.com/OffenderSearch/detail.aspx?Page=Detail&DCNumber=019283&TypeSearch=IR,03/12/2016,SANTA ROSA ANNEX,Natural,Closed
"NEWSOME, MICHAEL F",https://fdc.myflorida.com/OffenderSearch/detail.aspx?Page=Detail&DCNumber=149272&TypeSearch=IR,03/13/2016,R.M.C.- MAIN UNIT,Natural,Closed
"WILLIAMS, J.T.",https://fdc.myflorida.com/OffenderSearch/detail.aspx?Page=Detail&DCNumber=023651&TypeSearch=IR,03/13/2016,R.M.C.- MAIN UNIT,Natural,Closed
"CONYERS, JOHN L",https://fdc.myflorida.com/OffenderSearch/detail.aspx?Page=Detail&DCNumber=482423&TypeSearch=IR,03/13/2016,SUMTER C.I.,Natural,Closed
"SPARKS, DANIEL F",https://fdc.myflorida.com/OffenderSearch/detail.aspx?Page=Detail&DCNumber=199895&TypeSearch=IR,03/14/2016,R.M.C.- MAIN UNIT,Natural,Closed
"BONADIE, ROBERT E",https://fdc.myflorida.com/OffenderSearch/detail.aspx?Page=Detail&DCNumber=127428&TypeSearch=IR,03/15/2016,R.M.C.- MAIN UNIT,Natural,Closed
"LABOMBARD, DONALD H",https://fdc.myflorida.com/OffenderSearch/detail.aspx?Page=Detail&DCNumber=115049&TypeSearch=IR,03/16/2016,AVON PARK C.I.,Natural,Closed
"JACOBS, JAMES C",https://fdc.myflorida.com/OffenderSearch/detail.aspx?Page=Detail&DCNumber=077014&TypeSearch=IR,03/17/2016,ZEPHYRHILLS C.I.,Natural,Closed
"WAY, CLAYTON",https://fdc.myflorida.com/OffenderSearch/detail.aspx?Page=Detail&DCNumber=039963&TypeSearch=IR,03/17/2016,UNION C.I.,Natural,Closed
"RUHNKE, DAVID",https://fdc.myflorida.com/OffenderSearch/detail.aspx?Page=Detail&DCNumber=748267&TypeSearch=IR,03/17/2016,CROSS CITY C.I.,Accident,Closed (https://fdc.myflorida.com/pub/mortality/PDF/748267.pdf)
"SMITH, LARRY D",https://fdc.myflorida.com/OffenderSearch/detail.aspx?Page=Detail&DCNumber=J16403&TypeSearch=IR,03/20/2016,GRACEVILLE C.F.,Natural,Closed
"TROCHE, ANGEL",https://fdc.myflorida.com/OffenderSearch/detail.aspx?Page=Detail&DCNumber=B13906&TypeSearch=IR,03/22/2016,R.M.C.- MAIN UNIT,Natural,Closed
"HALL, JAMES R",https://fdc.myflorida.com/OffenderSearch/detail.aspx?Page=Detail&DCNumber=026490&TypeSearch=IR,03/24/2016,WAKULLA ANNEX,Natural,Closed
"COLLINS, JIMMY D",https://fdc.myflorida.com/OffenderSearch/detail.aspx?Page=Detail&DCNumber=U51384&TypeSearch=IR,03/24/2016,WAKULLA C.I.,Natural,Closed
"MELOON, HAROLD C",https://fdc.myflorida.com/OffenderSearch/detail.aspx?Page=Detail&DCNumber=046804&TypeSearch=IR,03/25/2016,R.M.C.- MAIN UNIT,Natural,Closed
"KELLY, WAYNE L",https://fdc.myflorida.com/OffenderSearch/detail.aspx?Page=Detail&DCNumber=D84891&TypeSearch=IR,03/25/2016,UNION C.I.,Natural,Closed
"HERNANDEZ, PEDRO",https://fdc.myflorida.com/OffenderSearch/detail.aspx?Page=Detail&DCNumber=199977&TypeSearch=IR,03/27/2016,MARTIN C.I.,Natural,Closed (https://fdc.myflorida.com/pub/mortality/PDF/199977.pdf)
"GRECCO, DOMINICK",https://fdc.myflorida.com/OffenderSearch/detail.aspx?Page=Detail&DCNumber=C06628&TypeSearch=IR,03/27/2016,R.M.C.- MAIN UNIT,Natural,Closed
"GALLAGHER, GERALD E",https://fdc.myflorida.com/OffenderSearch/detail.aspx?Page=Detail&DCNumber=059349&TypeSearch=IR,03/27/2016,R.M.C.- MAIN UNIT,Natural,Closed
"DUKESHIRE, CAROLYN",https://fdc.myflorida.com/OffenderSearch/detail.aspx?Page=Detail&DCNumber=K09133&TypeSearch=IR,03/28/2016,R.M.C.- MAIN UNIT,Natural,Closed
"COWART, JOHN W",https://fdc.myflorida.com/OffenderSearch/detail.aspx?Page=Detail&DCNumber=033680&TypeSearch=IR,03/31/2016,R.M.C.- MAIN UNIT,Natural,Closed
"CARTER, DAVID F",https://fdc.myflorida.com/OffenderSearch/detail.aspx?Page=Detail&DCNumber=815807&TypeSearch=IR,04/01/2016,R.M.C.- MAIN UNIT,Natural,Closed
"PACH, FRANCIS S",https://fdc.myflorida.com/OffenderSearch/detail.aspx?Page=Detail&DCNumber=T59645&TypeSearch=IR,04/02/2016,R.M.C.- MAIN UNIT,Natural,Closed
"FRAZIER, BOBBY",https://fdc.myflorida.com/OffenderSearch/detail.aspx?Page=Detail&DCNumber=052635&TypeSearch=IR,04/03/2016,DADE C.I.,Natural,Closed
"MANN, HAROLD J",https://fdc.myflorida.com/OffenderSearch/detail.aspx?Page=Detail&DCNumber=415671&TypeSearch=IR,04/03/2016,R.M.C.- MAIN UNIT,Natural,Closed
"GIVENS, MARK",https://fdc.myflorida.com/OffenderSearch/detail.aspx?Page=Detail&DCNumber=445726&TypeSearch=IR,04/04/2016,MARTIN C.I.,Natural,Closed
"DEEN, MICHAEL D",https://fdc.myflorida.com/OffenderSearch/detail.aspx?Page=Detail&DCNumber=625130&TypeSearch=IR,04/04/2016,R.M.C.- MAIN UNIT,Natural,Closed
"CASTRO, REYNALDO M",https://fdc.myflorida.com/OffenderSearch/detail.aspx?Page=Detail&DCNumber=B06271&TypeSearch=IR,04/05/2016,S.F.R.C.,Natural,Closed
"RODRIGUEZ, JASON S",https://fdc.myflorida.com/OffenderSearch/detail.aspx?Page=Detail&DCNumber=X84347&TypeSearch=IR,04/05/2016,COLUMBIA ANNEX,Suicide,Closed (https://fdc.myflorida.com/pub/mortality/PDF/X84347.pdf)
"WHITE, TARA A",https://fdc.myflorida.com/OffenderSearch/detail.aspx?Page=Detail&DCNumber=T30039&TypeSearch=IR,04/08/2016,LOWELL ANNEX,Natural,Closed
"DENGLER, DANIEL J",https://fdc.myflorida.com/OffenderSearch/detail.aspx?Page=Detail&DCNumber=125178&TypeSearch=IR,04/16/2016,R.M.C.- MAIN UNIT,Natural,Closed
"ROMANO, TONY",https://fdc.myflorida.com/OffenderSearch/detail.aspx?Page=Detail&DCNumber=B05029&TypeSearch=IR,04/22/2016,WAKULLA C.I.,Natural,Closed
"SIMPSON, CALVIN R",https://fdc.myflorida.com/OffenderSearch/detail.aspx?Page=Detail&DCNumber=608046&TypeSearch=IR,04/22/2016,R.M.C.- MAIN UNIT,Natural,Closed
"EVENS, JEVON K",https://fdc.myflorida.com/OffenderSearch/detail.aspx?Page=Detail&DCNumber=G20951&TypeSearch=IR,04/23/2016,GRACEVILLE C.F.,Natural,Closed
"JAMES, JIMMIE F",https://fdc.myflorida.com/OffenderSearch/detail.aspx?Page=Detail&DCNumber=371067&TypeSearch=IR,04/24/2016,R.M.C.- MAIN UNIT,Natural,Closed
"JAMES, LASHUN C",https://fdc.myflorida.com/OffenderSearch/detail.aspx?Page=Detail&DCNumber=154058&TypeSearch=IR,04/30/2016,FL.WOMENS RECPN.CTR,Natural,Closed
"DESCAULT, RONALD R",https://fdc.myflorida.com/OffenderSearch/detail.aspx?Page=Detail&DCNumber=130635&TypeSearch=IR,05/01/2016,R.M.C.- MAIN UNIT,Natural,Closed
"EDMOND, IZELL",https://fdc.myflorida.com/OffenderSearch/detail.aspx?Page=Detail&DCNumber=033138&TypeSearch=IR,05/02/2016,UNION C.I.,Natural,Closed
"GARCIA-CAMPO, AURELIANO",https://fdc.myflorida.com/OffenderSearch/detail.aspx?Page=Detail&DCNumber=K76440&TypeSearch=IR,05/04/2016,S.F.R.C.,Natural,Closed
"MCCORD, LARRY A",https://fdc.myflorida.com/OffenderSearch/detail.aspx?Page=Detail&DCNumber=069091&TypeSearch=IR,05/04/2016,NWFRC MAIN UNIT.,Natural,Closed
"JONES, CLARENCE L",https://fdc.myflorida.com/OffenderSearch/detail.aspx?Page=Detail&DCNumber=095749&TypeSearch=IR,05/08/2016,R.M.C.- MAIN UNIT,Natural,Closed
"MACON, BRIAN C",https://fdc.myflorida.com/OffenderSearch/detail.aspx?Page=Detail&DCNumber=B07844&TypeSearch=IR,05/08/2016,OKEECHOBEE C.I.,Natural,Closed
"GRAYSON, MICHAEL",https://fdc.myflorida.com/OffenderSearch/detail.aspx?Page=Detail&DCNumber=T72469&TypeSearch=IR,05/09/2016,SANTA ROSA ANNEX,Natural,Closed
"SIMMONS, RICHARD W",https://fdc.myflorida.com/OffenderSearch/detail.aspx?Page=Detail&DCNumber=V39630&TypeSearch=IR,05/10/2016,R.M.C.- MAIN UNIT,Natural,Closed
"PRYOR, CHARLIE B",https://fdc.myflorida.com/OffenderSearch/detail.aspx?Page=Detail&DCNumber=786077&TypeSearch=IR,05/11/2016,S.F.R.C.,Natural,Closed
"PETERS, MARSHALL D",https://fdc.myflorida.com/OffenderSearch/detail.aspx?Page=Detail&DCNumber=J50347&TypeSearch=IR,05/12/2016,R.M.C.- MAIN UNIT,Natural,Closed (https://fdc.myflorida.com/pub/mortality/PDF/J50347.pdf)
"CEDENO, VICTOR",https://fdc.myflorida.com/OffenderSearch/detail.aspx?Page=Detail&DCNumber=L63849&TypeSearch=IR,05/14/2016,S.F.R.C.,Natural,Closed
"MAINGRETTE, GARY",https://fdc.myflorida.com/OffenderSearch/detail.aspx?Page=Detail&DCNumber=148190&TypeSearch=IR,05/15/2016,R.M.C.- MAIN UNIT,Natural,Closed
"DIFRANCESCO, ANDREW",https://fdc.myflorida.com/OffenderSearch/detail.aspx?Page=Detail&DCNumber=W51811&TypeSearch=IR,05/15/2016,DADE C.I.,Suicide,Closed (https://fdc.myflorida.com/pub/mortality/PDF/W51811.pdf)
"BARNEY, CECIL R",https://fdc.myflorida.com/OffenderSearch/detail.aspx?Page=Detail&DCNumber=046221&TypeSearch=IR,05/16/2016,R.M.C.- MAIN UNIT,Natural,Closed
"ROSE, KELLY D",https://fdc.myflorida.com/OffenderSearch/detail.aspx?Page=Detail&DCNumber=J12529&TypeSearch=IR,05/16/2016,LOWELL ANNEX,Natural,Closed
"JIMENEZ, JUAN",https://fdc.myflorida.com/OffenderSearch/detail.aspx?Page=Detail&DCNumber=134788&TypeSearch=IR,05/17/2016,S.F.R.C.,Natural,Closed
"DAMPIER, ROY A",https://fdc.myflorida.com/OffenderSearch/detail.aspx?Page=Detail&DCNumber=761203&TypeSearch=IR,05/18/2016,CFRC-MAIN,Natural,Closed
"KITCHEN, KENNETH L",https://fdc.myflorida.com/OffenderSearch/detail.aspx?Page=Detail&DCNumber=K70033&TypeSearch=IR,05/23/2016,DADE C.I.,Natural,Closed
"JACKSON, DANNY T",https://fdc.myflorida.com/OffenderSearch/detail.aspx?Page=Detail&DCNumber=Q22809&TypeSearch=IR,05/23/2016,CALHOUN C.I.,Accident,Closed (https://fdc.myflorida.com/pub/mortality/PDF/Q22809.pdf)
"EDMUNDS, JAMES L",https://fdc.myflorida.com/OffenderSearch/detail.aspx?Page=Detail&DCNumber=315492&TypeSearch=IR,05/23/2016,R.M.C.- MAIN UNIT,Natural,Closed
"JOHNSON, LENARD",https://fdc.myflorida.com/OffenderSearch/detail.aspx?Page=Detail&DCNumber=T60825&TypeSearch=IR,05/25/2016,R.M.C.- MAIN UNIT,Natural,Closed
"LEMON, GEORGE",https://fdc.myflorida.com/OffenderSearch/detail.aspx?Page=Detail&DCNumber=017548&TypeSearch=IR,05/26/2016,R.M.C.- MAIN UNIT,Natural,Closed
"RUNDELL, ANITA",https://fdc.myflorida.com/OffenderSearch/detail.aspx?Page=Detail&DCNumber=156364&TypeSearch=IR,05/27/2016,R.M.C.- MAIN UNIT,Natural,Closed
"STACKS, WILLIAM",https://fdc.myflorida.com/OffenderSearch/detail.aspx?Page=Detail&DCNumber=929581&TypeSearch=IR,05/27/2016,R.M.C.- MAIN UNIT,Natural,Closed
"LAWRENCE, DAVID",https://fdc.myflorida.com/OffenderSearch/detail.aspx?Page=Detail&DCNumber=999236&TypeSearch=IR,05/28/2016,CROSS CITY C.I.,Natural,Closed
"PERKINS, SCOTT",https://fdc.myflorida.com/OffenderSearch/detail.aspx?Page=Detail&DCNumber=922222&TypeSearch=IR,05/29/2016,DADE C.I.,Suicide,Closed (https://fdc.myflorida.com/pub/mortality/PDF/922222.pdf)
"SKINNER, RONALD",https://fdc.myflorida.com/OffenderSearch/detail.aspx?Page=Detail&DCNumber=113828&TypeSearch=IR,05/30/2016,HAMILTON ANNEX,Natural,Closed (https://fdc.myflorida.com/pub/mortality/PDF/113828.pdf)
"DORSEY, STEVEN",https://fdc.myflorida.com/OffenderSearch/detail.aspx?Page=Detail&DCNumber=C06907&TypeSearch=IR,05/30/2016,COLUMBIA ANNEX,Homicide,Closed (https://fdc.myflorida.com/pub/mortality/PDF/C06907.pdf)
"AUGELLO, JAMES",https://fdc.myflorida.com/OffenderSearch/detail.aspx?Page=Detail&DCNumber=291758&TypeSearch=IR,05/31/2016,R.M.C.- MAIN UNIT,Natural,Closed
"HANICLES, JULIAN",https://fdc.myflorida.com/OffenderSearch/detail.aspx?Page=Detail&DCNumber=R84362&TypeSearch=IR,06/03/2016,LIBERTY C.I.,Natural,Closed
"WILLIAMS, VERNON",https://fdc.myflorida.com/OffenderSearch/detail.aspx?Page=Detail&DCNumber=K53769&TypeSearch=IR,06/04/2016,R.M.C.- MAIN UNIT,Natural,Closed
"STRACKE, CARSON",https://fdc.myflorida.com/OffenderSearch/detail.aspx?Page=Detail&DCNumber=571750&TypeSearch=IR,06/05/2016,R.M.C.- MAIN UNIT,Natural,Closed
"PIERREPAUL, HATTRINA",https://fdc.myflorida.com/OffenderSearch/detail.aspx?Page=Detail&DCNumber=157043&TypeSearch=IR,06/05/2016,LOWELL C.I.,Natural,Closed
"KNOTTS, WILLIE",https://fdc.myflorida.com/OffenderSearch/detail.aspx?Page=Detail&DCNumber=213867&TypeSearch=IR,06/07/2016,NWFRC MAIN UNIT.,Natural,Closed
"POINAR, ALEXANDER",https://fdc.myflorida.com/OffenderSearch/detail.aspx?Page=Detail&DCNumber=C09219&TypeSearch=IR,06/08/2016,TAYLOR C.I.,Natural,Closed
"GREEN, STEPHEN",https://fdc.myflorida.com/OffenderSearch/detail.aspx?Page=Detail&DCNumber=094440&TypeSearch=IR,06/11/2016,R.M.C.- MAIN UNIT,Natural,Closed
"LOCKETT, EARL",https://fdc.myflorida.com/OffenderSearch/detail.aspx?Page=Detail&DCNumber=062054&TypeSearch=IR,06/12/2016,R.M.C.- MAIN UNIT,Natural,Closed
"MCLEVY, ROBERT",https://fdc.myflorida.com/OffenderSearch/detail.aspx?Page=Detail&DCNumber=J08411&TypeSearch=IR,06/12/2016,GULF C.I.- ANNEX,Natural,Closed
"GRONTKOWSKI, STANLEY",https://fdc.myflorida.com/OffenderSearch/detail.aspx?Page=Detail&DCNumber=K55261&TypeSearch=IR,06/13/2016,S.F.R.C.,Natural,Closed
"COTTO-PEREZ, PEDRO",https://fdc.myflorida.com/OffenderSearch/detail.aspx?Page=Detail&DCNumber=523006&TypeSearch=IR,06/13/2016,R.M.C.- MAIN UNIT,Natural,Closed
"HICKS, ARTHUR",https://fdc.myflorida.com/OffenderSearch/detail.aspx?Page=Detail&DCNumber=188731&TypeSearch=IR,06/13/2016,COLUMBIA C.I.,Homicide,Closed (https://fdc.myflorida.com/pub/mortality/PDF/188731.pdf)
"WHITING, PRESTON",https://fdc.myflorida.com/OffenderSearch/detail.aspx?Page=Detail&DCNumber=000957&TypeSearch=IR,06/15/2016,S.F.R.C.,Natural,Closed
"HAYNES, CAREY",https://fdc.myflorida.com/OffenderSearch/detail.aspx?Page=Detail&DCNumber=018608&TypeSearch=IR,06/16/2016,R.M.C.- MAIN UNIT,Natural,Closed
"FOX, STUART",https://fdc.myflorida.com/OffenderSearch/detail.aspx?Page=Detail&DCNumber=743483&TypeSearch=IR,06/16/2016,R.M.C.- MAIN UNIT,Natural,Closed
"HANRAHAN, PETER",https://fdc.myflorida.com/OffenderSearch/detail.aspx?Page=Detail&DCNumber=T03464&TypeSearch=IR,06/17/2016,R.M.C.- MAIN UNIT,Natural,Closed
"SHOOK, VICTOR",https://fdc.myflorida.com/OffenderSearch/detail.aspx?Page=Detail&DCNumber=052926&TypeSearch=IR,06/18/2016,GULF C.I.- ANNEX,Natural,Closed
"ADAMS, JAMES",https://fdc.myflorida.com/OffenderSearch/detail.aspx?Page=Detail&DCNumber=289636&TypeSearch=IR,06/18/2016,CFRC-MAIN,Natural,Closed
"LARRALDE, CARLOS",https://fdc.myflorida.com/OffenderSearch/detail.aspx?Page=Detail&DCNumber=M83387&TypeSearch=IR,06/18/2016,SANTA ROSA ANNEX,Suicide,Closed (https://fdc.myflorida.com/pub/mortality/PDF/M83387.pdf)
"BAKER, DAN",https://fdc.myflorida.com/OffenderSearch/detail.aspx?Page=Detail&DCNumber=C06844&TypeSearch=IR,06/19/2016,FSP WEST UNIT,Natural,Closed
"BARBER, MILTON",https://fdc.myflorida.com/OffenderSearch/detail.aspx?Page=Detail&DCNumber=I10019&TypeSearch=IR,06/19/2016,HAMILTON C.I.,Accident,Closed (https://fdc.myflorida.com/pub/mortality/PDF/I10019.pdf)
"WIDEMAN, KYRA",https://fdc.myflorida.com/OffenderSearch/detail.aspx?Page=Detail&DCNumber=V07951&TypeSearch=IR,06/20/2016,GRACEVILLE C.F.,Natural,Closed
"ANDREWS, EDWARD",https://fdc.myflorida.com/OffenderSearch/detail.aspx?Page=Detail&DCNumber=K61020&TypeSearch=IR,06/20/2016,PALM BEACH,Natural,Closed
"TORRES, ORLANDO",https://fdc.myflorida.com/OffenderSearch/detail.aspx?Page=Detail&DCNumber=028504&TypeSearch=IR,06/21/2016,S.F.R.C.,Natural,Closed
"SILVA, RICKY",https://fdc.myflorida.com/OffenderSearch/detail.aspx?Page=Detail&DCNumber=L24722&TypeSearch=IR,06/22/2016,FLORIDA STATE PRISON,Natural,Closed (https://fdc.myflorida.com/pub/mortality/PDF/L24722.pdf)
"BIRGE, ROBERT",https://fdc.myflorida.com/OffenderSearch/detail.aspx?Page=Detail&DCNumber=046427&TypeSearch=IR,06/23/2016,R.M.C.- MAIN UNIT,Natural,Closed
"ORTIZ, JULIAN",https://fdc.myflorida.com/OffenderSearch/detail.aspx?Page=Detail&DCNumber=B13725&TypeSearch=IR,06/24/2016,HAMILTON ANNEX,Natural,Closed
"BENNETT, GINO",https://fdc.myflorida.com/OffenderSearch/detail.aspx?Page=Detail&DCNumber=128407&TypeSearch=IR,06/25/2016,GULF C.I.- ANNEX,Natural,Closed
"SMITH, JAMES",https://fdc.myflorida.com/OffenderSearch/detail.aspx?Page=Detail&DCNumber=T90826&TypeSearch=IR,06/25/2016,FRANKLIN C.I.,Natural,Closed (https://fdc.myflorida.com/pub/mortality/PDF/T90826.pdf)
"YORKE, ELLIOTT",https://fdc.myflorida.com/OffenderSearch/detail.aspx?Page=Detail&DCNumber=101798&TypeSearch=IR,06/28/2016,NWFRC MAIN UNIT.,Natural,Closed
"GAYMON, HAROLD",https://fdc.myflorida.com/OffenderSearch/detail.aspx?Page=Detail&DCNumber=049394&TypeSearch=IR,06/30/2016,R.M.C.- MAIN UNIT,Natural,Closed