﻿Title,Column 1,Column 2,Column 3,Column 4,Column 5
Name,DC Number,Date of Death,Institution Name,Manner of DeathDetermined by ME,Investigative Status
"ALDRICH, EDWARD",https://fdc.myflorida.com/OffenderSearch/detail.aspx?Page=Detail&DCNumber=280080&TypeSearch=IR,07/01/2018,COLUMBIA C.I.,Natural,Closed
"CHRISTIE, GEORGE",https://fdc.myflorida.com/OffenderSearch/detail.aspx?Page=Detail&DCNumber=096104&TypeSearch=IR,07/02/2018,TOMOKA C.I.,Natural,Closed
"WILLIAMS, BRUCE",https://fdc.myflorida.com/OffenderSearch/detail.aspx?Page=Detail&DCNumber=888534&TypeSearch=IR,07/02/2018,R.M.C.- MAIN UNIT,Natural,Closed
"BOULEY, CORY",https://fdc.myflorida.com/OffenderSearch/detail.aspx?Page=Detail&DCNumber=J38425&TypeSearch=IR,07/05/2018,APALACHEE EAST UNIT,Accident,Closed
"GOTTLIEB, ALAN",https://fdc.myflorida.com/OffenderSearch/detail.aspx?Page=Detail&DCNumber=M35789&TypeSearch=IR,07/06/2018,R.M.C.- MAIN UNIT,Natural,Closed
"HILL, ABDULLAH",https://fdc.myflorida.com/OffenderSearch/detail.aspx?Page=Detail&DCNumber=W04988&TypeSearch=IR,07/06/2018,TOMOKA C.I.,Natural,Closed
"STOCKTON, FREDRICK",https://fdc.myflorida.com/OffenderSearch/detail.aspx?Page=Detail&DCNumber=W14658&TypeSearch=IR,07/06/2018,W.PALM BEACH C.R.C.,Homicide,Closed
"PARKER, WILLIAM",https://fdc.myflorida.com/OffenderSearch/detail.aspx?Page=Detail&DCNumber=126921&TypeSearch=IR,07/06/2018,OKEECHOBEE C.I.,Accident,Closed (https://fdc.myflorida.com/pub/mortality/PDF/126921.pdf)
"BOLIN, JAMES",https://fdc.myflorida.com/OffenderSearch/detail.aspx?Page=Detail&DCNumber=624721&TypeSearch=IR,07/10/2018,MARION C.I.,Natural,Closed
"CUNNINGHAM, ALFREDO",https://fdc.myflorida.com/OffenderSearch/detail.aspx?Page=Detail&DCNumber=399086&TypeSearch=IR,07/11/2018,JACKSON C.I.,Accident,Closed
"TALAVERA, MANUEL",https://fdc.myflorida.com/OffenderSearch/detail.aspx?Page=Detail&DCNumber=014178&TypeSearch=IR,07/12/2018,R.M.C.- MAIN UNIT,Natural,Closed
"PEREZ, MANUEL",https://fdc.myflorida.com/OffenderSearch/detail.aspx?Page=Detail&DCNumber=038134&TypeSearch=IR,07/13/2018,S.F.R.C.,Natural,Closed
"BOOKER, JOHN",https://fdc.myflorida.com/OffenderSearch/detail.aspx?Page=Detail&DCNumber=044114&TypeSearch=IR,07/14/2018,SUMTER C.I.,Natural,Closed
"MCCRAY, JAMES",https://fdc.myflorida.com/OffenderSearch/detail.aspx?Page=Detail&DCNumber=040160&TypeSearch=IR,07/16/2018,R.M.C.- MAIN UNIT,Natural,Closed
"CURLEY, GARY",https://fdc.myflorida.com/OffenderSearch/detail.aspx?Page=Detail&DCNumber=571810&TypeSearch=IR,07/16/2018,FLORIDA STATE PRISON,Natural,Closed
"SCHWINGDORF, CHRISTOPHER",https://fdc.myflorida.com/OffenderSearch/detail.aspx?Page=Detail&DCNumber=252055&TypeSearch=IR,07/19/2018,MARTIN C.I.,Accident,Closed
"WRIGHT, DANTE",https://fdc.myflorida.com/OffenderSearch/detail.aspx?Page=Detail&DCNumber=126255&TypeSearch=IR,07/19/2018,NWFRC ANNEX.,Natural,Closed
"BROWN, JAMES",https://fdc.myflorida.com/OffenderSearch/detail.aspx?Page=Detail&DCNumber=069836&TypeSearch=IR,07/20/2018,LIBERTY C.I.,Accident,Closed
"KARSEBOOM, BERT",https://fdc.myflorida.com/OffenderSearch/detail.aspx?Page=Detail&DCNumber=B05670&TypeSearch=IR,07/20/2018,S.F.R.C SOUTH UNIT,Natural,Closed
"ATKINSON, ALBERT",https://fdc.myflorida.com/OffenderSearch/detail.aspx?Page=Detail&DCNumber=049268&TypeSearch=IR,07/21/2018,HOLMES C.I.,Accident,Closed
"DELANY, DANIEL",https://fdc.myflorida.com/OffenderSearch/detail.aspx?Page=Detail&DCNumber=V53084&TypeSearch=IR,07/21/2018,DADE C.I.,Suicide,Closed
"MILLER, LARRY",https://fdc.myflorida.com/OffenderSearch/detail.aspx?Page=Detail&DCNumber=278738&TypeSearch=IR,07/23/2018,WAKULLA C.I.,Natural,Closed
"ACTIS, DONALD",https://fdc.myflorida.com/OffenderSearch/detail.aspx?Page=Detail&DCNumber=C06874&TypeSearch=IR,07/25/2018,R.M.C.- MAIN UNIT,Natural,Closed
"BOYKIN, DEMETRIS",https://fdc.myflorida.com/OffenderSearch/detail.aspx?Page=Detail&DCNumber=G12526&TypeSearch=IR,07/26/2018,R.M.C.- MAIN UNIT,Natural,Closed
"RILEY, SCOTT",https://fdc.myflorida.com/OffenderSearch/detail.aspx?Page=Detail&DCNumber=062982&TypeSearch=IR,07/26/2018,CFRC-SOUTH,Natural,Closed
"ALLEN, GEORGE",https://fdc.myflorida.com/OffenderSearch/detail.aspx?Page=Detail&DCNumber=T70488&TypeSearch=IR,07/27/2018,CENTURY C.I.,Accident,Closed
"CUEBAS, MICHAEL",https://fdc.myflorida.com/OffenderSearch/detail.aspx?Page=Detail&DCNumber=K63818&TypeSearch=IR,07/27/2018,SANTA ROSA ANNEX,Suicide,Closed (https://fdc.myflorida.com/pub/mortality/PDF/K63818.pdf)
"WILLIAMS, CHRISTOPHER",https://fdc.myflorida.com/OffenderSearch/detail.aspx?Page=Detail&DCNumber=L87089&TypeSearch=IR,07/27/2018,DADE C.I.,Natural,Closed
"HATTENBRUN, BRETT",https://fdc.myflorida.com/OffenderSearch/detail.aspx?Page=Detail&DCNumber=U50595&TypeSearch=IR,07/30/2018,MADISON C.I.,Natural,Closed
"COACHMAN, ARDEN",https://fdc.myflorida.com/OffenderSearch/detail.aspx?Page=Detail&DCNumber=096960&TypeSearch=IR,07/30/2018,R.M.C.- MAIN UNIT,Natural,Closed
"HAMAKER, LARRY",https://fdc.myflorida.com/OffenderSearch/detail.aspx?Page=Detail&DCNumber=044717&TypeSearch=IR,07/31/2018,S.F.R.C.,Natural,Closed
"DIAZ, WILLIAM",https://fdc.myflorida.com/OffenderSearch/detail.aspx?Page=Detail&DCNumber=X05098&TypeSearch=IR,07/31/2018,GRACEVILLE C.F.,Natural,Closed
"RIDDELL, WILLIAM",https://fdc.myflorida.com/OffenderSearch/detail.aspx?Page=Detail&DCNumber=458689&TypeSearch=IR,08/01/2018,R.M.C.- MAIN UNIT,Natural,Closed
"LOPEZ, HAROLDMAN",https://fdc.myflorida.com/OffenderSearch/detail.aspx?Page=Detail&DCNumber=W26970&TypeSearch=IR,08/02/2018,MOORE HAVEN C.F.,Homicide,Closed
"WESTERLUND, ROGER",https://fdc.myflorida.com/OffenderSearch/detail.aspx?Page=Detail&DCNumber=L17321&TypeSearch=IR,08/03/2018,R.M.C.- MAIN UNIT,Natural,Closed
"JACOBS, JAMES",https://fdc.myflorida.com/OffenderSearch/detail.aspx?Page=Detail&DCNumber=058493&TypeSearch=IR,08/04/2018,HARDEE C.I.,Natural,Closed
"SIBLEY, DARRYL",https://fdc.myflorida.com/OffenderSearch/detail.aspx?Page=Detail&DCNumber=120418&TypeSearch=IR,08/04/2018,R.M.C.- MAIN UNIT,Natural,Closed
"TRUST, DAVE",https://fdc.myflorida.com/OffenderSearch/detail.aspx?Page=Detail&DCNumber=C01587&TypeSearch=IR,08/06/2018,R.M.C.- MAIN UNIT,Natural,Closed
"ENMUND, EARL",https://fdc.myflorida.com/OffenderSearch/detail.aspx?Page=Detail&DCNumber=049515&TypeSearch=IR,08/07/2018,TOMOKA C.I.,Natural,Closed
"MCCULLER, MAURICE",https://fdc.myflorida.com/OffenderSearch/detail.aspx?Page=Detail&DCNumber=434505&TypeSearch=IR,08/09/2018,R.M.C.- MAIN UNIT,Natural,Closed
"MCCLOUD, BERNARD",https://fdc.myflorida.com/OffenderSearch/detail.aspx?Page=Detail&DCNumber=017371&TypeSearch=IR,08/10/2018,S.F.R.C.,Natural,Closed
"HILL, NATHANIEL",https://fdc.myflorida.com/OffenderSearch/detail.aspx?Page=Detail&DCNumber=057808&TypeSearch=IR,08/13/2018,DADE C.I.,Natural,Closed
"BOSWELL, RUFUS",https://fdc.myflorida.com/OffenderSearch/detail.aspx?Page=Detail&DCNumber=079443&TypeSearch=IR,08/13/2018,EVERGLADES C.I.,Natural,OPEN-MDPD
"SIONS, DANIEL",https://fdc.myflorida.com/OffenderSearch/detail.aspx?Page=Detail&DCNumber=195672&TypeSearch=IR,08/14/2018,OKALOOSA C.I.,Accident,Closed (https://fdc.myflorida.com/pub/mortality/PDF/195672.pdf)
"RICHARDSON, EARL",https://fdc.myflorida.com/OffenderSearch/detail.aspx?Page=Detail&DCNumber=864680&TypeSearch=IR,08/15/2018,R.M.C.- MAIN UNIT,Natural,Closed
"JOHNSON, GARRY",https://fdc.myflorida.com/OffenderSearch/detail.aspx?Page=Detail&DCNumber=139488&TypeSearch=IR,08/17/2018,R.M.C.- MAIN UNIT,Natural,Closed
"IVORY, DONNIE",https://fdc.myflorida.com/OffenderSearch/detail.aspx?Page=Detail&DCNumber=047216&TypeSearch=IR,08/18/2018,DADE C.I.,Natural,Closed
"ADAMS, CARDEL",https://fdc.myflorida.com/OffenderSearch/detail.aspx?Page=Detail&DCNumber=061260&TypeSearch=IR,08/21/2018,CROSS CITY C.I.,Accident,Closed
"SMITH, MORRIS",https://fdc.myflorida.com/OffenderSearch/detail.aspx?Page=Detail&DCNumber=149818&TypeSearch=IR,08/23/2018,GULF C.I.- ANNEX,Natural,Closed
"CALHOUN, MICHAEL",https://fdc.myflorida.com/OffenderSearch/detail.aspx?Page=Detail&DCNumber=132051&TypeSearch=IR,08/26/2018,CFRC-SOUTH,Natural,Closed
"LOCASCIO, EDWARD",https://fdc.myflorida.com/OffenderSearch/detail.aspx?Page=Detail&DCNumber=B04494&TypeSearch=IR,08/30/2018,R.M.C.- MAIN UNIT,Natural,Closed
"VAZQUEZ, JUAN",https://fdc.myflorida.com/OffenderSearch/detail.aspx?Page=Detail&DCNumber=T31017&TypeSearch=IR,08/30/2018,COLUMBIA C.I.,Homicide,Closed (https://fdc.myflorida.com/pub/mortality/PDF/T31017.pdf)
"SWAIN, JAMES",https://fdc.myflorida.com/OffenderSearch/detail.aspx?Page=Detail&DCNumber=043806&TypeSearch=IR,09/03/2018,R.M.C.- MAIN UNIT,Natural,Closed
"BROWN, TERELL",https://fdc.myflorida.com/OffenderSearch/detail.aspx?Page=Detail&DCNumber=M92017&TypeSearch=IR,09/03/2018,TAYLOR ANNEX,Suicide,Closed
"AZEVEDO, ROBERT",https://fdc.myflorida.com/OffenderSearch/detail.aspx?Page=Detail&DCNumber=D03354&TypeSearch=IR,09/04/2018,HARDEE C.I.,Accident,Closed (https://fdc.myflorida.com/pub/mortality/PDF/D03354.pdf)
"RICE, TRAVIS",https://fdc.myflorida.com/OffenderSearch/detail.aspx?Page=Detail&DCNumber=I42532&TypeSearch=IR,09/04/2018,HAMILTON C.I.,Homicide,Closed (https://fdc.myflorida.com/pub/mortality/PDF/I42532.pdf)
"LYNN, RICHARD",https://fdc.myflorida.com/OffenderSearch/detail.aspx?Page=Detail&DCNumber=054460&TypeSearch=IR,09/05/2018,FRANKLIN C.I.,Accident,Closed
"ROBINSON, DARJUAN",https://fdc.myflorida.com/OffenderSearch/detail.aspx?Page=Detail&DCNumber=G08137&TypeSearch=IR,09/07/2018,SANTA ROSA C.I.,Natural,Closed
"PERRITTE, KIRBY",https://fdc.myflorida.com/OffenderSearch/detail.aspx?Page=Detail&DCNumber=X46739&TypeSearch=IR,09/08/2018,R.M.C.- MAIN UNIT,Natural,Closed
"FOSTER, ALFRED",https://fdc.myflorida.com/OffenderSearch/detail.aspx?Page=Detail&DCNumber=P62121&TypeSearch=IR,09/09/2018,WAKULLA C.I.,Homicide,Closed
"PAUL, NAKAVIUS",https://fdc.myflorida.com/OffenderSearch/detail.aspx?Page=Detail&DCNumber=M64544&TypeSearch=IR,09/10/2018,GRACEVILLE C.F.,Natural,Closed
"GRAHAM, GLENN",https://fdc.myflorida.com/OffenderSearch/detail.aspx?Page=Detail&DCNumber=078102&TypeSearch=IR,09/11/2018,R.M.C.- MAIN UNIT,Natural,Closed
"PONCE, MARIO",https://fdc.myflorida.com/OffenderSearch/detail.aspx?Page=Detail&DCNumber=512314&TypeSearch=IR,09/11/2018,R.M.C.- MAIN UNIT,Natural,Closed
"ANDERSON, WILLIE",https://fdc.myflorida.com/OffenderSearch/detail.aspx?Page=Detail&DCNumber=525785&TypeSearch=IR,09/11/2018,R.M.C.- MAIN UNIT,Natural,Closed
"SPENCER, ANTHONY",https://fdc.myflorida.com/OffenderSearch/detail.aspx?Page=Detail&DCNumber=B12377&TypeSearch=IR,09/12/2018,APALACHEE EAST UNIT,Homicide,CLOSED
"HAINES, DARIUS",https://fdc.myflorida.com/OffenderSearch/detail.aspx?Page=Detail&DCNumber=J46214&TypeSearch=IR,09/12/2018,DESOTO ANNEX,Accident,Closed (https://fdc.myflorida.com/pub/mortality/PDF/J46214.pdf)
"NICHOLSON, MARY",https://fdc.myflorida.com/OffenderSearch/detail.aspx?Page=Detail&DCNumber=153122&TypeSearch=IR,09/13/2018,R.M.C.- MAIN UNIT,Natural,Closed
"MARK, LARRY",https://fdc.myflorida.com/OffenderSearch/detail.aspx?Page=Detail&DCNumber=083426&TypeSearch=IR,09/13/2018,COLUMBIA ANNEX,Homicide,Closed (https://fdc.myflorida.com/pub/mortality/PDF/083426.pdf)
"SYKES, DONALD",https://fdc.myflorida.com/OffenderSearch/detail.aspx?Page=Detail&DCNumber=038164&TypeSearch=IR,09/14/2018,R.M.C.- MAIN UNIT,Natural,Closed
"BARNES, WILFRED",https://fdc.myflorida.com/OffenderSearch/detail.aspx?Page=Detail&DCNumber=507173&TypeSearch=IR,09/14/2018,CROSS CITY C.I.,Undetermined,Closed
"DIX, KENNETH",https://fdc.myflorida.com/OffenderSearch/detail.aspx?Page=Detail&DCNumber=016302&TypeSearch=IR,09/16/2018,R.M.C.- MAIN UNIT,Natural,Closed
"POWELL, HELKAI",https://fdc.myflorida.com/OffenderSearch/detail.aspx?Page=Detail&DCNumber=B08309&TypeSearch=IR,09/16/2018,EVERGLADES C.I.,Natural,CLOSED
"BOWERS, LYNN",https://fdc.myflorida.com/OffenderSearch/detail.aspx?Page=Detail&DCNumber=153896&TypeSearch=IR,09/18/2018,LOWELL ANNEX,Natural,Closed
"CASE, CHARLES",https://fdc.myflorida.com/OffenderSearch/detail.aspx?Page=Detail&DCNumber=998726&TypeSearch=IR,09/19/2018,R.M.C.- MAIN UNIT,Natural,Closed
"SMILEY, CLIFTON",https://fdc.myflorida.com/OffenderSearch/detail.aspx?Page=Detail&DCNumber=J05581&TypeSearch=IR,09/20/2018,GRACEVILLE C.F.,Accident,Closed
"DAVIS, KENNETH",https://fdc.myflorida.com/OffenderSearch/detail.aspx?Page=Detail&DCNumber=P59955&TypeSearch=IR,09/22/2018,BLACKWATER C.F.,Homicide,Closed
"DUPUIS, LARRY",https://fdc.myflorida.com/OffenderSearch/detail.aspx?Page=Detail&DCNumber=C00503&TypeSearch=IR,09/22/2018,R.M.C.- MAIN UNIT,Natural,Closed
"MCKENZIE, LEROY",https://fdc.myflorida.com/OffenderSearch/detail.aspx?Page=Detail&DCNumber=062776&TypeSearch=IR,09/23/2018,S.F.R.C.,Natural,Closed
"SNEAD, L",https://fdc.myflorida.com/OffenderSearch/detail.aspx?Page=Detail&DCNumber=108921&TypeSearch=IR,09/23/2018,R.M.C.- MAIN UNIT,Natural,Closed
"KESTER, DEREK",https://fdc.myflorida.com/OffenderSearch/detail.aspx?Page=Detail&DCNumber=124066&TypeSearch=IR,09/24/2018,R.M.C.- MAIN UNIT,Homicide,OPEN-FDLE
"ALCIME, PERICLAIS",https://fdc.myflorida.com/OffenderSearch/detail.aspx?Page=Detail&DCNumber=X23560&TypeSearch=IR,09/27/2018,HAMILTON ANNEX,Homicide,Closed
"DONALDSON, HENRY",https://fdc.myflorida.com/OffenderSearch/detail.aspx?Page=Detail&DCNumber=761121&TypeSearch=IR,09/28/2018,CHARLOTTE C.I.,Natural,Closed
"JAMES, PATRICIA",https://fdc.myflorida.com/OffenderSearch/detail.aspx?Page=Detail&DCNumber=161336&TypeSearch=IR,09/29/2018,LOWELL C.I.,Natural,Closed
"KING, EDWARD",https://fdc.myflorida.com/OffenderSearch/detail.aspx?Page=Detail&DCNumber=736801&TypeSearch=IR,10/03/2018,UNION C.I.,Suicide,Closed
"CAINE, HARRY",https://fdc.myflorida.com/OffenderSearch/detail.aspx?Page=Detail&DCNumber=022978&TypeSearch=IR,10/04/2018,BLACKWATER C.F.,Natural,Closed
"BROCKINGTON, RICHARD",https://fdc.myflorida.com/OffenderSearch/detail.aspx?Page=Detail&DCNumber=C08432&TypeSearch=IR,10/05/2018,APALACHEE EAST UNIT,Accident,Closed
"WILLIAMS, CHEYNEE",https://fdc.myflorida.com/OffenderSearch/detail.aspx?Page=Detail&DCNumber=040484&TypeSearch=IR,10/07/2018,MOORE HAVEN C.F.,Natural,Closed
"HENDERSON, CEDELL",https://fdc.myflorida.com/OffenderSearch/detail.aspx?Page=Detail&DCNumber=063198&TypeSearch=IR,10/07/2018,R.M.C.- MAIN UNIT,Natural,Closed
"HUFF, BRUCE",https://fdc.myflorida.com/OffenderSearch/detail.aspx?Page=Detail&DCNumber=203620&TypeSearch=IR,10/07/2018,FSP WEST UNIT,Natural,Closed
"WILLIAMS, JEFFREY",https://fdc.myflorida.com/OffenderSearch/detail.aspx?Page=Detail&DCNumber=239731&TypeSearch=IR,10/08/2018,TOMOKA C.I.,Natural,Closed
"STEWART, GRACE",https://fdc.myflorida.com/OffenderSearch/detail.aspx?Page=Detail&DCNumber=K67339&TypeSearch=IR,10/08/2018,LOWELL C.I.,Natural,Closed
"BARTHOLOMEW, SHAWN",https://fdc.myflorida.com/OffenderSearch/detail.aspx?Page=Detail&DCNumber=X52637&TypeSearch=IR,10/11/2018,R.M.C.- MAIN UNIT,Natural,Closed
"EDWARDS, BRADFORD",https://fdc.myflorida.com/OffenderSearch/detail.aspx?Page=Detail&DCNumber=103984&TypeSearch=IR,10/11/2018,R.M.C.- MAIN UNIT,Natural,Closed
"WEATHERS, MARQUIS",https://fdc.myflorida.com/OffenderSearch/detail.aspx?Page=Detail&DCNumber=P57462&TypeSearch=IR,10/12/2018,LAKE CITY,Natural,Closed
"STEPHENS, JAMES",https://fdc.myflorida.com/OffenderSearch/detail.aspx?Page=Detail&DCNumber=099092&TypeSearch=IR,10/13/2018,TAYLOR ANNEX,Accident,Closed (https://fdc.myflorida.com/pub/mortality/PDF/099092.pdf)
"CHRISTIAN, JAMES",https://fdc.myflorida.com/OffenderSearch/detail.aspx?Page=Detail&DCNumber=030161&TypeSearch=IR,10/16/2018,CFRC-SOUTH,Natural,Closed
"FELDER, ROBERT",https://fdc.myflorida.com/OffenderSearch/detail.aspx?Page=Detail&DCNumber=587150&TypeSearch=IR,10/16/2018,TOMOKA C.I.,Natural,Closed
"GRAY, FRANK",https://fdc.myflorida.com/OffenderSearch/detail.aspx?Page=Detail&DCNumber=672311&TypeSearch=IR,10/16/2018,R.M.C.- MAIN UNIT,Natural,Closed
"MCCRAY, JOHNNY",https://fdc.myflorida.com/OffenderSearch/detail.aspx?Page=Detail&DCNumber=W01630&TypeSearch=IR,10/18/2018,SUWANNEE C.I,Natural,Closed
"THARPE, HUBERT",https://fdc.myflorida.com/OffenderSearch/detail.aspx?Page=Detail&DCNumber=559813&TypeSearch=IR,10/20/2018,R.M.C.- MAIN UNIT,Natural,Closed
"BATTLES, JESSE",https://fdc.myflorida.com/OffenderSearch/detail.aspx?Page=Detail&DCNumber=031745&TypeSearch=IR,10/20/2018,R.M.C.- MAIN UNIT,Natural,Closed
"LASSUS, ALAIN",https://fdc.myflorida.com/OffenderSearch/detail.aspx?Page=Detail&DCNumber=B14599&TypeSearch=IR,10/21/2018,R.M.C.- MAIN UNIT,Natural,Closed
"BAKER, EDWARD",https://fdc.myflorida.com/OffenderSearch/detail.aspx?Page=Detail&DCNumber=C12189&TypeSearch=IR,10/22/2018,R.M.C.- MAIN UNIT,Natural,Closed
"METH, ROBERT",https://fdc.myflorida.com/OffenderSearch/detail.aspx?Page=Detail&DCNumber=094629&TypeSearch=IR,10/25/2018,EVERGLADES C.I.,Natural,OPEN-MDPD
"PORTER, JOHN",https://fdc.myflorida.com/OffenderSearch/detail.aspx?Page=Detail&DCNumber=980204&TypeSearch=IR,10/26/2018,R.M.C.- MAIN UNIT,Natural,Closed
"VEGA, ALDRIN",https://fdc.myflorida.com/OffenderSearch/detail.aspx?Page=Detail&DCNumber=700414&TypeSearch=IR,10/26/2018,R.M.C.- MAIN UNIT,Natural,Closed
"CORA, ADAM",https://fdc.myflorida.com/OffenderSearch/detail.aspx?Page=Detail&DCNumber=099742&TypeSearch=IR,10/27/2018,MOORE HAVEN C.F.,Natural,Closed
"MINASIAN, MICHAEL",https://fdc.myflorida.com/OffenderSearch/detail.aspx?Page=Detail&DCNumber=188499&TypeSearch=IR,10/28/2018,BLACKWATER C.F.,Accident,Closed
"TURNER, CHARLES",https://fdc.myflorida.com/OffenderSearch/detail.aspx?Page=Detail&DCNumber=P53135&TypeSearch=IR,10/29/2018,GRACEVILLE C.F.,Natural,Closed
"COSHATT, CURTIS",https://fdc.myflorida.com/OffenderSearch/detail.aspx?Page=Detail&DCNumber=067762&TypeSearch=IR,10/30/2018,S.F.R.C.,Natural,Closed
"PERPALL, DEANGELO",https://fdc.myflorida.com/OffenderSearch/detail.aspx?Page=Detail&DCNumber=B12358&TypeSearch=IR,10/30/2018,R.M.C.- MAIN UNIT,Natural,Closed
"GEORGE, RICHARD",https://fdc.myflorida.com/OffenderSearch/detail.aspx?Page=Detail&DCNumber=W32263&TypeSearch=IR,10/31/2018,R.M.C.- MAIN UNIT,Natural,Closed
"ZACKERY, ROBERT",https://fdc.myflorida.com/OffenderSearch/detail.aspx?Page=Detail&DCNumber=844189&TypeSearch=IR,11/01/2018,OKEECHOBEE C.I.,Natural,Closed
"DANO, ROBERT",https://fdc.myflorida.com/OffenderSearch/detail.aspx?Page=Detail&DCNumber=Y56020&TypeSearch=IR,11/01/2018,R.M.C.- MAIN UNIT,Natural,Closed
"MILLER, LIONEL",https://fdc.myflorida.com/OffenderSearch/detail.aspx?Page=Detail&DCNumber=025171&TypeSearch=IR,11/02/2018,CROSS CITY C.I.,Accident,Closed
"BETTEY, LEO",https://fdc.myflorida.com/OffenderSearch/detail.aspx?Page=Detail&DCNumber=135574&TypeSearch=IR,11/03/2018,ZEPHYRHILLS C.I.,Natural,Closed
"KUBINSKI, RICHARD",https://fdc.myflorida.com/OffenderSearch/detail.aspx?Page=Detail&DCNumber=X09263&TypeSearch=IR,11/03/2018,R.M.C.- MAIN UNIT,Natural,Closed
"JACKSON, RONALD",https://fdc.myflorida.com/OffenderSearch/detail.aspx?Page=Detail&DCNumber=105419&TypeSearch=IR,11/04/2018,CFRC-SOUTH,Natural,Closed
"MICHAEL, JOHN",https://fdc.myflorida.com/OffenderSearch/detail.aspx?Page=Detail&DCNumber=078082&TypeSearch=IR,11/04/2018,R.M.C.- MAIN UNIT,Natural,Closed
"COOPER, KENNETH",https://fdc.myflorida.com/OffenderSearch/detail.aspx?Page=Detail&DCNumber=079697&TypeSearch=IR,11/05/2018,NWFRC ANNEX.,Accident,Closed (https://fdc.myflorida.com/pub/mortality/PDF/079697.pdf)
"BORGES, JUAN",https://fdc.myflorida.com/OffenderSearch/detail.aspx?Page=Detail&DCNumber=084818&TypeSearch=IR,11/07/2018,DADE C.I.,Natural,Closed
"SATTERFIELD, KEVIN",https://fdc.myflorida.com/OffenderSearch/detail.aspx?Page=Detail&DCNumber=135271&TypeSearch=IR,11/08/2018,S.F.R.C.,Natural,Closed
"DANIELS, TERRENCE",https://fdc.myflorida.com/OffenderSearch/detail.aspx?Page=Detail&DCNumber=318042&TypeSearch=IR,11/10/2018,HOLMES C.I.,Natural,Closed
"BRIGHAM, SHANE",https://fdc.myflorida.com/OffenderSearch/detail.aspx?Page=Detail&DCNumber=W38863&TypeSearch=IR,11/10/2018,OKEECHOBEE C.I.,Accident,Closed (https://fdc.myflorida.com/pub/mortality/PDF/W38863.pdf)
"VOTTA, PAUL",https://fdc.myflorida.com/OffenderSearch/detail.aspx?Page=Detail&DCNumber=076689&TypeSearch=IR,11/10/2018,R.M.C.- MAIN UNIT,Natural,Closed
"BROWN, TRACEY",https://fdc.myflorida.com/OffenderSearch/detail.aspx?Page=Detail&DCNumber=H49066&TypeSearch=IR,11/11/2018,MARION C.I.,Natural,Closed
"PERKINS, FRANKIE",https://fdc.myflorida.com/OffenderSearch/detail.aspx?Page=Detail&DCNumber=580905&TypeSearch=IR,11/11/2018,GRACEVILLE C.F.,Natural,Closed
"DOUGHERTY, JOHN",https://fdc.myflorida.com/OffenderSearch/detail.aspx?Page=Detail&DCNumber=C09696&TypeSearch=IR,11/12/2018,R.M.C.- MAIN UNIT,Natural,Closed
"VARONA, SERGIO",https://fdc.myflorida.com/OffenderSearch/detail.aspx?Page=Detail&DCNumber=975471&TypeSearch=IR,11/13/2018,OKALOOSA C.I.,Natural,Closed
"CLARK, JOHN",https://fdc.myflorida.com/OffenderSearch/detail.aspx?Page=Detail&DCNumber=587134&TypeSearch=IR,11/14/2018,R.M.C.- MAIN UNIT,Natural,Closed
"ECHGELMEIER, KEVIN",https://fdc.myflorida.com/OffenderSearch/detail.aspx?Page=Detail&DCNumber=720620&TypeSearch=IR,11/14/2018,R.M.C.- MAIN UNIT,Accident,Closed
"PEARLMAN, STEPHEN",https://fdc.myflorida.com/OffenderSearch/detail.aspx?Page=Detail&DCNumber=W43534&TypeSearch=IR,11/14/2018,R.M.C.- MAIN UNIT,Natural,Closed
"BATDORF, ARTHUR",https://fdc.myflorida.com/OffenderSearch/detail.aspx?Page=Detail&DCNumber=Y26363&TypeSearch=IR,11/14/2018,WAKULLA C.I.,Natural,Closed
"LAKE, GILBERT",https://fdc.myflorida.com/OffenderSearch/detail.aspx?Page=Detail&DCNumber=087574&TypeSearch=IR,11/15/2018,OKEECHOBEE C.I.,Natural,Closed
"MIRANDA, JACINTO",https://fdc.myflorida.com/OffenderSearch/detail.aspx?Page=Detail&DCNumber=C05792&TypeSearch=IR,11/16/2018,TOMOKA C.I.,Natural,Closed
"HILL, GILBERT",https://fdc.myflorida.com/OffenderSearch/detail.aspx?Page=Detail&DCNumber=028157&TypeSearch=IR,11/17/2018,S.F.R.C.,Natural,Closed
"SMITH, JERRY",https://fdc.myflorida.com/OffenderSearch/detail.aspx?Page=Detail&DCNumber=064246&TypeSearch=IR,11/19/2018,SUWANNEE C.I,Natural,Closed
"WASHINGTON, STEVEN",https://fdc.myflorida.com/OffenderSearch/detail.aspx?Page=Detail&DCNumber=806615&TypeSearch=IR,11/20/2018,GAINESVILLE WC,Natural,Closed
"GOMEZ, ARNALDO",https://fdc.myflorida.com/OffenderSearch/detail.aspx?Page=Detail&DCNumber=428976&TypeSearch=IR,11/21/2018,EVERGLADES C.I.,Natural,Closed
"NEWSOME, JIMMY",https://fdc.myflorida.com/OffenderSearch/detail.aspx?Page=Detail&DCNumber=055983&TypeSearch=IR,11/21/2018,COLUMBIA C.I.,Natural,Closed
"SNYDER, WILLARD",https://fdc.myflorida.com/OffenderSearch/detail.aspx?Page=Detail&DCNumber=C11559&TypeSearch=IR,11/23/2018,R.M.C.- MAIN UNIT,Homicide,Closed (https://fdc.myflorida.com/pub/mortality/PDF/C11559.pdf)
"PARKS, WINSTON",https://fdc.myflorida.com/OffenderSearch/detail.aspx?Page=Detail&DCNumber=P38549&TypeSearch=IR,11/24/2018,BLACKWATER C.F.,Natural,Closed
"NEWSOME, JOHNNY",https://fdc.myflorida.com/OffenderSearch/detail.aspx?Page=Detail&DCNumber=028189&TypeSearch=IR,11/24/2018,SUWANNEE C.I. ANNEX,Natural,Closed
"BERUBE, RICHARD",https://fdc.myflorida.com/OffenderSearch/detail.aspx?Page=Detail&DCNumber=H43726&TypeSearch=IR,11/26/2018,BRIDGES OF ORLANDO,Undetermined,Closed (https://fdc.myflorida.com/pub/mortality/PDF/H43726.pdf)
"PARLEE, RONALD",https://fdc.myflorida.com/OffenderSearch/detail.aspx?Page=Detail&DCNumber=167778&TypeSearch=IR,11/28/2018,GRACEVILLE C.F.,Natural,Closed
"ZACCAGNINO, JAMES",https://fdc.myflorida.com/OffenderSearch/detail.aspx?Page=Detail&DCNumber=072983&TypeSearch=IR,11/28/2018,R.M.C.- MAIN UNIT,Natural,Closed
"HOULE, DOUGLAS",https://fdc.myflorida.com/OffenderSearch/detail.aspx?Page=Detail&DCNumber=554581&TypeSearch=IR,11/29/2018,R.M.C.- MAIN UNIT,Natural,Closed
"MORENO, GILBERT",https://fdc.myflorida.com/OffenderSearch/detail.aspx?Page=Detail&DCNumber=S42595&TypeSearch=IR,11/29/2018,CENTURY C.I.,Natural,Closed
"GAUTIERI, ANTHONY",https://fdc.myflorida.com/OffenderSearch/detail.aspx?Page=Detail&DCNumber=G02963&TypeSearch=IR,11/30/2018,SUMTER C.I.,Accident,Closed (https://fdc.myflorida.com/pub/mortality/PDF/G02963.pdf)
"YOUNG, GEORGE",https://fdc.myflorida.com/OffenderSearch/detail.aspx?Page=Detail&DCNumber=024802&TypeSearch=IR,11/30/2018,R.M.C.- MAIN UNIT,Natural,Closed
"WILLIS, ALMUS",https://fdc.myflorida.com/OffenderSearch/detail.aspx?Page=Detail&DCNumber=K72701&TypeSearch=IR,12/01/2018,HOLMES C.I.,Accident,Closed (https://fdc.myflorida.com/pub/mortality/PDF/K72701.pdf)
"JACKSON, ROBERT",https://fdc.myflorida.com/OffenderSearch/detail.aspx?Page=Detail&DCNumber=079861&TypeSearch=IR,12/02/2018,ZEPHYRHILLS C.I.,Natural,Closed
"HEREFORD, RICHARD",https://fdc.myflorida.com/OffenderSearch/detail.aspx?Page=Detail&DCNumber=149435&TypeSearch=IR,12/04/2018,SUWANNEE C.I. ANNEX,Natural,Closed
"GALLOZA, ARMINDO",https://fdc.myflorida.com/OffenderSearch/detail.aspx?Page=Detail&DCNumber=822913&TypeSearch=IR,12/04/2018,R.M.C.- MAIN UNIT,Natural,Closed
"GIVENS, ROBERT",https://fdc.myflorida.com/OffenderSearch/detail.aspx?Page=Detail&DCNumber=165379&TypeSearch=IR,12/06/2018,R.M.C.- MAIN UNIT,Natural,Closed
"CRAIN, CHRISTOPHER",https://fdc.myflorida.com/OffenderSearch/detail.aspx?Page=Detail&DCNumber=200167&TypeSearch=IR,12/06/2018,R.M.C.- MAIN UNIT,Accident,Closed
"SMITH, DENNIS",https://fdc.myflorida.com/OffenderSearch/detail.aspx?Page=Detail&DCNumber=463251&TypeSearch=IR,12/07/2018,R.M.C.- MAIN UNIT,Natural,Closed
"GORDON, RICHARD",https://fdc.myflorida.com/OffenderSearch/detail.aspx?Page=Detail&DCNumber=J30848&TypeSearch=IR,12/07/2018,BAKER C.I.,Natural,Closed
"MILEY, ANDREW",https://fdc.myflorida.com/OffenderSearch/detail.aspx?Page=Detail&DCNumber=P48922&TypeSearch=IR,12/07/2018,R.M.C.- MAIN UNIT,Natural,Closed
"FORD, JAMES",https://fdc.myflorida.com/OffenderSearch/detail.aspx?Page=Detail&DCNumber=V01496&TypeSearch=IR,12/07/2018,R.M.C.- MAIN UNIT,Natural,Closed
"CRESS, RICKIE",https://fdc.myflorida.com/OffenderSearch/detail.aspx?Page=Detail&DCNumber=789514&TypeSearch=IR,12/08/2018,R.M.C.- MAIN UNIT,Natural,Closed
"LEASURE, HAROLD",https://fdc.myflorida.com/OffenderSearch/detail.aspx?Page=Detail&DCNumber=500826&TypeSearch=IR,12/08/2018,R.M.C.- MAIN UNIT,Natural,Closed
"PACITTE, RICHARD",https://fdc.myflorida.com/OffenderSearch/detail.aspx?Page=Detail&DCNumber=639215&TypeSearch=IR,12/09/2018,DADE C.I.,Natural,Closed
"KENT, JAMES",https://fdc.myflorida.com/OffenderSearch/detail.aspx?Page=Detail&DCNumber=L49150&TypeSearch=IR,12/09/2018,S.F.R.C.,Natural,Closed
"HALE, RONDAL",https://fdc.myflorida.com/OffenderSearch/detail.aspx?Page=Detail&DCNumber=P48805&TypeSearch=IR,12/10/2018,SUWANNEE C.I. ANNEX,Natural,Closed
"POPPELL, VONDELL",https://fdc.myflorida.com/OffenderSearch/detail.aspx?Page=Detail&DCNumber=056973&TypeSearch=IR,12/10/2018,R.M.C.- MAIN UNIT,Natural,Closed
"TEMPLE, ROBERT",https://fdc.myflorida.com/OffenderSearch/detail.aspx?Page=Detail&DCNumber=C05797&TypeSearch=IR,12/11/2018,R.M.C.- MAIN UNIT,Natural,Closed
"BOTELHO, JOHN",https://fdc.myflorida.com/OffenderSearch/detail.aspx?Page=Detail&DCNumber=717569&TypeSearch=IR,12/12/2018,R.M.C.- MAIN UNIT,Natural,Closed
"RICE, RICHARD",https://fdc.myflorida.com/OffenderSearch/detail.aspx?Page=Detail&DCNumber=N15182&TypeSearch=IR,12/12/2018,R.M.C.- MAIN UNIT,Natural,Closed
"PATTEN, CHARLES",https://fdc.myflorida.com/OffenderSearch/detail.aspx?Page=Detail&DCNumber=V53931&TypeSearch=IR,12/12/2018,OKEECHOBEE C.I.,Suicide,Closed (https://fdc.myflorida.com/pub/mortality/PDF/V53931.pdf)
"DELGADO, NATHANIEL",https://fdc.myflorida.com/OffenderSearch/detail.aspx?Page=Detail&DCNumber=X98461&TypeSearch=IR,12/14/2018,CHARLOTTE C.I.,Homicide,OPEN-FDLE
"STANLEY, RONALD",https://fdc.myflorida.com/OffenderSearch/detail.aspx?Page=Detail&DCNumber=602420&TypeSearch=IR,12/14/2018,MOORE HAVEN C.F.,Natural,Closed
"THOMAS, BRYAN",https://fdc.myflorida.com/OffenderSearch/detail.aspx?Page=Detail&DCNumber=H15724&TypeSearch=IR,12/15/2018,LAKE C.I.,Natural,Closed
"FAGIOLE, PAUL",https://fdc.myflorida.com/OffenderSearch/detail.aspx?Page=Detail&DCNumber=711942&TypeSearch=IR,12/16/2018,SANTA ROSA ANNEX,Accident,Closed
"MCCLENDON, ARNOLD",https://fdc.myflorida.com/OffenderSearch/detail.aspx?Page=Detail&DCNumber=494139&TypeSearch=IR,12/18/2018,R.M.C.- MAIN UNIT,Natural,Closed
"JAMES, WILLIE",https://fdc.myflorida.com/OffenderSearch/detail.aspx?Page=Detail&DCNumber=838239&TypeSearch=IR,12/18/2018,R.M.C.- MAIN UNIT,Natural,Closed
"NOBLE, PATRICK",https://fdc.myflorida.com/OffenderSearch/detail.aspx?Page=Detail&DCNumber=469883&TypeSearch=IR,12/21/2018,R.M.C.- MAIN UNIT,Natural,Closed
"MILLER, GREGORY",https://fdc.myflorida.com/OffenderSearch/detail.aspx?Page=Detail&DCNumber=T95641&TypeSearch=IR,12/22/2018,APALACHEE WEST UNIT,Natural,Closed
"FIFE, EARL",https://fdc.myflorida.com/OffenderSearch/detail.aspx?Page=Detail&DCNumber=907553&TypeSearch=IR,12/23/2018,CFRC-SOUTH,Natural,Closed
"FORTNER, RICHARD",https://fdc.myflorida.com/OffenderSearch/detail.aspx?Page=Detail&DCNumber=E41511&TypeSearch=IR,12/23/2018,S.F.R.C.,Natural,Closed
"MURPHY, GREGORY",https://fdc.myflorida.com/OffenderSearch/detail.aspx?Page=Detail&DCNumber=B14550&TypeSearch=IR,12/25/2018,CFRC-SOUTH,Natural,Closed
"WORDEN, WILLIAM",https://fdc.myflorida.com/OffenderSearch/detail.aspx?Page=Detail&DCNumber=756004&TypeSearch=IR,12/26/2018,R.M.C.- MAIN UNIT,Natural,Closed
"JENKINS, ROGER",https://fdc.myflorida.com/OffenderSearch/detail.aspx?Page=Detail&DCNumber=U33464&TypeSearch=IR,12/26/2018,ZEPHYRHILLS C.I.,Natural,Closed
"CINEUS, GAMALIEL",https://fdc.myflorida.com/OffenderSearch/detail.aspx?Page=Detail&DCNumber=131866&TypeSearch=IR,12/26/2018,POLK C.I.,Natural,Closed
"SIMPKINS, EDDIE",https://fdc.myflorida.com/OffenderSearch/detail.aspx?Page=Detail&DCNumber=031478&TypeSearch=IR,12/26/2018,SANTA ROSA C.I.,Natural,Closed
"LEE, WILLIAM",https://fdc.myflorida.com/OffenderSearch/detail.aspx?Page=Detail&DCNumber=124626&TypeSearch=IR,12/29/2018,R.M.C.- MAIN UNIT,Natural,Closed
"MASSEY, HAROLD",https://fdc.myflorida.com/OffenderSearch/detail.aspx?Page=Detail&DCNumber=260057&TypeSearch=IR,12/29/2018,R.M.C.- MAIN UNIT,Natural,Closed
"ROGERS, JOSHUA",https://fdc.myflorida.com/OffenderSearch/detail.aspx?Page=Detail&DCNumber=H04986&TypeSearch=IR,01/01/2019,HAMILTON ANNEX,Suicide,Closed (https://fdc.myflorida.com/pub/mortality/PDF/H04986.pdf)
"SANDERS, VINCENT",https://fdc.myflorida.com/OffenderSearch/detail.aspx?Page=Detail&DCNumber=Y06740&TypeSearch=IR,01/01/2019,R.M.C.- MAIN UNIT,Natural,Closed
"HARRELL, ALONZO",https://fdc.myflorida.com/OffenderSearch/detail.aspx?Page=Detail&DCNumber=007899&TypeSearch=IR,01/03/2019,R.M.C.- MAIN UNIT,Natural,Closed
"LUECK, EDWARD",https://fdc.myflorida.com/OffenderSearch/detail.aspx?Page=Detail&DCNumber=V50286&TypeSearch=IR,01/04/2019,CALHOUN C.I.,Natural,CLOSED
"DAVIS, JUSTIN",https://fdc.myflorida.com/OffenderSearch/detail.aspx?Page=Detail&DCNumber=Q16694&TypeSearch=IR,01/04/2019,DADE C.I.,Accident,Closed
"BENNETT, MARVIN",https://fdc.myflorida.com/OffenderSearch/detail.aspx?Page=Detail&DCNumber=654998&TypeSearch=IR,01/05/2019,HARDEE C.I.,Natural,Closed
"BACON, GLENN",https://fdc.myflorida.com/OffenderSearch/detail.aspx?Page=Detail&DCNumber=112337&TypeSearch=IR,01/06/2019,S.F.R.C.,Natural,Closed
,,01/06/2019,SOUTH BAY C.F.,Homicide,Closed
"HILL, JOE",https://fdc.myflorida.com/OffenderSearch/detail.aspx?Page=Detail&DCNumber=120529&TypeSearch=IR,01/07/2019,CFRC-MAIN,Natural,Closed
"GARCIA, RAUL",https://fdc.myflorida.com/OffenderSearch/detail.aspx?Page=Detail&DCNumber=B05068&TypeSearch=IR,01/07/2019,R.M.C.- MAIN UNIT,Natural,Closed
"MARTIN, FORREST",https://fdc.myflorida.com/OffenderSearch/detail.aspx?Page=Detail&DCNumber=B14477&TypeSearch=IR,01/09/2019,R.M.C.- MAIN UNIT,Natural,Closed
"LA VALLATA, JOHN",https://fdc.myflorida.com/OffenderSearch/detail.aspx?Page=Detail&DCNumber=K59263&TypeSearch=IR,01/09/2019,R.M.C.- MAIN UNIT,Natural,Closed
"TAYLOR, JESSE",https://fdc.myflorida.com/OffenderSearch/detail.aspx?Page=Detail&DCNumber=029951&TypeSearch=IR,01/11/2019,R.M.C.- MAIN UNIT,Natural,Closed
"WOODS, JOHNNIE",https://fdc.myflorida.com/OffenderSearch/detail.aspx?Page=Detail&DCNumber=039133&TypeSearch=IR,01/12/2019,R.M.C.- MAIN UNIT,Natural,Closed
"FLAGG, KENNETH",https://fdc.myflorida.com/OffenderSearch/detail.aspx?Page=Detail&DCNumber=116614&TypeSearch=IR,01/12/2019,COLUMBIA ANNEX,Accident,Closed
"YOUNG, PAUL",https://fdc.myflorida.com/OffenderSearch/detail.aspx?Page=Detail&DCNumber=074441&TypeSearch=IR,01/12/2019,HAMILTON ANNEX,Natural,Closed
"OAKLEY, ROBERT",https://fdc.myflorida.com/OffenderSearch/detail.aspx?Page=Detail&DCNumber=C11183&TypeSearch=IR,01/12/2019,MARION C.I.,Natural,Closed
"HARDING, ROBERT",https://fdc.myflorida.com/OffenderSearch/detail.aspx?Page=Detail&DCNumber=763138&TypeSearch=IR,01/14/2019,SOUTH BAY C.F.,Accident,Closed
"ALLEE, JOHN",https://fdc.myflorida.com/OffenderSearch/detail.aspx?Page=Detail&DCNumber=063849&TypeSearch=IR,01/14/2019,NWFRC MAIN UNIT.,Natural,Closed
"BRYANT, MARDY",https://fdc.myflorida.com/OffenderSearch/detail.aspx?Page=Detail&DCNumber=575535&TypeSearch=IR,01/14/2019,R.M.C.- MAIN UNIT,Natural,Closed
"YOUNG, LEANDRE",https://fdc.myflorida.com/OffenderSearch/detail.aspx?Page=Detail&DCNumber=I45186&TypeSearch=IR,01/14/2019,R.M.C.- MAIN UNIT,Natural,Closed
"LIGHTNER, JEROME",https://fdc.myflorida.com/OffenderSearch/detail.aspx?Page=Detail&DCNumber=030417&TypeSearch=IR,01/15/2019,R.M.C.- MAIN UNIT,Natural,Closed
"COKER, ROBERT",https://fdc.myflorida.com/OffenderSearch/detail.aspx?Page=Detail&DCNumber=812228&TypeSearch=IR,01/15/2019,R.M.C.- MAIN UNIT,Natural,Closed
"PERRY, BRIAN",https://fdc.myflorida.com/OffenderSearch/detail.aspx?Page=Detail&DCNumber=236345&TypeSearch=IR,01/16/2019,R.M.C.- MAIN UNIT,Natural,Closed
"EDWARDS, LORI",https://fdc.myflorida.com/OffenderSearch/detail.aspx?Page=Detail&DCNumber=250680&TypeSearch=IR,01/16/2019,R.M.C.- MAIN UNIT,Natural,Closed
"AYVAZ, ARTHUR",https://fdc.myflorida.com/OffenderSearch/detail.aspx?Page=Detail&DCNumber=K84179&TypeSearch=IR,01/16/2019,R.M.C.- MAIN UNIT,Natural,Closed
"CARTER, ROGER",https://fdc.myflorida.com/OffenderSearch/detail.aspx?Page=Detail&DCNumber=005702&TypeSearch=IR,01/17/2019,S.F.R.C.,Natural,Closed
"WYCHE, DAVID",https://fdc.myflorida.com/OffenderSearch/detail.aspx?Page=Detail&DCNumber=240987&TypeSearch=IR,01/18/2019,R.M.C.- MAIN UNIT,Natural,Closed
"RAGAN, TIMOTHY",https://fdc.myflorida.com/OffenderSearch/detail.aspx?Page=Detail&DCNumber=474562&TypeSearch=IR,01/19/2019,R.M.C.- MAIN UNIT,Natural,Closed
"ALLOUSH, SAMIR",https://fdc.myflorida.com/OffenderSearch/detail.aspx?Page=Detail&DCNumber=052319&TypeSearch=IR,01/19/2019,S.F.R.C.,Natural,Closed
"SCHWITZERLETT, CHARLES",https://fdc.myflorida.com/OffenderSearch/detail.aspx?Page=Detail&DCNumber=205580&TypeSearch=IR,01/19/2019,R.M.C.- MAIN UNIT,Natural,Closed
"DEBARRY, RAMSEY",https://fdc.myflorida.com/OffenderSearch/detail.aspx?Page=Detail&DCNumber=H48113&TypeSearch=IR,01/19/2019,ZEPHYRHILLS C.I.,Natural,Closed
"WAGES, DEWEY",https://fdc.myflorida.com/OffenderSearch/detail.aspx?Page=Detail&DCNumber=Q31400&TypeSearch=IR,01/21/2019,WAKULLA C.I.,Natural,Closed
"HENDRICKS, RONALD",https://fdc.myflorida.com/OffenderSearch/detail.aspx?Page=Detail&DCNumber=J38049&TypeSearch=IR,01/22/2019,R.M.C.- MAIN UNIT,Natural,Closed
"RHODES, DAMON",https://fdc.myflorida.com/OffenderSearch/detail.aspx?Page=Detail&DCNumber=075002&TypeSearch=IR,01/22/2019,R.M.C.- MAIN UNIT,Natural,Closed
"WOODARD, JACKIE",https://fdc.myflorida.com/OffenderSearch/detail.aspx?Page=Detail&DCNumber=059921&TypeSearch=IR,01/22/2019,S.F.R.C.,Natural,Closed
"MOORE, JACOB",https://fdc.myflorida.com/OffenderSearch/detail.aspx?Page=Detail&DCNumber=041329&TypeSearch=IR,01/22/2019,SOUTH BAY C.F.,Natural,Closed
"CONNAHEY, JOSEPH",https://fdc.myflorida.com/OffenderSearch/detail.aspx?Page=Detail&DCNumber=090709&TypeSearch=IR,01/23/2019,S.F.R.C.,Natural,Closed
"CABRERA, JESUS",https://fdc.myflorida.com/OffenderSearch/detail.aspx?Page=Detail&DCNumber=398711&TypeSearch=IR,01/23/2019,SANTA ROSA ANNEX,Natural,OPEN
"HAMILTON, UNDREA",https://fdc.myflorida.com/OffenderSearch/detail.aspx?Page=Detail&DCNumber=928978&TypeSearch=IR,01/23/2019,COLUMBIA ANNEX,Natural,Closed
"BARRETT, RAYMOND",https://fdc.myflorida.com/OffenderSearch/detail.aspx?Page=Detail&DCNumber=T71990&TypeSearch=IR,01/24/2019,R.M.C.- MAIN UNIT,Natural,Closed
"CAMPBELL, JAMES",https://fdc.myflorida.com/OffenderSearch/detail.aspx?Page=Detail&DCNumber=J08499&TypeSearch=IR,01/24/2019,FLORIDA STATE PRISON,Suicide,Closed
"MCCLOUD, LORENZO",https://fdc.myflorida.com/OffenderSearch/detail.aspx?Page=Detail&DCNumber=M29432&TypeSearch=IR,01/25/2019,MARION C.I.,Natural,Closed
"BARBER, WALTER",https://fdc.myflorida.com/OffenderSearch/detail.aspx?Page=Detail&DCNumber=356025&TypeSearch=IR,01/25/2019,CFRC-MAIN,Natural,Closed
"AVILES, JESSE",https://fdc.myflorida.com/OffenderSearch/detail.aspx?Page=Detail&DCNumber=096561&TypeSearch=IR,01/27/2019,S.F.R.C.,Natural,Closed
"FERNANDEZ, JESUS",https://fdc.myflorida.com/OffenderSearch/detail.aspx?Page=Detail&DCNumber=103433&TypeSearch=IR,01/27/2019,EVERGLADES C.I.,Natural,Closed
"PLATT, JOSEPH",https://fdc.myflorida.com/OffenderSearch/detail.aspx?Page=Detail&DCNumber=D22948&TypeSearch=IR,01/28/2019,FLORIDA STATE PRISON,Natural,Closed
"COLON, LUIS",https://fdc.myflorida.com/OffenderSearch/detail.aspx?Page=Detail&DCNumber=T67386&TypeSearch=IR,01/29/2019,SANTA ROSA C.I.,Suicide,Closed
"BROOKS, MICHAEL",https://fdc.myflorida.com/OffenderSearch/detail.aspx?Page=Detail&DCNumber=X02083&TypeSearch=IR,01/29/2019,R.M.C.- MAIN UNIT,Natural,Closed
"HAMMEL, WALTER",https://fdc.myflorida.com/OffenderSearch/detail.aspx?Page=Detail&DCNumber=H22202&TypeSearch=IR,01/30/2019,R.M.C.- MAIN UNIT,Natural,Closed
"MCALLISTER, JOHN",https://fdc.myflorida.com/OffenderSearch/detail.aspx?Page=Detail&DCNumber=759430&TypeSearch=IR,01/31/2019,S.F.R.C.,Natural,Closed
"WILLIAMS, ALVIN",https://fdc.myflorida.com/OffenderSearch/detail.aspx?Page=Detail&DCNumber=J08766&TypeSearch=IR,01/31/2019,R.M.C.- MAIN UNIT,Natural,Closed
"WATSON, SABBRIS",https://fdc.myflorida.com/OffenderSearch/detail.aspx?Page=Detail&DCNumber=026068&TypeSearch=IR,02/01/2019,R.M.C.- MAIN UNIT,Natural,Closed
"ADAMS, GARY",https://fdc.myflorida.com/OffenderSearch/detail.aspx?Page=Detail&DCNumber=793765&TypeSearch=IR,02/01/2019,R.M.C.- MAIN UNIT,Natural,Closed
"WISE, SEAN",https://fdc.myflorida.com/OffenderSearch/detail.aspx?Page=Detail&DCNumber=289198&TypeSearch=IR,02/02/2019,R.M.C.- MAIN UNIT,Natural,Closed
"NICHOLS, ALBERT",https://fdc.myflorida.com/OffenderSearch/detail.aspx?Page=Detail&DCNumber=386610&TypeSearch=IR,02/02/2019,R.M.C.- MAIN UNIT,Natural,Closed
"JOHNSON, ARTHUR",https://fdc.myflorida.com/OffenderSearch/detail.aspx?Page=Detail&DCNumber=025867&TypeSearch=IR,02/02/2019,R.M.C.- MAIN UNIT,Natural,Closed
"LOVE, MICHAEL",https://fdc.myflorida.com/OffenderSearch/detail.aspx?Page=Detail&DCNumber=123098&TypeSearch=IR,02/02/2019,CFRC-SOUTH,Natural,Closed
"HARRINGTON, ROBERT",https://fdc.myflorida.com/OffenderSearch/detail.aspx?Page=Detail&DCNumber=986678&TypeSearch=IR,02/03/2019,JEFFERSON C.I.,Accident,Closed
"JETER, MARCIE",https://fdc.myflorida.com/OffenderSearch/detail.aspx?Page=Detail&DCNumber=L58425&TypeSearch=IR,02/06/2019,FL.WOMENS RECPN.CTR,Natural,Closed
"TAYLOR, STEPHEN",https://fdc.myflorida.com/OffenderSearch/detail.aspx?Page=Detail&DCNumber=P17314&TypeSearch=IR,02/06/2019,SANTA ROSA C.I.,Suicide,Closed
"MANKER, LEON",https://fdc.myflorida.com/OffenderSearch/detail.aspx?Page=Detail&DCNumber=083697&TypeSearch=IR,02/08/2019,S.F.R.C.,Natural,Closed
"DOUSE, TONY",https://fdc.myflorida.com/OffenderSearch/detail.aspx?Page=Detail&DCNumber=613244&TypeSearch=IR,02/09/2019,S.F.R.C.,Natural,Closed
"JONES, MONTERO",https://fdc.myflorida.com/OffenderSearch/detail.aspx?Page=Detail&DCNumber=M59048&TypeSearch=IR,02/10/2019,MARTIN C.I.,Suicide,Closed
"NAIL, HARRY",https://fdc.myflorida.com/OffenderSearch/detail.aspx?Page=Detail&DCNumber=W03328&TypeSearch=IR,02/11/2019,R.M.C.- MAIN UNIT,Suicide,Closed
"HARE, THOMAS",https://fdc.myflorida.com/OffenderSearch/detail.aspx?Page=Detail&DCNumber=L47023&TypeSearch=IR,02/13/2019,DADE C.I.,Natural,Closed
"LESTER, MICHAEL",https://fdc.myflorida.com/OffenderSearch/detail.aspx?Page=Detail&DCNumber=H09408&TypeSearch=IR,02/13/2019,GRACEVILLE C.F.,Suicide,Closed
"DYER, SHANE",https://fdc.myflorida.com/OffenderSearch/detail.aspx?Page=Detail&DCNumber=109468&TypeSearch=IR,02/13/2019,R.M.C.- MAIN UNIT,Natural,Closed
"CURRY, CLIFFORD",https://fdc.myflorida.com/OffenderSearch/detail.aspx?Page=Detail&DCNumber=011867&TypeSearch=IR,02/14/2019,DADE C.I.,Natural,Closed
"PIERCE, DALLAS",https://fdc.myflorida.com/OffenderSearch/detail.aspx?Page=Detail&DCNumber=332744&TypeSearch=IR,02/15/2019,JACKSON C.I.,Natural,Closed
"SMITH, AARON",https://fdc.myflorida.com/OffenderSearch/detail.aspx?Page=Detail&DCNumber=803376&TypeSearch=IR,02/17/2019,R.M.C.- MAIN UNIT,Natural,Closed
"BYERS, ALAN",https://fdc.myflorida.com/OffenderSearch/detail.aspx?Page=Detail&DCNumber=579139&TypeSearch=IR,02/18/2019,HAMILTON ANNEX,Natural,Closed
"JACKSON, RALPH",https://fdc.myflorida.com/OffenderSearch/detail.aspx?Page=Detail&DCNumber=H34674&TypeSearch=IR,02/20/2019,CFRC-SOUTH,Natural,Closed
"BLANCO, JOHNNY",https://fdc.myflorida.com/OffenderSearch/detail.aspx?Page=Detail&DCNumber=044933&TypeSearch=IR,02/20/2019,S.F.R.C.,Natural,Closed
"SHUNN, JOHN",https://fdc.myflorida.com/OffenderSearch/detail.aspx?Page=Detail&DCNumber=594352&TypeSearch=IR,02/23/2019,R.M.C.- MAIN UNIT,Natural,Closed
"GARCIA-VASQUEZ, DENIS",https://fdc.myflorida.com/OffenderSearch/detail.aspx?Page=Detail&DCNumber=G45706&TypeSearch=IR,02/23/2019,R.M.C.- MAIN UNIT,Natural,Closed
,,02/23/2019,WALTON C.I.,Homicide,Closed
"PETTY, JUSTIN",https://fdc.myflorida.com/OffenderSearch/detail.aspx?Page=Detail&DCNumber=R49585&TypeSearch=IR,02/25/2019,BAKER C.I.,Suicide,Closed (https://fdc.myflorida.com/pub/mortality/PDF/R49585.pdf)
"GONZALEZ, ORESTES",https://fdc.myflorida.com/OffenderSearch/detail.aspx?Page=Detail&DCNumber=H38946&TypeSearch=IR,02/27/2019,S.F.R.C.,Natural,Closed
"GONZALEZ, FRANCISCO",https://fdc.myflorida.com/OffenderSearch/detail.aspx?Page=Detail&DCNumber=148965&TypeSearch=IR,02/27/2019,EVERGLADES C.I.,Accident,Closed
"JORDAN, FINIS",https://fdc.myflorida.com/OffenderSearch/detail.aspx?Page=Detail&DCNumber=S37015&TypeSearch=IR,03/02/2019,DADE C.I.,Natural,Closed
"BUCKIUS, JACOB",https://fdc.myflorida.com/OffenderSearch/detail.aspx?Page=Detail&DCNumber=T73461&TypeSearch=IR,03/04/2019,SUMTER C.I.,Suicide,Closed (https://fdc.myflorida.com/pub/mortality/PDF/T73461.pdf)
"MOORE, TORI",https://fdc.myflorida.com/OffenderSearch/detail.aspx?Page=Detail&DCNumber=195444&TypeSearch=IR,03/04/2019,R.M.C.- MAIN UNIT,Natural,Closed
"MARTIN, AUSTIN",https://fdc.myflorida.com/OffenderSearch/detail.aspx?Page=Detail&DCNumber=Y62553&TypeSearch=IR,03/05/2019,TURNING POINT CRC,Accident,OPEN-BCSO
"SEIFERT, HARRY",https://fdc.myflorida.com/OffenderSearch/detail.aspx?Page=Detail&DCNumber=139516&TypeSearch=IR,03/06/2019,SANTA ROSA C.I.,Natural,Closed
"GRIMES, NATHANIEL",https://fdc.myflorida.com/OffenderSearch/detail.aspx?Page=Detail&DCNumber=025051&TypeSearch=IR,03/07/2019,COLUMBIA ANNEX,Natural,Closed
"HANNON, JOHN",https://fdc.myflorida.com/OffenderSearch/detail.aspx?Page=Detail&DCNumber=076426&TypeSearch=IR,03/07/2019,R.M.C.- MAIN UNIT,Natural,Closed
"HILL, CAROLL",https://fdc.myflorida.com/OffenderSearch/detail.aspx?Page=Detail&DCNumber=961729&TypeSearch=IR,03/07/2019,GADSDEN C.F.,Natural,Closed
"COOK, ERNEST",https://fdc.myflorida.com/OffenderSearch/detail.aspx?Page=Detail&DCNumber=400349&TypeSearch=IR,03/10/2019,S.F.R.C.,Natural,Closed
"GIBSON, CHRISTOPHER",https://fdc.myflorida.com/OffenderSearch/detail.aspx?Page=Detail&DCNumber=L06545&TypeSearch=IR,03/10/2019,S.F.R.C.,Natural,Closed
"HAYES, DAVID",https://fdc.myflorida.com/OffenderSearch/detail.aspx?Page=Detail&DCNumber=083278&TypeSearch=IR,03/11/2019,R.M.C.- MAIN UNIT,Natural,Closed
"ROGERS, DOUGLAS",https://fdc.myflorida.com/OffenderSearch/detail.aspx?Page=Detail&DCNumber=P18122&TypeSearch=IR,03/12/2019,DADE C.I.,Natural,Closed
"GRAY, JERRY",https://fdc.myflorida.com/OffenderSearch/detail.aspx?Page=Detail&DCNumber=X82935&TypeSearch=IR,03/12/2019,LIBERTY C.I.,Accident,Closed
"THOMAS, WILLIAM",https://fdc.myflorida.com/OffenderSearch/detail.aspx?Page=Detail&DCNumber=T58375&TypeSearch=IR,03/12/2019,R.M.C.- MAIN UNIT,Natural,Closed
"PINEDA, MARTINA",https://fdc.myflorida.com/OffenderSearch/detail.aspx?Page=Detail&DCNumber=C40208&TypeSearch=IR,03/12/2019,LOWELL C.I.,Natural,Closed
"WILLIAMS, RICHARD",https://fdc.myflorida.com/OffenderSearch/detail.aspx?Page=Detail&DCNumber=013568&TypeSearch=IR,03/13/2019,R.M.C.- MAIN UNIT,Natural,Closed
"COOPER, SANDRA",https://fdc.myflorida.com/OffenderSearch/detail.aspx?Page=Detail&DCNumber=E25049&TypeSearch=IR,03/15/2019,LOWELL ANNEX,Natural,Closed
"HESS, WAYNE",https://fdc.myflorida.com/OffenderSearch/detail.aspx?Page=Detail&DCNumber=F10008&TypeSearch=IR,03/15/2019,R.M.C.- MAIN UNIT,Natural,Closed
"PATE, RANDALL",https://fdc.myflorida.com/OffenderSearch/detail.aspx?Page=Detail&DCNumber=I07965&TypeSearch=IR,03/17/2019,R.M.C.- MAIN UNIT,Natural,Closed
"EDWARDS, KENNETH",https://fdc.myflorida.com/OffenderSearch/detail.aspx?Page=Detail&DCNumber=593319&TypeSearch=IR,03/17/2019,R.M.C.- MAIN UNIT,Natural,Closed
"BOZEMAN, REGINALD",https://fdc.myflorida.com/OffenderSearch/detail.aspx?Page=Detail&DCNumber=190620&TypeSearch=IR,03/18/2019,NWFRC MAIN UNIT.,Accident,CLOSED
"MILLER, RONNIE",https://fdc.myflorida.com/OffenderSearch/detail.aspx?Page=Detail&DCNumber=060222&TypeSearch=IR,03/18/2019,R.M.C.- MAIN UNIT,Natural,Closed
"CANO, ROLANDO",https://fdc.myflorida.com/OffenderSearch/detail.aspx?Page=Detail&DCNumber=B02406&TypeSearch=IR,03/18/2019,S.F.R.C.,Natural,Closed
"PERKINS, ANDREW",https://fdc.myflorida.com/OffenderSearch/detail.aspx?Page=Detail&DCNumber=117442&TypeSearch=IR,03/19/2019,NWFRC MAIN UNIT.,Natural,Closed
"ALLEN, MICHAEL",https://fdc.myflorida.com/OffenderSearch/detail.aspx?Page=Detail&DCNumber=735432&TypeSearch=IR,03/22/2019,DESOTO ANNEX,Natural,Closed
"CARPENTER, DENNIS",https://fdc.myflorida.com/OffenderSearch/detail.aspx?Page=Detail&DCNumber=117624&TypeSearch=IR,03/24/2019,JEFFERSON C.I.,Natural,Closed
"NOCON, JOSE",https://fdc.myflorida.com/OffenderSearch/detail.aspx?Page=Detail&DCNumber=069191&TypeSearch=IR,03/24/2019,ZEPHYRHILLS C.I.,Natural,Closed
"TRUVELL, JESSE",https://fdc.myflorida.com/OffenderSearch/detail.aspx?Page=Detail&DCNumber=578533&TypeSearch=IR,03/26/2019,CFRC-MAIN,Natural,Closed
"PRESLEY, NATHANIEL",https://fdc.myflorida.com/OffenderSearch/detail.aspx?Page=Detail&DCNumber=I07541&TypeSearch=IR,03/26/2019,R.M.C.- MAIN UNIT,Natural,Closed
"RIAS, RONNIE",https://fdc.myflorida.com/OffenderSearch/detail.aspx?Page=Detail&DCNumber=804814&TypeSearch=IR,03/27/2019,R.M.C.- MAIN UNIT,Natural,Closed
"TIJERINA, ROY",https://fdc.myflorida.com/OffenderSearch/detail.aspx?Page=Detail&DCNumber=883755&TypeSearch=IR,03/27/2019,R.M.C.- MAIN UNIT,Natural,Closed
"DENHAM, TERRY",https://fdc.myflorida.com/OffenderSearch/detail.aspx?Page=Detail&DCNumber=148225&TypeSearch=IR,03/27/2019,R.M.C.- MAIN UNIT,Natural,Closed
"BRAND, MARTINEZ",https://fdc.myflorida.com/OffenderSearch/detail.aspx?Page=Detail&DCNumber=059462&TypeSearch=IR,03/30/2019,R.M.C.- MAIN UNIT,Natural,Closed
"ROGERS, GARRET",https://fdc.myflorida.com/OffenderSearch/detail.aspx?Page=Detail&DCNumber=I12082&TypeSearch=IR,03/31/2019,Bridges of Santa Fe,Undetermined,OPEN-FDLE
"PEREZ, MANUEL",https://fdc.myflorida.com/OffenderSearch/detail.aspx?Page=Detail&DCNumber=071104&TypeSearch=IR,04/02/2019,BLACKWATER C.F.,Accident,Closed
"CERNIGLIA, CARL",https://fdc.myflorida.com/OffenderSearch/detail.aspx?Page=Detail&DCNumber=K91484&TypeSearch=IR,04/04/2019,CFRC-MAIN,Natural,Closed
"WEST, RITA",https://fdc.myflorida.com/OffenderSearch/detail.aspx?Page=Detail&DCNumber=I01295&TypeSearch=IR,04/05/2019,LOWELL ANNEX,Natural,Closed
"HARRIS, JACK",https://fdc.myflorida.com/OffenderSearch/detail.aspx?Page=Detail&DCNumber=001648&TypeSearch=IR,04/07/2019,S.F.R.C.,Accident,Closed
"MAGGARD, JOHN",https://fdc.myflorida.com/OffenderSearch/detail.aspx?Page=Detail&DCNumber=009013&TypeSearch=IR,04/08/2019,S.F.R.C.,Natural,Closed
"CLARK, JAMES",https://fdc.myflorida.com/OffenderSearch/detail.aspx?Page=Detail&DCNumber=537252&TypeSearch=IR,04/08/2019,R.M.C.- MAIN UNIT,Natural,Closed
"JOHNSON, RAYMOND",https://fdc.myflorida.com/OffenderSearch/detail.aspx?Page=Detail&DCNumber=085857&TypeSearch=IR,04/09/2019,TOMOKA C.I.,Natural,Closed
"SWASKEE, SYLAS",https://fdc.myflorida.com/OffenderSearch/detail.aspx?Page=Detail&DCNumber=I48226&TypeSearch=IR,04/10/2019,R.M.C.- MAIN UNIT,Natural,Closed
"SANTIAGO, JOSE",https://fdc.myflorida.com/OffenderSearch/detail.aspx?Page=Detail&DCNumber=B60240&TypeSearch=IR,04/11/2019,R.M.C.- MAIN UNIT,Natural,Closed
,,04/11/2019,MARTIN C.I.,Homicide,Closed
"FURMAN, JOHN",https://fdc.myflorida.com/OffenderSearch/detail.aspx?Page=Detail&DCNumber=071717&TypeSearch=IR,04/12/2019,UNION C.I.,Natural,Closed
"CURRY, ERSKINE",https://fdc.myflorida.com/OffenderSearch/detail.aspx?Page=Detail&DCNumber=593467&TypeSearch=IR,04/17/2019,WAKULLA ANNEX,Accident,Closed
"GACITA, ROLANDO",https://fdc.myflorida.com/OffenderSearch/detail.aspx?Page=Detail&DCNumber=L84141&TypeSearch=IR,04/17/2019,R.M.C.- MAIN UNIT,Natural,Closed
"HUGHES, LESTER",https://fdc.myflorida.com/OffenderSearch/detail.aspx?Page=Detail&DCNumber=S37492&TypeSearch=IR,04/17/2019,S.F.R.C.,Natural,Closed
"MUSSER, JON",https://fdc.myflorida.com/OffenderSearch/detail.aspx?Page=Detail&DCNumber=S15997&TypeSearch=IR,04/19/2019,R.M.C.- MAIN UNIT,Natural,Closed
"PRINCE, HARRY",https://fdc.myflorida.com/OffenderSearch/detail.aspx?Page=Detail&DCNumber=B11844&TypeSearch=IR,04/19/2019,WAKULLA ANNEX,Natural,Closed
"MORGAN, RICHARD",https://fdc.myflorida.com/OffenderSearch/detail.aspx?Page=Detail&DCNumber=G06743&TypeSearch=IR,04/19/2019,JEFFERSON C.I.,Natural,Closed
,,04/20/2019,HARDEE C.I.,Homicide,Closed
"VALLS, ALFREDO",https://fdc.myflorida.com/OffenderSearch/detail.aspx?Page=Detail&DCNumber=824832&TypeSearch=IR,04/21/2019,R.M.C.- MAIN UNIT,Natural,Closed
"LINDQUIST, MICHAEL",https://fdc.myflorida.com/OffenderSearch/detail.aspx?Page=Detail&DCNumber=H01829&TypeSearch=IR,04/21/2019,R.M.C.- MAIN UNIT,Natural,Closed
"WILSON, MICHAEL",https://fdc.myflorida.com/OffenderSearch/detail.aspx?Page=Detail&DCNumber=059314&TypeSearch=IR,04/24/2019,CFRC-SOUTH,Natural,Closed
"WALKER, LONNIE",https://fdc.myflorida.com/OffenderSearch/detail.aspx?Page=Detail&DCNumber=080322&TypeSearch=IR,04/25/2019,R.M.C.- MAIN UNIT,Natural,Closed
"GARCIA, CLEMENTE",https://fdc.myflorida.com/OffenderSearch/detail.aspx?Page=Detail&DCNumber=137059&TypeSearch=IR,04/25/2019,R.M.C.- MAIN UNIT,Natural,Closed
"KAIRAWICZ, WILLIAM",https://fdc.myflorida.com/OffenderSearch/detail.aspx?Page=Detail&DCNumber=D92726&TypeSearch=IR,04/25/2019,JEFFERSON C.I.,Accident,CLOSED
"ROCK, LARZIE",https://fdc.myflorida.com/OffenderSearch/detail.aspx?Page=Detail&DCNumber=120483&TypeSearch=IR,04/26/2019,TAYLOR ANNEX,Natural,Closed
"TRUSSELL, TERRY",https://fdc.myflorida.com/OffenderSearch/detail.aspx?Page=Detail&DCNumber=I15405&TypeSearch=IR,04/26/2019,UNION C.I.,Natural,Closed
"HAMMOND, JASON",https://fdc.myflorida.com/OffenderSearch/detail.aspx?Page=Detail&DCNumber=J19603&TypeSearch=IR,04/28/2019,SOUTH BAY C.F.,Accident,Closed
"TUKES, JOHN",https://fdc.myflorida.com/OffenderSearch/detail.aspx?Page=Detail&DCNumber=102415&TypeSearch=IR,04/28/2019,R.M.C.- MAIN UNIT,Natural,Closed
"JOHNSON, KEITH",https://fdc.myflorida.com/OffenderSearch/detail.aspx?Page=Detail&DCNumber=Q04618&TypeSearch=IR,04/29/2019,HAMILTON ANNEX,Accident,Closed
"ADAMS, CECIL",https://fdc.myflorida.com/OffenderSearch/detail.aspx?Page=Detail&DCNumber=794251&TypeSearch=IR,05/03/2019,R.M.C.- MAIN UNIT,Natural,Closed
"ELLIS, LINDA",https://fdc.myflorida.com/OffenderSearch/detail.aspx?Page=Detail&DCNumber=161094&TypeSearch=IR,05/06/2019,LOWELL ANNEX,Natural,Closed
"COPELAND, ARTHUR",https://fdc.myflorida.com/OffenderSearch/detail.aspx?Page=Detail&DCNumber=018765&TypeSearch=IR,05/08/2019,UNION C.I.,Natural,Closed
,,05/08/2019,OKEECHOBEE C.I.,Homicide,OPEN-FDLE
"ROSE, JERRY",https://fdc.myflorida.com/OffenderSearch/detail.aspx?Page=Detail&DCNumber=Q02044&TypeSearch=IR,05/10/2019,SANTA ROSA ANNEX,Natural,Closed
"HILL, SAMUEL",https://fdc.myflorida.com/OffenderSearch/detail.aspx?Page=Detail&DCNumber=803866&TypeSearch=IR,05/10/2019,CFRC-MAIN,Suicide,Closed
,,05/11/2019,MARTIN C.I.,Homicide,Closed
"RESENDEZ, MICHAEL",https://fdc.myflorida.com/OffenderSearch/detail.aspx?Page=Detail&DCNumber=T92478&TypeSearch=IR,05/12/2019,R.M.C.- MAIN UNIT,Natural,Closed
"ZENOBIA, CHARLES",https://fdc.myflorida.com/OffenderSearch/detail.aspx?Page=Detail&DCNumber=650547&TypeSearch=IR,05/12/2019,BLACKWATER C.F.,Natural,Closed
"CHOPPA, DAVID",https://fdc.myflorida.com/OffenderSearch/detail.aspx?Page=Detail&DCNumber=D90868&TypeSearch=IR,05/14/2019,R.M.C.- MAIN UNIT,Natural,Closed
"GROSS, THOMAS",https://fdc.myflorida.com/OffenderSearch/detail.aspx?Page=Detail&DCNumber=926497&TypeSearch=IR,05/14/2019,R.M.C.- MAIN UNIT,Natural,Closed
"SEDIVY, JAMES",https://fdc.myflorida.com/OffenderSearch/detail.aspx?Page=Detail&DCNumber=C10423&TypeSearch=IR,05/14/2019,LIBERTY C.I.,Accident,Closed
"OCANA, ROLANDO",https://fdc.myflorida.com/OffenderSearch/detail.aspx?Page=Detail&DCNumber=104460&TypeSearch=IR,05/15/2019,LAKE C.I.,Natural,Closed
"BERRYHILL, CHRISTOPHER",https://fdc.myflorida.com/OffenderSearch/detail.aspx?Page=Detail&DCNumber=125790&TypeSearch=IR,05/15/2019,MARION C.I.,Suicide,Closed
"WARREN, DONALD",https://fdc.myflorida.com/OffenderSearch/detail.aspx?Page=Detail&DCNumber=053934&TypeSearch=IR,05/16/2019,R.M.C.- MAIN UNIT,Natural,Closed
,,05/18/2019,CROSS CITY C.I.,Homicide,CLOSED
"GREEN, LOVELL",https://fdc.myflorida.com/OffenderSearch/detail.aspx?Page=Detail&DCNumber=072695&TypeSearch=IR,05/19/2019,CFRC-MAIN,Natural,Closed
"BLOME, RICHARD",https://fdc.myflorida.com/OffenderSearch/detail.aspx?Page=Detail&DCNumber=081893&TypeSearch=IR,05/19/2019,BAY C.F.,Natural,Closed
"VALDEZ-PINO, ORESTES",https://fdc.myflorida.com/OffenderSearch/detail.aspx?Page=Detail&DCNumber=399459&TypeSearch=IR,05/19/2019,R.M.C.- MAIN UNIT,Natural,Closed
"BATTLE, TYRANCE",https://fdc.myflorida.com/OffenderSearch/detail.aspx?Page=Detail&DCNumber=301728&TypeSearch=IR,05/20/2019,R.M.C.- MAIN UNIT,Natural,Closed
"SMITH, HERMAN",https://fdc.myflorida.com/OffenderSearch/detail.aspx?Page=Detail&DCNumber=749652&TypeSearch=IR,05/21/2019,HARDEE C.I.,Natural,Closed
"SOLEDAD, JOSE",https://fdc.myflorida.com/OffenderSearch/detail.aspx?Page=Detail&DCNumber=K69703&TypeSearch=IR,05/21/2019,TAYLOR ANNEX,Natural,Closed
"EDWARDS, JOHN",https://fdc.myflorida.com/OffenderSearch/detail.aspx?Page=Detail&DCNumber=011317&TypeSearch=IR,05/22/2019,S.F.R.C.,Accident,OPEN-MDPD
"MCCOY, JOSEPH",https://fdc.myflorida.com/OffenderSearch/detail.aspx?Page=Detail&DCNumber=108813&TypeSearch=IR,05/23/2019,SUWANNEE C.I. ANNEX,Natural,Closed
"BRACE, BUDWIN",https://fdc.myflorida.com/OffenderSearch/detail.aspx?Page=Detail&DCNumber=120679&TypeSearch=IR,05/23/2019,SUMTER C.I.,Natural,Closed
"SUMMERLINE, EARL",https://fdc.myflorida.com/OffenderSearch/detail.aspx?Page=Detail&DCNumber=532632&TypeSearch=IR,05/23/2019,OKEECHOBEE C.I.,Natural,Closed
"BREITBERG, MURRAY",https://fdc.myflorida.com/OffenderSearch/detail.aspx?Page=Detail&DCNumber=L35704&TypeSearch=IR,05/23/2019,S.F.R.C.,Natural,Closed
"BARCENA, HENRY",https://fdc.myflorida.com/OffenderSearch/detail.aspx?Page=Detail&DCNumber=806964&TypeSearch=IR,05/27/2019,R.M.C.- MAIN UNIT,Natural,Closed
"HOLMES, MARCUS",https://fdc.myflorida.com/OffenderSearch/detail.aspx?Page=Detail&DCNumber=024147&TypeSearch=IR,05/27/2019,S.F.R.C.,Natural,Closed
"BEARCE, CHARLES",https://fdc.myflorida.com/OffenderSearch/detail.aspx?Page=Detail&DCNumber=626548&TypeSearch=IR,06/02/2019,S.F.R.C.,Natural,CLOSED
"SIZER, BRADLEY",https://fdc.myflorida.com/OffenderSearch/detail.aspx?Page=Detail&DCNumber=Y04726&TypeSearch=IR,06/03/2019,S.F.R.C. SOUTH,Natural,Closed
"RICE, DEBORAH",https://fdc.myflorida.com/OffenderSearch/detail.aspx?Page=Detail&DCNumber=778000&TypeSearch=IR,06/04/2019,R.M.C.- MAIN UNIT,Natural,Closed
"DAYTON, EDMOND",https://fdc.myflorida.com/OffenderSearch/detail.aspx?Page=Detail&DCNumber=000894&TypeSearch=IR,06/04/2019,S.F.R.C.,Natural,Closed
"SEBAR, PAUL",https://fdc.myflorida.com/OffenderSearch/detail.aspx?Page=Detail&DCNumber=140035&TypeSearch=IR,06/07/2019,R.M.C.- MAIN UNIT,Natural,Closed
"CYPRIAN, MICHAEL",https://fdc.myflorida.com/OffenderSearch/detail.aspx?Page=Detail&DCNumber=376223&TypeSearch=IR,06/07/2019,JEFFERSON C.I.,Natural,Closed
"MILLER, JAMES",https://fdc.myflorida.com/OffenderSearch/detail.aspx?Page=Detail&DCNumber=I13629&TypeSearch=IR,06/07/2019,R.M.C.- MAIN UNIT,Natural,Closed
"SHERIDAN, MARK",https://fdc.myflorida.com/OffenderSearch/detail.aspx?Page=Detail&DCNumber=083779&TypeSearch=IR,06/11/2019,DADE C.I.,Natural,Closed
,,06/14/2019,HAMILTON ANNEX,Homicide,Closed
"VILCHES, JOHN",https://fdc.myflorida.com/OffenderSearch/detail.aspx?Page=Detail&DCNumber=T28039&TypeSearch=IR,06/14/2019,POLK C.I.,Suicide,Closed
"HERNANDEZ, DAVID",https://fdc.myflorida.com/OffenderSearch/detail.aspx?Page=Detail&DCNumber=K00885&TypeSearch=IR,06/15/2019,NWFRC MAIN UNIT.,Natural,Closed
"AYLESWORTH, CRAIG",https://fdc.myflorida.com/OffenderSearch/detail.aspx?Page=Detail&DCNumber=374456&TypeSearch=IR,06/18/2019,CFRC-SOUTH,Natural,Closed
"HIGGINBOTHAM, EARL",https://fdc.myflorida.com/OffenderSearch/detail.aspx?Page=Detail&DCNumber=065950&TypeSearch=IR,06/19/2019,S.F.R.C.,Natural,Closed
"HERBORN, DAVID",https://fdc.myflorida.com/OffenderSearch/detail.aspx?Page=Detail&DCNumber=T10621&TypeSearch=IR,06/19/2019,R.M.C.- MAIN UNIT,Natural,Closed
"CARLTON, PHYLLIS",https://fdc.myflorida.com/OffenderSearch/detail.aspx?Page=Detail&DCNumber=V38875&TypeSearch=IR,06/20/2019,GADSDEN C.F.,Natural,Closed
,,06/21/2019,HOLMES C.I.,Homicide,Closed
"CRAWFORD, GEORGE",https://fdc.myflorida.com/OffenderSearch/detail.aspx?Page=Detail&DCNumber=101902&TypeSearch=IR,06/22/2019,MADISON C.I.,Accident,Closed
"PARKER, TYLON",https://fdc.myflorida.com/OffenderSearch/detail.aspx?Page=Detail&DCNumber=B16327&TypeSearch=IR,06/23/2019,COLUMBIA ANNEX,Natural,Closed
"PICASO-SANCHEZ, NEREO",https://fdc.myflorida.com/OffenderSearch/detail.aspx?Page=Detail&DCNumber=C08099&TypeSearch=IR,06/23/2019,R.M.C.- MAIN UNIT,Natural,Closed
"COLLINS, JAMEL",https://fdc.myflorida.com/OffenderSearch/detail.aspx?Page=Detail&DCNumber=C11618&TypeSearch=IR,06/24/2019,DESOTO ANNEX,Natural,Closed
"CHAMBERS, DWAYNE",https://fdc.myflorida.com/OffenderSearch/detail.aspx?Page=Detail&DCNumber=530082&TypeSearch=IR,06/25/2019,R.M.C.- MAIN UNIT,Natural,Closed
,,06/25/2019,CROSS CITY C.I.,Homicide,CLOSED
,,06/26/2019,MAYO C.I. ANNEX,Homicide,Closed
"DAVIS, JERRY",https://fdc.myflorida.com/OffenderSearch/detail.aspx?Page=Detail&DCNumber=017757&TypeSearch=IR,06/26/2019,R.M.C.- MAIN UNIT,Natural,Closed
"MCDADE, JOHNNY",https://fdc.myflorida.com/OffenderSearch/detail.aspx?Page=Detail&DCNumber=H00497&TypeSearch=IR,06/26/2019,FSP WEST UNIT,Natural,Closed
"WILLIAMS, TERRENCE",https://fdc.myflorida.com/OffenderSearch/detail.aspx?Page=Detail&DCNumber=060859&TypeSearch=IR,06/28/2019,R.M.C.- MAIN UNIT,Natural,Closed
"DYKE, RICHARD",https://fdc.myflorida.com/OffenderSearch/detail.aspx?Page=Detail&DCNumber=157999&TypeSearch=IR,06/29/2019,R.M.C.- MAIN UNIT,Natural,Closed
"SCOTT, BOBBY",https://fdc.myflorida.com/OffenderSearch/detail.aspx?Page=Detail&DCNumber=894971&TypeSearch=IR,06/30/2019,R.M.C.- MAIN UNIT,Natural,Closed