﻿Title,Column 1,Column 2,Column 3,Column 4,Column 5
Name,DC Number,Date of Death,Institution Name,Manner of DeathDetermined by ME,Investigative Status
,,07/01/2019,SANTA ROSA C.I.,Homicide,Closed
"HORTON, MICHAEL",https://fdc.myflorida.com/OffenderSearch/detail.aspx?Page=Detail&DCNumber=073661&TypeSearch=IR,07/02/2019,R.M.C.- MAIN UNIT,Natural,Closed
,,07/05/2019,FLORIDA STATE PRISON,Pending,OPEN-FDLE
"FERGUSON, LEROY",https://fdc.myflorida.com/OffenderSearch/detail.aspx?Page=Detail&DCNumber=716169&TypeSearch=IR,07/06/2019,HOLMES C.I.,Natural,Closed
"BUSSER, WILLIAM",https://fdc.myflorida.com/OffenderSearch/detail.aspx?Page=Detail&DCNumber=N26218&TypeSearch=IR,07/06/2019,R.M.C.- MAIN UNIT,Natural,Closed
"GIGLIO, DUKE",https://fdc.myflorida.com/OffenderSearch/detail.aspx?Page=Detail&DCNumber=053611&TypeSearch=IR,07/06/2019,R.M.C.- MAIN UNIT,Natural,Closed
"COPPERTINO, JOHN",https://fdc.myflorida.com/OffenderSearch/detail.aspx?Page=Detail&DCNumber=341241&TypeSearch=IR,07/07/2019,S.F.R.C.,Natural,Closed
"HULL, DENNIS",https://fdc.myflorida.com/OffenderSearch/detail.aspx?Page=Detail&DCNumber=055530&TypeSearch=IR,07/08/2019,S.F.R.C.,Natural,Closed
"NUNNALLY, JEFFREY",https://fdc.myflorida.com/OffenderSearch/detail.aspx?Page=Detail&DCNumber=069321&TypeSearch=IR,07/09/2019,NWFRC MAIN UNIT.,Natural,Closed
"JONES, JOHNNY",https://fdc.myflorida.com/OffenderSearch/detail.aspx?Page=Detail&DCNumber=479569&TypeSearch=IR,07/09/2019,ZEPHYRHILLS C.I.,Natural,Closed
"JOHNSON, KENNETH",https://fdc.myflorida.com/OffenderSearch/detail.aspx?Page=Detail&DCNumber=452284&TypeSearch=IR,07/10/2019,LIBERTY C.I.,Natural,Closed
"LOVINGOOD, SANFORD",https://fdc.myflorida.com/OffenderSearch/detail.aspx?Page=Detail&DCNumber=N29507&TypeSearch=IR,07/10/2019,R.M.C.- MAIN UNIT,Natural,Closed
"HUBELE, BERNARD",https://fdc.myflorida.com/OffenderSearch/detail.aspx?Page=Detail&DCNumber=621205&TypeSearch=IR,07/11/2019,R.M.C.- MAIN UNIT,Natural,Closed
"CROUCH, TERRY",https://fdc.myflorida.com/OffenderSearch/detail.aspx?Page=Detail&DCNumber=711809&TypeSearch=IR,07/11/2019,DADE C.I.,Natural,Closed
"MCFARLANE, MILTON",https://fdc.myflorida.com/OffenderSearch/detail.aspx?Page=Detail&DCNumber=188808&TypeSearch=IR,07/11/2019,R.M.C.- MAIN UNIT,Natural,Closed
,,07/11/2019,S.F.R.C.,Homicide,Closed
"CAMP, JOSEPH",https://fdc.myflorida.com/OffenderSearch/detail.aspx?Page=Detail&DCNumber=J00222&TypeSearch=IR,07/12/2019,BAKER C.I.,Natural,Closed
"PARKER, BRIAN",https://fdc.myflorida.com/OffenderSearch/detail.aspx?Page=Detail&DCNumber=T78867&TypeSearch=IR,07/13/2019,JACKSON C.I.,Natural,Closed
"WHITE, GEORGE",https://fdc.myflorida.com/OffenderSearch/detail.aspx?Page=Detail&DCNumber=V39900&TypeSearch=IR,07/13/2019,CFRC-SOUTH,Natural,Closed
"GONZALEZ-GUTIERREZ, OSMEL",https://fdc.myflorida.com/OffenderSearch/detail.aspx?Page=Detail&DCNumber=733030&TypeSearch=IR,07/15/2019,S.F.R.C.,Natural,Closed
"OFFORD, ANTWAN",https://fdc.myflorida.com/OffenderSearch/detail.aspx?Page=Detail&DCNumber=M22445&TypeSearch=IR,07/15/2019,FLORIDA STATE PRISON,Suicide,Closed
"BROCK, PHILIP",https://fdc.myflorida.com/OffenderSearch/detail.aspx?Page=Detail&DCNumber=A51416&TypeSearch=IR,07/16/2019,UNION C.I.,Natural,Closed
"SCOTT, LARRY",https://fdc.myflorida.com/OffenderSearch/detail.aspx?Page=Detail&DCNumber=061847&TypeSearch=IR,07/17/2019,DADE C.I.,Natural,Closed
"FORNEY, BRUCE",https://fdc.myflorida.com/OffenderSearch/detail.aspx?Page=Detail&DCNumber=404082&TypeSearch=IR,07/18/2019,LAKE C.I.,Accident,Closed
"POLLOCK, DENNIS",https://fdc.myflorida.com/OffenderSearch/detail.aspx?Page=Detail&DCNumber=H39063&TypeSearch=IR,07/18/2019,AVON PARK C.I.,Suicide,Closed
,,07/20/2019,SANTA ROSA C.I.,Homicide,CLOSED
"WASHINGTON, EDWIN",https://fdc.myflorida.com/OffenderSearch/detail.aspx?Page=Detail&DCNumber=060173&TypeSearch=IR,07/20/2019,NWFRC MAIN UNIT.,Natural,Closed
"PASCHAL, CARL",https://fdc.myflorida.com/OffenderSearch/detail.aspx?Page=Detail&DCNumber=011105&TypeSearch=IR,07/20/2019,R.M.C.- MAIN UNIT,Natural,Closed
"LEWIS, JAMES",https://fdc.myflorida.com/OffenderSearch/detail.aspx?Page=Detail&DCNumber=072915&TypeSearch=IR,07/21/2019,R.M.C.- MAIN UNIT,Natural,Closed
"ROSS, WILTON",https://fdc.myflorida.com/OffenderSearch/detail.aspx?Page=Detail&DCNumber=001158&TypeSearch=IR,07/21/2019,LIBERTY C.I.,Natural,Closed
"MASON, DARVIS",https://fdc.myflorida.com/OffenderSearch/detail.aspx?Page=Detail&DCNumber=784724&TypeSearch=IR,07/22/2019,R.M.C.- MAIN UNIT,Natural,Closed
,,07/22/2019,TAYLOR C.I.,Homicide,Closed
"SPATES, WILLIE",https://fdc.myflorida.com/OffenderSearch/detail.aspx?Page=Detail&DCNumber=323401&TypeSearch=IR,07/23/2019,LAKE C.I.,Natural,Closed
"WHITE, CHARLIE",https://fdc.myflorida.com/OffenderSearch/detail.aspx?Page=Detail&DCNumber=062942&TypeSearch=IR,07/24/2019,R.M.C.- MAIN UNIT,Natural,Closed
"KING, PETER",https://fdc.myflorida.com/OffenderSearch/detail.aspx?Page=Detail&DCNumber=015048&TypeSearch=IR,07/27/2019,UNION C.I.,Natural,Closed
"ZEIGLER, DARRELL",https://fdc.myflorida.com/OffenderSearch/detail.aspx?Page=Detail&DCNumber=327526&TypeSearch=IR,07/27/2019,SANTA ROSA ANNEX,Natural,CLOSED
"STILES, CARL",https://fdc.myflorida.com/OffenderSearch/detail.aspx?Page=Detail&DCNumber=106555&TypeSearch=IR,07/27/2019,CFRC-SOUTH,Natural,Closed
"MORRIS, CHRISTOPHER",https://fdc.myflorida.com/OffenderSearch/detail.aspx?Page=Detail&DCNumber=E35734&TypeSearch=IR,07/28/2019,R.M.C.- MAIN UNIT,Natural,Closed
"MEARA, DAVID",https://fdc.myflorida.com/OffenderSearch/detail.aspx?Page=Detail&DCNumber=K82564&TypeSearch=IR,07/28/2019,TAYLOR ANNEX,Accident,Closed
"CHAPMAN, JOEL",https://fdc.myflorida.com/OffenderSearch/detail.aspx?Page=Detail&DCNumber=124476&TypeSearch=IR,08/02/2019,WAKULLA ANNEX,Suicide,Closed
"EARL, BERTHA",https://fdc.myflorida.com/OffenderSearch/detail.aspx?Page=Detail&DCNumber=560795&TypeSearch=IR,08/02/2019,LOWELL ANNEX,Natural,OPEN
"COSSIO, RAIMUNDO",https://fdc.myflorida.com/OffenderSearch/detail.aspx?Page=Detail&DCNumber=B16097&TypeSearch=IR,08/02/2019,CENTURY C.I.,Natural,Closed
"MOYER, RASLEY",https://fdc.myflorida.com/OffenderSearch/detail.aspx?Page=Detail&DCNumber=C07376&TypeSearch=IR,08/02/2019,MOORE HAVEN C.F.,Natural,Closed
"SALYER, JOHN",https://fdc.myflorida.com/OffenderSearch/detail.aspx?Page=Detail&DCNumber=936489&TypeSearch=IR,08/03/2019,Wakulla Annex,Natural,CLOSED
"WILSON, WILLIAM",https://fdc.myflorida.com/OffenderSearch/detail.aspx?Page=Detail&DCNumber=544466&TypeSearch=IR,08/06/2019,Taylor,Natural,Closed
"PADILLA, EFRAIN",https://fdc.myflorida.com/OffenderSearch/detail.aspx?Page=Detail&DCNumber=Y43684&TypeSearch=IR,08/07/2019,RMC-Main Unit,Natural,Closed
"HARRIS, LEROY",https://fdc.myflorida.com/OffenderSearch/detail.aspx?Page=Detail&DCNumber=W29418&TypeSearch=IR,08/08/2019,Okeechobee,Suicide,Closed
"TOUSSAINT, ELVESTRE",https://fdc.myflorida.com/OffenderSearch/detail.aspx?Page=Detail&DCNumber=W09301&TypeSearch=IR,08/09/2019,RMC-Main Unit,Natural,Closed
"SCHWARK, LESTER",https://fdc.myflorida.com/OffenderSearch/detail.aspx?Page=Detail&DCNumber=254594&TypeSearch=IR,08/10/2019,Graceville CF,Accident,Closed
"WALKER, WARREN",https://fdc.myflorida.com/OffenderSearch/detail.aspx?Page=Detail&DCNumber=012403&TypeSearch=IR,08/10/2019,RMC-Main Unit,Natural,Closed
"BELLE, STEVIE",https://fdc.myflorida.com/OffenderSearch/detail.aspx?Page=Detail&DCNumber=027098&TypeSearch=IR,08/10/2019,RMC-Main Unit,Natural,Closed
"ODONNELL, TERRANCE",https://fdc.myflorida.com/OffenderSearch/detail.aspx?Page=Detail&DCNumber=065655&TypeSearch=IR,08/11/2019,RMC-Main Unit,Natural,Closed
"ALVAREZ, MARIO",https://fdc.myflorida.com/OffenderSearch/detail.aspx?Page=Detail&DCNumber=082841&TypeSearch=IR,08/11/2019,SFRC,Natural,OPEN-MDPD
"MORGAN, JOSHUA",https://fdc.myflorida.com/OffenderSearch/detail.aspx?Page=Detail&DCNumber=158940&TypeSearch=IR,08/12/2019,RMC-Main Unit,Accident,Closed
"PATTERSON, VINCENT",https://fdc.myflorida.com/OffenderSearch/detail.aspx?Page=Detail&DCNumber=100653&TypeSearch=IR,08/13/2019,RMC-Main Unit,Accident,Closed
"CHAPMAN, SHAWN",https://fdc.myflorida.com/OffenderSearch/detail.aspx?Page=Detail&DCNumber=992182&TypeSearch=IR,08/13/2019,CFRC East,Accident,Closed
,,08/13/2019,Cross City,Homicide,Closed
"SMITH, JAMAL",https://fdc.myflorida.com/OffenderSearch/detail.aspx?Page=Detail&DCNumber=W42815&TypeSearch=IR,08/15/2019,Hamilton Annex,Natural,Closed
"LAWSON, ROSS",https://fdc.myflorida.com/OffenderSearch/detail.aspx?Page=Detail&DCNumber=726599&TypeSearch=IR,08/16/2019,Lake,Natural,Closed
"ROMAN, RUBEN",https://fdc.myflorida.com/OffenderSearch/detail.aspx?Page=Detail&DCNumber=C09365&TypeSearch=IR,08/17/2019,RMC-Main Unit,Natural,Closed
"DUPONT, BRETT",https://fdc.myflorida.com/OffenderSearch/detail.aspx?Page=Detail&DCNumber=U31816&TypeSearch=IR,08/17/2019,RMC-Main Unit,Natural,Closed
"GILILEO, TONY",https://fdc.myflorida.com/OffenderSearch/detail.aspx?Page=Detail&DCNumber=351453&TypeSearch=IR,08/17/2019,MADISON C.I.,Natural,Closed
"SIMPSON, MARK",https://fdc.myflorida.com/OffenderSearch/detail.aspx?Page=Detail&DCNumber=384981&TypeSearch=IR,08/17/2019,Blackwater CF,Natural,Closed
"NAWARA, JASON",https://fdc.myflorida.com/OffenderSearch/detail.aspx?Page=Detail&DCNumber=271443&TypeSearch=IR,08/18/2019,Charlotte,Accident,Closed
"BEARD, JAMES",https://fdc.myflorida.com/OffenderSearch/detail.aspx?Page=Detail&DCNumber=912781&TypeSearch=IR,08/19/2019,Hardee,Natural,Closed
"TWILEGAR, MARK",https://fdc.myflorida.com/OffenderSearch/detail.aspx?Page=Detail&DCNumber=Y32888&TypeSearch=IR,08/20/2019,RMC-Main Unit,Natural,Closed
"HORN, KENNETH",https://fdc.myflorida.com/OffenderSearch/detail.aspx?Page=Detail&DCNumber=805262&TypeSearch=IR,08/21/2019,FSP West,Natural,Closed
"LANGLEY, DANIEL",https://fdc.myflorida.com/OffenderSearch/detail.aspx?Page=Detail&DCNumber=909499&TypeSearch=IR,08/21/2019,RMC-Main Unit,Natural,Closed
"STEVENS, WAYNE",https://fdc.myflorida.com/OffenderSearch/detail.aspx?Page=Detail&DCNumber=092857&TypeSearch=IR,08/22/2019,RMC-Main Unit,Natural,Closed
"CRAIG, DONALD",https://fdc.myflorida.com/OffenderSearch/detail.aspx?Page=Detail&DCNumber=071895&TypeSearch=IR,08/22/2019,Suwannee Annex,Natural,Closed
"NAPIER, PHILLIP",https://fdc.myflorida.com/OffenderSearch/detail.aspx?Page=Detail&DCNumber=U34698&TypeSearch=IR,08/25/2019,Walton,Suicide,Closed
,,08/25/2019,Marion,Homicide,Closed
"BELIVEAU, RICHARD",https://fdc.myflorida.com/OffenderSearch/detail.aspx?Page=Detail&DCNumber=U57843&TypeSearch=IR,08/26/2019,RMC-Main Unit,Natural,Closed
,,08/26/2019,CFRC South,Homicide,CLOSED
"WATTS, JACK",https://fdc.myflorida.com/OffenderSearch/detail.aspx?Page=Detail&DCNumber=J48795&TypeSearch=IR,08/28/2019,Wakulla,Natural,Closed
"HOWARD, DANIEL",https://fdc.myflorida.com/OffenderSearch/detail.aspx?Page=Detail&DCNumber=576639&TypeSearch=IR,08/28/2019,RMC-Main Unit,Natural,Closed
"SCHIAVONE, JOSEPH",https://fdc.myflorida.com/OffenderSearch/detail.aspx?Page=Detail&DCNumber=387966&TypeSearch=IR,08/30/2019,Kissinnee CRC,Natural,Closed
"ARMSTRONG, GERALD",https://fdc.myflorida.com/OffenderSearch/detail.aspx?Page=Detail&DCNumber=T24028&TypeSearch=IR,08/30/2019,Apalachee East,Natural,Closed
"TODD, DONNIE",https://fdc.myflorida.com/OffenderSearch/detail.aspx?Page=Detail&DCNumber=H08425&TypeSearch=IR,08/30/2019,Union,Natural,Closed
"COTTON, RODNEY",https://fdc.myflorida.com/OffenderSearch/detail.aspx?Page=Detail&DCNumber=310607&TypeSearch=IR,08/31/2019,CFRC,Natural,Closed
"LOCKETT, WILLIE",https://fdc.myflorida.com/OffenderSearch/detail.aspx?Page=Detail&DCNumber=044296&TypeSearch=IR,08/31/2019,SFRC,Natural,Closed
"GOSS, MILTON",https://fdc.myflorida.com/OffenderSearch/detail.aspx?Page=Detail&DCNumber=077448&TypeSearch=IR,09/01/2019,SUWANNEE C.I. ANNEX,Natural,Closed
,,09/01/2019,APALACHEE EAST UNIT,Homicide,Closed
"GONZALEZ, MOISES",https://fdc.myflorida.com/OffenderSearch/detail.aspx?Page=Detail&DCNumber=429541&TypeSearch=IR,09/02/2019,HAMILTON ANNEX,Suicide,Closed
,,09/02/2019,SFRC,Homicide,OPEN
"POLK, HOWARD",https://fdc.myflorida.com/OffenderSearch/detail.aspx?Page=Detail&DCNumber=H01576&TypeSearch=IR,09/02/2019,R.M.C.- MAIN UNIT,Natural,Closed
"STROUD, PAUL",https://fdc.myflorida.com/OffenderSearch/detail.aspx?Page=Detail&DCNumber=904236&TypeSearch=IR,09/03/2019,LAKE C.I.,Natural,Closed
"WILLIAMS, THOMAS",https://fdc.myflorida.com/OffenderSearch/detail.aspx?Page=Detail&DCNumber=095608&TypeSearch=IR,09/03/2019,R.M.C.- MAIN UNIT,Natural,Closed
"CAPALLIA, MARION",https://fdc.myflorida.com/OffenderSearch/detail.aspx?Page=Detail&DCNumber=033136&TypeSearch=IR,09/04/2019,R.M.C.- MAIN UNIT,Natural,Closed
"REYMAN, SHAUNA",https://fdc.myflorida.com/OffenderSearch/detail.aspx?Page=Detail&DCNumber=E52673&TypeSearch=IR,09/04/2019,LOWELL C.I.,Natural,Closed
"COLLINS, JOHN",https://fdc.myflorida.com/OffenderSearch/detail.aspx?Page=Detail&DCNumber=T38071&TypeSearch=IR,09/06/2019,R.M.C.- MAIN UNIT,Natural,Closed
"CAMFIELD, JOHN",https://fdc.myflorida.com/OffenderSearch/detail.aspx?Page=Detail&DCNumber=H52984&TypeSearch=IR,09/09/2019,CFRC-SOUTH,Natural,Closed
"JOHNSON, CLIFFORD",https://fdc.myflorida.com/OffenderSearch/detail.aspx?Page=Detail&DCNumber=021106&TypeSearch=IR,09/09/2019,NWFRC MAIN UNIT.,Natural,Closed
"DAVIS, ROBERT",https://fdc.myflorida.com/OffenderSearch/detail.aspx?Page=Detail&DCNumber=183137&TypeSearch=IR,09/10/2019,EVERGLADES C.I.,Natural,OPEN-MDPD
"DUPRE, MARK",https://fdc.myflorida.com/OffenderSearch/detail.aspx?Page=Detail&DCNumber=R78762&TypeSearch=IR,09/10/2019,R.M.C.- MAIN UNIT,Natural,Closed
"DANIELS, DERICK",https://fdc.myflorida.com/OffenderSearch/detail.aspx?Page=Detail&DCNumber=397514&TypeSearch=IR,09/11/2019,R.M.C.- MAIN UNIT,Natural,Closed
"SIMON, ROBERTO",https://fdc.myflorida.com/OffenderSearch/detail.aspx?Page=Detail&DCNumber=660873&TypeSearch=IR,09/11/2019,NWFRC ANNEX.,Natural,Closed
"POLE, WILLIE",https://fdc.myflorida.com/OffenderSearch/detail.aspx?Page=Detail&DCNumber=016623&TypeSearch=IR,09/12/2019,CFRC-SOUTH,Natural,Closed
"ALADINO-OJEDA, ERUBEIL",https://fdc.myflorida.com/OffenderSearch/detail.aspx?Page=Detail&DCNumber=Q90505&TypeSearch=IR,09/12/2019,CFRC,Suicide,Closed
"TINGHINO, THOMAS",https://fdc.myflorida.com/OffenderSearch/detail.aspx?Page=Detail&DCNumber=954070&TypeSearch=IR,09/14/2019,COLUMBIA ANNEX,Accident,Closed
"HENRICKSON, SIMMON",https://fdc.myflorida.com/OffenderSearch/detail.aspx?Page=Detail&DCNumber=683746&TypeSearch=IR,09/14/2019,COLUMBIA ANNEX,Accident,Closed
"AUGUSTYNE, JON",https://fdc.myflorida.com/OffenderSearch/detail.aspx?Page=Detail&DCNumber=X46280&TypeSearch=IR,09/19/2019,R.M.C.- MAIN UNIT,Natural,Closed
,,09/20/2019,TOMOKA C.I.,Homicide,Closed
"COTTON, THERON",https://fdc.myflorida.com/OffenderSearch/detail.aspx?Page=Detail&DCNumber=B00896&TypeSearch=IR,09/20/2019,S.F.R.C. SOUTH,Natural,OPEN-MDPD
"LISTON, REGINALD",https://fdc.myflorida.com/OffenderSearch/detail.aspx?Page=Detail&DCNumber=C08708&TypeSearch=IR,09/20/2019,Hardee Work Camp,Natural,OPEN-FDLE
"MORRIS, NICHOLAS",https://fdc.myflorida.com/OffenderSearch/detail.aspx?Page=Detail&DCNumber=D57123&TypeSearch=IR,09/20/2019,MADISON C.I.,Suicide,Closed
"GRIFFITH, THOMAS",https://fdc.myflorida.com/OffenderSearch/detail.aspx?Page=Detail&DCNumber=965730&TypeSearch=IR,09/21/2019,R.M.C.- MAIN UNIT,Natural,Closed
"BEDLION, ANGEL",https://fdc.myflorida.com/OffenderSearch/detail.aspx?Page=Detail&DCNumber=R22654&TypeSearch=IR,09/22/2019,R.M.C.- MAIN UNIT,Natural,Closed
,,09/22/2019,OKEECHOBEE C.I.,Homicide,OPEN-FDLE
"QUINTANA-ACOSTA, JEOVANY",https://fdc.myflorida.com/OffenderSearch/detail.aspx?Page=Detail&DCNumber=M10315&TypeSearch=IR,09/23/2019,WAKULLA ANNEX,Natural,Closed
"MILLER, DANIEL",https://fdc.myflorida.com/OffenderSearch/detail.aspx?Page=Detail&DCNumber=R73902&TypeSearch=IR,09/24/2019,OKEECHOBEE C.I.,Suicide,Closed
"BURKE, KEVIN",https://fdc.myflorida.com/OffenderSearch/detail.aspx?Page=Detail&DCNumber=V16458&TypeSearch=IR,09/25/2019,APALACHEE WEST UNIT,Natural,Closed
"JOHNSON, DONNELL",https://fdc.myflorida.com/OffenderSearch/detail.aspx?Page=Detail&DCNumber=700182&TypeSearch=IR,09/25/2019,CHARLOTTE C.I.,Natural,Closed
"GONZALEZ, JOSE",https://fdc.myflorida.com/OffenderSearch/detail.aspx?Page=Detail&DCNumber=402206&TypeSearch=IR,09/25/2019,UNION C.I.,Accident,Closed
"BENNETT, WILLIAM",https://fdc.myflorida.com/OffenderSearch/detail.aspx?Page=Detail&DCNumber=103055&TypeSearch=IR,09/26/2019,CROSS CITY C.I.,Accident,Closed
"MCDONALD, KENNETH",https://fdc.myflorida.com/OffenderSearch/detail.aspx?Page=Detail&DCNumber=E12875&TypeSearch=IR,09/26/2019,MOORE HAVEN C.F.,Natural,Closed
"CROWDER, CLIFFORD",https://fdc.myflorida.com/OffenderSearch/detail.aspx?Page=Detail&DCNumber=384837&TypeSearch=IR,09/27/2019,S.F.R.C.,Natural,CLOSED
"COLLINS, JOSEPH",https://fdc.myflorida.com/OffenderSearch/detail.aspx?Page=Detail&DCNumber=044998&TypeSearch=IR,10/03/2019,R.M.C.- MAIN UNIT,Natural,Closed
"SPRIGGS, BOBBY",https://fdc.myflorida.com/OffenderSearch/detail.aspx?Page=Detail&DCNumber=089213&TypeSearch=IR,10/03/2019,AVON PARK C.I.,Natural,Closed
"HUTCHINSON, JUSTIN",https://fdc.myflorida.com/OffenderSearch/detail.aspx?Page=Detail&DCNumber=977884&TypeSearch=IR,10/04/2019,S.F.R.C.,Natural,OPEN-MDPD
"SMITH, ROBERT",https://fdc.myflorida.com/OffenderSearch/detail.aspx?Page=Detail&DCNumber=B16287&TypeSearch=IR,10/04/2019,CFRC-MAIN,Natural,Closed
"WILLIAMS, MICHAEL",https://fdc.myflorida.com/OffenderSearch/detail.aspx?Page=Detail&DCNumber=661850&TypeSearch=IR,10/06/2019,TAYLOR C.I.,Natural,Closed
"PETERS, RODNEY",https://fdc.myflorida.com/OffenderSearch/detail.aspx?Page=Detail&DCNumber=D82885&TypeSearch=IR,10/07/2019,GRACEVILLE C.F.,Natural,Closed
"FARSON, EDWARD",https://fdc.myflorida.com/OffenderSearch/detail.aspx?Page=Detail&DCNumber=C10619&TypeSearch=IR,10/08/2019,R.M.C.- MAIN UNIT,Natural,Closed
"MUSIAL, RUTH",https://fdc.myflorida.com/OffenderSearch/detail.aspx?Page=Detail&DCNumber=H36764&TypeSearch=IR,10/08/2019,LOWELL C.I.,Natural,Closed
"SWEET, JAMES",https://fdc.myflorida.com/OffenderSearch/detail.aspx?Page=Detail&DCNumber=021262&TypeSearch=IR,10/10/2019,R.M.C.- MAIN UNIT,Natural,Closed
"BENJAMIN, JUNIAS",https://fdc.myflorida.com/OffenderSearch/detail.aspx?Page=Detail&DCNumber=149880&TypeSearch=IR,10/10/2019,S.F.R.C.,Natural,Closed
"GONZALEZ, ALBERTO",https://fdc.myflorida.com/OffenderSearch/detail.aspx?Page=Detail&DCNumber=380668&TypeSearch=IR,10/11/2019,R.M.C.- MAIN UNIT,Natural,Closed
"THOMAS, ISIAH",https://fdc.myflorida.com/OffenderSearch/detail.aspx?Page=Detail&DCNumber=886318&TypeSearch=IR,10/13/2019,DADE C.I.,Natural,Closed
"SONNEMAN, MICHAEL",https://fdc.myflorida.com/OffenderSearch/detail.aspx?Page=Detail&DCNumber=U57249&TypeSearch=IR,10/13/2019,DESOTO ANNEX,Suicide,Closed
"BROWN, MATTHEW",https://fdc.myflorida.com/OffenderSearch/detail.aspx?Page=Detail&DCNumber=375155&TypeSearch=IR,10/16/2019,R.M.C.- MAIN UNIT,Natural,Closed
"CASTRO, JAIME",https://fdc.myflorida.com/OffenderSearch/detail.aspx?Page=Detail&DCNumber=134910&TypeSearch=IR,10/17/2019,S.F.R.C.,Natural,CLOSED
"BRYANT, DANIEL",https://fdc.myflorida.com/OffenderSearch/detail.aspx?Page=Detail&DCNumber=C05163&TypeSearch=IR,10/17/2019,MARION C.I.,Natural,Closed
"HERRERA, MARIO",https://fdc.myflorida.com/OffenderSearch/detail.aspx?Page=Detail&DCNumber=M29261&TypeSearch=IR,10/17/2019,S.F.R.C SOUTH UNIT,Natural,Closed
"JEFFERSON, RICHARD",https://fdc.myflorida.com/OffenderSearch/detail.aspx?Page=Detail&DCNumber=P30438&TypeSearch=IR,10/18/2019,R.M.C.- MAIN UNIT,Natural,Closed
"DINSEN, JAYR",https://fdc.myflorida.com/OffenderSearch/detail.aspx?Page=Detail&DCNumber=U29052&TypeSearch=IR,10/22/2019,GRACEVILLE C.F.,Suicide,Closed
"BROWN, JOHNNY",https://fdc.myflorida.com/OffenderSearch/detail.aspx?Page=Detail&DCNumber=V31038&TypeSearch=IR,10/26/2019,R.M.C.- MAIN UNIT,Natural,Closed
"BOYD, JAMES",https://fdc.myflorida.com/OffenderSearch/detail.aspx?Page=Detail&DCNumber=635665&TypeSearch=IR,10/28/2019,R.M.C.- MAIN UNIT,Natural,Closed
"NEALY, KASHAK",https://fdc.myflorida.com/OffenderSearch/detail.aspx?Page=Detail&DCNumber=B10824&TypeSearch=IR,10/29/2019,LIBERTY C.I.,Suicide,Closed
"WILLIAMS, ELIJAH",https://fdc.myflorida.com/OffenderSearch/detail.aspx?Page=Detail&DCNumber=734226&TypeSearch=IR,10/30/2019,R.M.C.- MAIN UNIT,Natural,Closed
"SANDERS, PHILLIP",https://fdc.myflorida.com/OffenderSearch/detail.aspx?Page=Detail&DCNumber=863841&TypeSearch=IR,10/30/2019,R.M.C.- MAIN UNIT,Natural,Closed
"BLIZZARD, JAMES",https://fdc.myflorida.com/OffenderSearch/detail.aspx?Page=Detail&DCNumber=Q14131&TypeSearch=IR,10/30/2019,CROSS CITY C.I.,Natural,Closed
"UTT, GLENN",https://fdc.myflorida.com/OffenderSearch/detail.aspx?Page=Detail&DCNumber=745883&TypeSearch=IR,11/01/2019,R.M.C.- MAIN UNIT,Natural,Closed
"SOLOMON, CHINETTE",https://fdc.myflorida.com/OffenderSearch/detail.aspx?Page=Detail&DCNumber=809273&TypeSearch=IR,11/04/2019,LOWELL C.I.,Natural,Closed
"MOFFETT, KENNETH",https://fdc.myflorida.com/OffenderSearch/detail.aspx?Page=Detail&DCNumber=012674&TypeSearch=IR,11/06/2019,CFRC-SOUTH,Natural,Closed
"PIERCE, CLARENCE",https://fdc.myflorida.com/OffenderSearch/detail.aspx?Page=Detail&DCNumber=377515&TypeSearch=IR,11/08/2019,R.M.C.- MAIN UNIT,Natural,Closed
"BECK, RAYMOND",https://fdc.myflorida.com/OffenderSearch/detail.aspx?Page=Detail&DCNumber=Q31032&TypeSearch=IR,11/09/2019,BLACKWATER C.F.,Natural,Closed
"PARKS, ROBERT",https://fdc.myflorida.com/OffenderSearch/detail.aspx?Page=Detail&DCNumber=Q50524&TypeSearch=IR,11/09/2019,BLACKWATER C.F.,Suicide,Closed
"GOMEZ, VERNE",https://fdc.myflorida.com/OffenderSearch/detail.aspx?Page=Detail&DCNumber=H60014&TypeSearch=IR,11/10/2019,R.M.C.- MAIN UNIT,Natural,Closed
"METTERS, DONALD",https://fdc.myflorida.com/OffenderSearch/detail.aspx?Page=Detail&DCNumber=S21530&TypeSearch=IR,11/10/2019,R.M.C.- MAIN UNIT,Natural,Closed
"WHITAKER, SAMUEL",https://fdc.myflorida.com/OffenderSearch/detail.aspx?Page=Detail&DCNumber=044673&TypeSearch=IR,11/11/2019,CFRC-MAIN,Natural,Closed
"DEFEIS, WILLIAM",https://fdc.myflorida.com/OffenderSearch/detail.aspx?Page=Detail&DCNumber=V40010&TypeSearch=IR,11/11/2019,R.M.C.- MAIN UNIT,Natural,Closed
"CHASE, WILLIAM",https://fdc.myflorida.com/OffenderSearch/detail.aspx?Page=Detail&DCNumber=788531&TypeSearch=IR,11/12/2019,DADE C.I.,Natural,Closed
"JONES, ONTRA",https://fdc.myflorida.com/OffenderSearch/detail.aspx?Page=Detail&DCNumber=099863&TypeSearch=IR,11/15/2019,DADE C.I.,Natural,OPEN-FDLE
"SPINNEY, MICHAEL",https://fdc.myflorida.com/OffenderSearch/detail.aspx?Page=Detail&DCNumber=168980&TypeSearch=IR,11/16/2019,R.M.C.- MAIN UNIT,Natural,Closed
"WILLIAMS, CHARLES",https://fdc.myflorida.com/OffenderSearch/detail.aspx?Page=Detail&DCNumber=031826&TypeSearch=IR,11/17/2019,R.M.C.- MAIN UNIT,Natural,Closed
"CARTER, DANIEL",https://fdc.myflorida.com/OffenderSearch/detail.aspx?Page=Detail&DCNumber=J09618&TypeSearch=IR,11/18/2019,HAMILTON ANNEX,Accident,Closed
"OLSEN, ROBERT",https://fdc.myflorida.com/OffenderSearch/detail.aspx?Page=Detail&DCNumber=044153&TypeSearch=IR,11/19/2019,S.F.R.C.,Natural,CLOSED
"EAFFALDANO, PETER",https://fdc.myflorida.com/OffenderSearch/detail.aspx?Page=Detail&DCNumber=832963&TypeSearch=IR,11/19/2019,R.M.C.- MAIN UNIT,Natural,Closed
"TOWER, DOUGLAS",https://fdc.myflorida.com/OffenderSearch/detail.aspx?Page=Detail&DCNumber=131211&TypeSearch=IR,11/22/2019,R.M.C.- MAIN UNIT,Natural,Closed
"ADKINS, WAYNE",https://fdc.myflorida.com/OffenderSearch/detail.aspx?Page=Detail&DCNumber=561314&TypeSearch=IR,11/23/2019,NWFRC MAIN UNIT.,Natural,Closed
"BOYETTE, EARL",https://fdc.myflorida.com/OffenderSearch/detail.aspx?Page=Detail&DCNumber=878056&TypeSearch=IR,11/23/2019,WAKULLA C.I.,Natural,CLOSED
"WELCH, ANTHONY",https://fdc.myflorida.com/OffenderSearch/detail.aspx?Page=Detail&DCNumber=112414&TypeSearch=IR,11/25/2019,DADE C.I.,Natural,Closed
"DUNCAN, RANDALL",https://fdc.myflorida.com/OffenderSearch/detail.aspx?Page=Detail&DCNumber=E39316&TypeSearch=IR,11/25/2019,CFRC-SOUTH,Natural,Closed
"BUCKIUS, TOMMY",https://fdc.myflorida.com/OffenderSearch/detail.aspx?Page=Detail&DCNumber=130665&TypeSearch=IR,11/28/2019,R.M.C.- MAIN UNIT,Natural,Closed
"WELLS, DAVID",https://fdc.myflorida.com/OffenderSearch/detail.aspx?Page=Detail&DCNumber=028238&TypeSearch=IR,11/29/2019,UNION C.I.,Natural,Closed
"MCKAY, JAMES",https://fdc.myflorida.com/OffenderSearch/detail.aspx?Page=Detail&DCNumber=100482&TypeSearch=IR,11/30/2019,WAKULLA C.I.,Natural,Closed
"WADE, JIM",https://fdc.myflorida.com/OffenderSearch/detail.aspx?Page=Detail&DCNumber=H04015&TypeSearch=IR,11/30/2019,R.M.C.- MAIN UNIT,Natural,Closed
"FELTON, FORREST",https://fdc.myflorida.com/OffenderSearch/detail.aspx?Page=Detail&DCNumber=167253&TypeSearch=IR,12/01/2019,TOMOKA C.I.,Natural,Closed
"BROWN, DANIEL",https://fdc.myflorida.com/OffenderSearch/detail.aspx?Page=Detail&DCNumber=R43278&TypeSearch=IR,12/01/2019,R.M.C.- MAIN UNIT,Natural,Closed
"LAMADLINE, MICHAEL",https://fdc.myflorida.com/OffenderSearch/detail.aspx?Page=Detail&DCNumber=038696&TypeSearch=IR,12/03/2019,SANTA ROSA ANNEX,Natural,Closed
"APONTE, JOSE",https://fdc.myflorida.com/OffenderSearch/detail.aspx?Page=Detail&DCNumber=B01404&TypeSearch=IR,12/05/2019,GRACEVILLE C.F.,Accident,Closed
"LANGON, STEVE",https://fdc.myflorida.com/OffenderSearch/detail.aspx?Page=Detail&DCNumber=624939&TypeSearch=IR,12/06/2019,R.M.C.- MAIN UNIT,Natural,Closed
"SPANN, GILBERT",https://fdc.myflorida.com/OffenderSearch/detail.aspx?Page=Detail&DCNumber=059878&TypeSearch=IR,12/07/2019,R.M.C.- MAIN UNIT,Natural,Closed
"GERALDS, JOHN",https://fdc.myflorida.com/OffenderSearch/detail.aspx?Page=Detail&DCNumber=469608&TypeSearch=IR,12/07/2019,R.M.C.- MAIN UNIT,Natural,Closed
"SKINNER, ANTHONY",https://fdc.myflorida.com/OffenderSearch/detail.aspx?Page=Detail&DCNumber=D41687&TypeSearch=IR,12/07/2019,R.M.C.- MAIN UNIT,Natural,Closed
"BEASLEY, RICHARD",https://fdc.myflorida.com/OffenderSearch/detail.aspx?Page=Detail&DCNumber=061661&TypeSearch=IR,12/08/2019,SANTA ROSA ANNEX,Natural,Closed
"STAGAARD, PAUL",https://fdc.myflorida.com/OffenderSearch/detail.aspx?Page=Detail&DCNumber=391951&TypeSearch=IR,12/09/2019,R.M.C.- MAIN UNIT,Natural,Closed
"GRIDER, MICHAEL",https://fdc.myflorida.com/OffenderSearch/detail.aspx?Page=Detail&DCNumber=L99694&TypeSearch=IR,12/09/2019,R.M.C.- MAIN UNIT,Natural,Closed
"THURSTON, LEON",https://fdc.myflorida.com/OffenderSearch/detail.aspx?Page=Detail&DCNumber=K91481&TypeSearch=IR,12/11/2019,R.M.C.- MAIN UNIT,Natural,Closed
"BLANCO, ANGEL",https://fdc.myflorida.com/OffenderSearch/detail.aspx?Page=Detail&DCNumber=M10854&TypeSearch=IR,12/11/2019,DADE C.I.,Natural,Closed
"CANNADY, DOUGLAS",https://fdc.myflorida.com/OffenderSearch/detail.aspx?Page=Detail&DCNumber=009898&TypeSearch=IR,12/12/2019,UNION C.I.,Natural,Closed
"DAVIS, DONNELL",https://fdc.myflorida.com/OffenderSearch/detail.aspx?Page=Detail&DCNumber=K54168&TypeSearch=IR,12/12/2019,DADE C.I.,Natural,OPEN-FDLE
"ROBINSON, ALBERT",https://fdc.myflorida.com/OffenderSearch/detail.aspx?Page=Detail&DCNumber=092687&TypeSearch=IR,12/14/2019,APALACHEE WEST UNIT,Natural,Closed
"RIVERA, MICHAEL",https://fdc.myflorida.com/OffenderSearch/detail.aspx?Page=Detail&DCNumber=B08889&TypeSearch=IR,12/14/2019,COLUMBIA ANNEX,Natural,Closed
"EDWARD, GERALD",https://fdc.myflorida.com/OffenderSearch/detail.aspx?Page=Detail&DCNumber=C07849&TypeSearch=IR,12/14/2019,WALTON C.I.,Natural,Closed
"TAYLOR, BRIAN",https://fdc.myflorida.com/OffenderSearch/detail.aspx?Page=Detail&DCNumber=131490&TypeSearch=IR,12/15/2019,MADISON C.I.,Suicide,Closed
"TORRES, RAMON",https://fdc.myflorida.com/OffenderSearch/detail.aspx?Page=Detail&DCNumber=B04146&TypeSearch=IR,12/16/2019,S.F.R.C.,Natural,Closed
"HOLMES, CHARLES",https://fdc.myflorida.com/OffenderSearch/detail.aspx?Page=Detail&DCNumber=929254&TypeSearch=IR,12/18/2019,LAKE C.I.,Natural,Closed
"TEAGUE, LARRY",https://fdc.myflorida.com/OffenderSearch/detail.aspx?Page=Detail&DCNumber=036180&TypeSearch=IR,12/20/2019,WAKULLA C.I.,Natural,Closed
"ASHLEY, HENRY",https://fdc.myflorida.com/OffenderSearch/detail.aspx?Page=Detail&DCNumber=028736&TypeSearch=IR,12/21/2019,COLUMBIA C.I.,Natural,Closed
"CRALL, GEORGE",https://fdc.myflorida.com/OffenderSearch/detail.aspx?Page=Detail&DCNumber=U16011&TypeSearch=IR,12/22/2019,R.M.C.- MAIN UNIT,Natural,Closed
"FLOWERS, SYLVESTER",https://fdc.myflorida.com/OffenderSearch/detail.aspx?Page=Detail&DCNumber=034383&TypeSearch=IR,12/23/2019,DADE C.I.,Natural,Closed
"BROWN, JOHN",https://fdc.myflorida.com/OffenderSearch/detail.aspx?Page=Detail&DCNumber=687244&TypeSearch=IR,12/24/2019,R.M.C.- MAIN UNIT,Natural,Closed
,,12/26/2019,UNION C.I.,Pending,Closed
"DIAZ, AUGUSTINE",https://fdc.myflorida.com/OffenderSearch/detail.aspx?Page=Detail&DCNumber=R13288&TypeSearch=IR,12/26/2019,PUTNAM C.I.,Natural,Closed
"COLEMAN, GEORGE",https://fdc.myflorida.com/OffenderSearch/detail.aspx?Page=Detail&DCNumber=097032&TypeSearch=IR,12/28/2019,R.M.C.- MAIN UNIT,Natural,Closed
"ESTIME, JEAN",https://fdc.myflorida.com/OffenderSearch/detail.aspx?Page=Detail&DCNumber=I55918&TypeSearch=IR,12/28/2019,R.M.C.- MAIN UNIT,Natural,Closed
"KING, MICHAEL",https://fdc.myflorida.com/OffenderSearch/detail.aspx?Page=Detail&DCNumber=026929&TypeSearch=IR,12/31/2019,CROSS CITY C.I.,Natural,Closed
"EMMONS, ALBRY",https://fdc.myflorida.com/OffenderSearch/detail.aspx?Page=Detail&DCNumber=157832&TypeSearch=IR,12/31/2019,R.M.C.- MAIN UNIT,Natural,Closed
"REYES, OMAR",https://fdc.myflorida.com/OffenderSearch/detail.aspx?Page=Detail&DCNumber=M93343&TypeSearch=IR,01/01/2020,HAMILTON ANNEX,Suicide,Closed
"MILLER, JOHN",https://fdc.myflorida.com/OffenderSearch/detail.aspx?Page=Detail&DCNumber=047090&TypeSearch=IR,01/02/2020,R.M.C.- MAIN UNIT,Natural,Closed
"BECERRIL, ROLANDO",https://fdc.myflorida.com/OffenderSearch/detail.aspx?Page=Detail&DCNumber=187330&TypeSearch=IR,01/02/2020,S.F.R.C.,Natural,Closed
"SMITH, ROBERT",https://fdc.myflorida.com/OffenderSearch/detail.aspx?Page=Detail&DCNumber=M13927&TypeSearch=IR,01/02/2020,CHARLOTTE C.I.,Natural,Closed
"SMITH, TERRY",https://fdc.myflorida.com/OffenderSearch/detail.aspx?Page=Detail&DCNumber=E10627&TypeSearch=IR,01/03/2020,CFRC-MAIN,Accident,Closed
"CLARK, BENTON",https://fdc.myflorida.com/OffenderSearch/detail.aspx?Page=Detail&DCNumber=H80220&TypeSearch=IR,01/03/2020,SOUTH BAY C.F.,Natural,Closed
"COOPER, KEITH",https://fdc.myflorida.com/OffenderSearch/detail.aspx?Page=Detail&DCNumber=D18794&TypeSearch=IR,01/05/2020,S.F.R.C.,Natural,Closed
"HALL, BOBBY",https://fdc.myflorida.com/OffenderSearch/detail.aspx?Page=Detail&DCNumber=Y64830&TypeSearch=IR,01/06/2020,R.M.C.- MAIN UNIT,Natural,Closed
"BARNES, DENNIS",https://fdc.myflorida.com/OffenderSearch/detail.aspx?Page=Detail&DCNumber=970196&TypeSearch=IR,01/08/2020,CALHOUN C.I.,Accident,Closed
"SPEER, ERNEST",https://fdc.myflorida.com/OffenderSearch/detail.aspx?Page=Detail&DCNumber=D28121&TypeSearch=IR,01/08/2020,CFRC-MAIN,Natural,Closed
"HUERTA, EVASIO",https://fdc.myflorida.com/OffenderSearch/detail.aspx?Page=Detail&DCNumber=B10317&TypeSearch=IR,01/09/2020,ZEPHYRHILLS C.I.,Natural,Closed
"ELMORE, TONY",https://fdc.myflorida.com/OffenderSearch/detail.aspx?Page=Detail&DCNumber=033318&TypeSearch=IR,01/10/2020,R.M.C.- MAIN UNIT,Natural,Closed
"RAGSDALE, EDWARD",https://fdc.myflorida.com/OffenderSearch/detail.aspx?Page=Detail&DCNumber=922091&TypeSearch=IR,01/10/2020,R.M.C.- MAIN UNIT,Natural,Closed
"MORRIS, CHRISTOPHER",https://fdc.myflorida.com/OffenderSearch/detail.aspx?Page=Detail&DCNumber=T75728&TypeSearch=IR,01/10/2020,OKEECHOBEE C.I.,Accident,Closed
"WILBERT, MARVIN",https://fdc.myflorida.com/OffenderSearch/detail.aspx?Page=Detail&DCNumber=121995&TypeSearch=IR,01/11/2020,COLUMBIA ANNEX,Natural,Closed
"KOPSON, STEVEN",https://fdc.myflorida.com/OffenderSearch/detail.aspx?Page=Detail&DCNumber=B09606&TypeSearch=IR,01/12/2020,SOUTH BAY C.F.,Natural,Closed
"WAGONER, JOSEPH",https://fdc.myflorida.com/OffenderSearch/detail.aspx?Page=Detail&DCNumber=793055&TypeSearch=IR,01/14/2020,DADE C.I.,Natural,Closed
"HAINES, GUY",https://fdc.myflorida.com/OffenderSearch/detail.aspx?Page=Detail&DCNumber=221811&TypeSearch=IR,01/16/2020,TAYLOR C.I.,Natural,Closed
,,01/16/2020,S.F.R.C.,Homicide,Closed
"SMITH, RICHARD",https://fdc.myflorida.com/OffenderSearch/detail.aspx?Page=Detail&DCNumber=G07740&TypeSearch=IR,01/17/2020,R.M.C.- MAIN UNIT,Natural,Closed
"HERNANDEZ, ANTONIO",https://fdc.myflorida.com/OffenderSearch/detail.aspx?Page=Detail&DCNumber=082964&TypeSearch=IR,01/18/2020,S.F.R.C SOUTH UNIT,Natural,Closed
"CRUME, JEFFREY",https://fdc.myflorida.com/OffenderSearch/detail.aspx?Page=Detail&DCNumber=992345&TypeSearch=IR,01/18/2020,CROSS CITY C.I.,Accident,Closed
"RODRIGUEZ, JOE",https://fdc.myflorida.com/OffenderSearch/detail.aspx?Page=Detail&DCNumber=M25666&TypeSearch=IR,01/18/2020,S.F.R.C.,Natural,Suspended
"CASAL, YORDANY",https://fdc.myflorida.com/OffenderSearch/detail.aspx?Page=Detail&DCNumber=D84346&TypeSearch=IR,01/21/2020,DADE C.I.,Accident,OPEN-FDLE
"JAMES, DAVIDSON",https://fdc.myflorida.com/OffenderSearch/detail.aspx?Page=Detail&DCNumber=021861&TypeSearch=IR,01/22/2020,FRANKLIN C.I.,Natural,Closed
"LEVINE, GEORGE",https://fdc.myflorida.com/OffenderSearch/detail.aspx?Page=Detail&DCNumber=197877&TypeSearch=IR,01/23/2020,R.M.C.- MAIN UNIT,Natural,Closed
"ENSLOW, MARCUS",https://fdc.myflorida.com/OffenderSearch/detail.aspx?Page=Detail&DCNumber=345502&TypeSearch=IR,01/25/2020,R.M.C.- MAIN UNIT,Natural,Closed
"ESQUIVEL, JERONIMO",https://fdc.myflorida.com/OffenderSearch/detail.aspx?Page=Detail&DCNumber=508028&TypeSearch=IR,01/27/2020,SUMTER  C.I.,Natural,Closed
"DIXON, HENRY",https://fdc.myflorida.com/OffenderSearch/detail.aspx?Page=Detail&DCNumber=063139&TypeSearch=IR,01/28/2020,R.M.C.- MAIN UNIT,Natural,Closed
"TANNEY, DONALD",https://fdc.myflorida.com/OffenderSearch/detail.aspx?Page=Detail&DCNumber=U04653&TypeSearch=IR,01/29/2020,R.M.C.- MAIN UNIT,Natural,Closed
"SIMMONS, KELVIN",https://fdc.myflorida.com/OffenderSearch/detail.aspx?Page=Detail&DCNumber=X06524&TypeSearch=IR,01/29/2020,R.M.C.- MAIN UNIT,Natural,Closed
"MILLER, DIARTIS",https://fdc.myflorida.com/OffenderSearch/detail.aspx?Page=Detail&DCNumber=097008&TypeSearch=IR,01/30/2020,DESOTO ANNEX,Natural,Closed
"HAINES, ROBERT",https://fdc.myflorida.com/OffenderSearch/detail.aspx?Page=Detail&DCNumber=X17507&TypeSearch=IR,01/30/2020,R.M.C.- MAIN UNIT,Natural,Closed
"MORRIN, WILLIAM",https://fdc.myflorida.com/OffenderSearch/detail.aspx?Page=Detail&DCNumber=818430&TypeSearch=IR,02/01/2020,R.M.C.- MAIN UNIT,Natural,Closed
"AVILA, MANUEL",https://fdc.myflorida.com/OffenderSearch/detail.aspx?Page=Detail&DCNumber=R56343&TypeSearch=IR,02/01/2020,R.M.C.- MAIN UNIT,Natural,Closed
"SUTTON, DAVID",https://fdc.myflorida.com/OffenderSearch/detail.aspx?Page=Detail&DCNumber=U12107&TypeSearch=IR,02/01/2020,R.M.C.- MAIN UNIT,Natural,Closed
"BELL, ANTHONY",https://fdc.myflorida.com/OffenderSearch/detail.aspx?Page=Detail&DCNumber=455471&TypeSearch=IR,02/02/2020,JEFFERSON C.I.,Accident,Closed
"HARRIGAN, DANNY",https://fdc.myflorida.com/OffenderSearch/detail.aspx?Page=Detail&DCNumber=102554&TypeSearch=IR,02/02/2020,LAKE C.I.,Natural,Closed
"KOSKI, REINO",https://fdc.myflorida.com/OffenderSearch/detail.aspx?Page=Detail&DCNumber=023656&TypeSearch=IR,02/02/2020,R.M.C.- MAIN UNIT,Natural,Closed
"JONES, L",https://fdc.myflorida.com/OffenderSearch/detail.aspx?Page=Detail&DCNumber=096717&TypeSearch=IR,02/02/2020,S.F.R.C.,Natural,OPEN-MDPD
"PHELPS, YVONNE",https://fdc.myflorida.com/OffenderSearch/detail.aspx?Page=Detail&DCNumber=501350&TypeSearch=IR,02/03/2020,LOWELL ANNEX,Natural,Closed
"GRIFFIN, CURTIS",https://fdc.myflorida.com/OffenderSearch/detail.aspx?Page=Detail&DCNumber=186549&TypeSearch=IR,02/03/2020,R.M.C.- MAIN UNIT,Natural,Closed
"HOFAKER, TIMOTHY",https://fdc.myflorida.com/OffenderSearch/detail.aspx?Page=Detail&DCNumber=C70275&TypeSearch=IR,02/04/2020,R.M.C.- MAIN UNIT,Natural,Closed
"NINOV, ALFONSO",https://fdc.myflorida.com/OffenderSearch/detail.aspx?Page=Detail&DCNumber=442806&TypeSearch=IR,02/05/2020,R.M.C.- MAIN UNIT,Natural,Closed
"SAVICH, MICHAEL",https://fdc.myflorida.com/OffenderSearch/detail.aspx?Page=Detail&DCNumber=147665&TypeSearch=IR,02/05/2020,S.F.R.C.,Natural,Closed
"LOEBEL, TOMAS",https://fdc.myflorida.com/OffenderSearch/detail.aspx?Page=Detail&DCNumber=V39780&TypeSearch=IR,02/06/2020,MOORE HAVEN C.F.,Natural,Closed
"LEE, MICHAEL",https://fdc.myflorida.com/OffenderSearch/detail.aspx?Page=Detail&DCNumber=N06974&TypeSearch=IR,02/06/2020,NWFRC ANNEX.,Accident,Closed
"BALL, EUGENE",https://fdc.myflorida.com/OffenderSearch/detail.aspx?Page=Detail&DCNumber=047585&TypeSearch=IR,02/06/2020,WAKULLA C.I.,Natural,Closed
"CLARK, DARREL",https://fdc.myflorida.com/OffenderSearch/detail.aspx?Page=Detail&DCNumber=X55424&TypeSearch=IR,02/07/2020,HAMILTON ANNEX,Accident,Closed
"WESTBERRY, JAMES",https://fdc.myflorida.com/OffenderSearch/detail.aspx?Page=Detail&DCNumber=K73360&TypeSearch=IR,02/07/2020,R.M.C.- MAIN UNIT,Natural,Closed
"KATZ, MERVIN",https://fdc.myflorida.com/OffenderSearch/detail.aspx?Page=Detail&DCNumber=N40245&TypeSearch=IR,02/07/2020,R.M.C.- MAIN UNIT,Natural,Closed
"COWSER, LEROY",https://fdc.myflorida.com/OffenderSearch/detail.aspx?Page=Detail&DCNumber=275809&TypeSearch=IR,02/07/2020,WAKULLA C.I.,Natural,Closed
"ODUM, WILLIAM",https://fdc.myflorida.com/OffenderSearch/detail.aspx?Page=Detail&DCNumber=353488&TypeSearch=IR,02/10/2020,R.M.C.- MAIN UNIT,Natural,Closed
"COLLINS, KIMBERLY",https://fdc.myflorida.com/OffenderSearch/detail.aspx?Page=Detail&DCNumber=156499&TypeSearch=IR,02/11/2020,R.M.C.- MAIN UNIT,Natural,Closed
"MCQUEEN, DESHAWN",https://fdc.myflorida.com/OffenderSearch/detail.aspx?Page=Detail&DCNumber=P01579&TypeSearch=IR,02/11/2020,SANTA ROSA ANNEX,Accident,Closed
"TURNQUEST, KEVIN",https://fdc.myflorida.com/OffenderSearch/detail.aspx?Page=Detail&DCNumber=190266&TypeSearch=IR,02/11/2020,SOUTH BAY C.F.,Natural,Closed
"FLETCHER, GARY",https://fdc.myflorida.com/OffenderSearch/detail.aspx?Page=Detail&DCNumber=135797&TypeSearch=IR,02/12/2020,R.M.C.- MAIN UNIT,Natural,Closed
"WELCH, ERIC",https://fdc.myflorida.com/OffenderSearch/detail.aspx?Page=Detail&DCNumber=B11870&TypeSearch=IR,02/12/2020,SOUTH BAY C.F.,Accident,CLOSED
"FERNANDEZ, ALEXANDER",https://fdc.myflorida.com/OffenderSearch/detail.aspx?Page=Detail&DCNumber=M07800&TypeSearch=IR,02/13/2020,BLACKWATER C.F.,Natural,Closed
"CRUM, LONNIE",https://fdc.myflorida.com/OffenderSearch/detail.aspx?Page=Detail&DCNumber=D29530&TypeSearch=IR,02/14/2020,HAMILTON ANNEX,Natural,Closed
"BUCKHANNON, FRED",https://fdc.myflorida.com/OffenderSearch/detail.aspx?Page=Detail&DCNumber=015901&TypeSearch=IR,02/14/2020,R.M.C.- MAIN UNIT,Natural,Closed
"WILLIAMS, TERRANCE",https://fdc.myflorida.com/OffenderSearch/detail.aspx?Page=Detail&DCNumber=C90541&TypeSearch=IR,02/14/2020,R.M.C.- MAIN UNIT,Natural,Closed
"NODINE, ROBERT",https://fdc.myflorida.com/OffenderSearch/detail.aspx?Page=Detail&DCNumber=G15373&TypeSearch=IR,02/15/2020,R.M.C.- MAIN UNIT,Natural,Closed
"MCGETT, ARTHUR",https://fdc.myflorida.com/OffenderSearch/detail.aspx?Page=Detail&DCNumber=040391&TypeSearch=IR,02/15/2020,S.F.R.C.,Natural,Closed
"WILLIAMS, KEVIN",https://fdc.myflorida.com/OffenderSearch/detail.aspx?Page=Detail&DCNumber=158302&TypeSearch=IR,02/17/2020,JACKSON C.I.,Accident,Closed
"WHITE, PAUL",https://fdc.myflorida.com/OffenderSearch/detail.aspx?Page=Detail&DCNumber=126756&TypeSearch=IR,02/17/2020,SANTA ROSA C.I.,Accident,Closed
"PRINGLE, FELICIA",https://fdc.myflorida.com/OffenderSearch/detail.aspx?Page=Detail&DCNumber=K74799&TypeSearch=IR,02/18/2020,ORLANDO C.R.C.,Accident,OPEN
"NORTON, CARL",https://fdc.myflorida.com/OffenderSearch/detail.aspx?Page=Detail&DCNumber=T69675&TypeSearch=IR,02/19/2020,OKEECHOBEE C.I.,Accident,Closed
"CAPLES, JOE",https://fdc.myflorida.com/OffenderSearch/detail.aspx?Page=Detail&DCNumber=Q15076&TypeSearch=IR,02/19/2020,R.M.C.- MAIN UNIT,Natural,Closed
"LANGSTON, SANTIAGO",https://fdc.myflorida.com/OffenderSearch/detail.aspx?Page=Detail&DCNumber=R57691&TypeSearch=IR,02/19/2020,SANTA ROSA C.I.,Suicide,Closed
"HUNT, ROBERT",https://fdc.myflorida.com/OffenderSearch/detail.aspx?Page=Detail&DCNumber=433925&TypeSearch=IR,02/22/2020,BLACKWATER C.F.,Natural,Closed
"TORRES-RODRIGUEZ, JOSE",https://fdc.myflorida.com/OffenderSearch/detail.aspx?Page=Detail&DCNumber=C03268&TypeSearch=IR,02/22/2020,LIBERTY C.I.,Accident,Closed
"NELSON, KENNETH",https://fdc.myflorida.com/OffenderSearch/detail.aspx?Page=Detail&DCNumber=056089&TypeSearch=IR,02/22/2020,R.M.C.- MAIN UNIT,Natural,Closed
"WILLIAMS, SPENCER",https://fdc.myflorida.com/OffenderSearch/detail.aspx?Page=Detail&DCNumber=090731&TypeSearch=IR,02/24/2020,OKEECHOBEE C.I.,Natural,Closed
"TRICK, SHELDON",https://fdc.myflorida.com/OffenderSearch/detail.aspx?Page=Detail&DCNumber=H32256&TypeSearch=IR,02/25/2020,R.M.C.- MAIN UNIT,Natural,Closed
"TRUDELL, DONALD",https://fdc.myflorida.com/OffenderSearch/detail.aspx?Page=Detail&DCNumber=790685&TypeSearch=IR,02/27/2020,R.M.C.- MAIN UNIT,Natural,Closed
"HARGROVE, WILLIAM",https://fdc.myflorida.com/OffenderSearch/detail.aspx?Page=Detail&DCNumber=110941&TypeSearch=IR,02/28/2020,LIBERTY C.I.,Accident,Closed
"RAPPLEAN, DAVID",https://fdc.myflorida.com/OffenderSearch/detail.aspx?Page=Detail&DCNumber=L04472&TypeSearch=IR,02/28/2020,LIBERTY C.I.,Natural,Closed
"TUCKER, DAVID",https://fdc.myflorida.com/OffenderSearch/detail.aspx?Page=Detail&DCNumber=942104&TypeSearch=IR,02/28/2020,WAKULLA C.I.,Natural,Closed
"FRANKENBERRY, JAMES",https://fdc.myflorida.com/OffenderSearch/detail.aspx?Page=Detail&DCNumber=086431&TypeSearch=IR,02/29/2020,NWFRC ANNEX.,Natural,Closed
"HUNTER, FREDERICK",https://fdc.myflorida.com/OffenderSearch/detail.aspx?Page=Detail&DCNumber=W47112&TypeSearch=IR,03/01/2020,SANTA ROSA C.I.,Accident,Closed
"RAMIREZ, RICARDO",https://fdc.myflorida.com/OffenderSearch/detail.aspx?Page=Detail&DCNumber=L67112&TypeSearch=IR,03/01/2020,UNION C.I.,Suicide,Closed
"THORNTON, RONNIE",https://fdc.myflorida.com/OffenderSearch/detail.aspx?Page=Detail&DCNumber=505059&TypeSearch=IR,03/01/2020,HAMILTON ANNEX,Natural,Closed
"DAVILA, JOSE",https://fdc.myflorida.com/OffenderSearch/detail.aspx?Page=Detail&DCNumber=J80115&TypeSearch=IR,03/01/2020,S.F.R.C.,Natural,OPEN-MDPD
"CHOUINARD, ROBERT",https://fdc.myflorida.com/OffenderSearch/detail.aspx?Page=Detail&DCNumber=696410&TypeSearch=IR,03/02/2020,COLUMBIA C.I.,Accident,Closed
"MCCLINTON, PHILLIP",https://fdc.myflorida.com/OffenderSearch/detail.aspx?Page=Detail&DCNumber=H08821&TypeSearch=IR,03/06/2020,DADE C.I.,Natural,OPEN-MDPD
"KIRSHNER, JACK",https://fdc.myflorida.com/OffenderSearch/detail.aspx?Page=Detail&DCNumber=043470&TypeSearch=IR,03/07/2020,R.M.C.- MAIN UNIT,Natural,Closed
"TUTHILL, MICHAEL",https://fdc.myflorida.com/OffenderSearch/detail.aspx?Page=Detail&DCNumber=095396&TypeSearch=IR,03/07/2020,R.M.C.- MAIN UNIT,Natural,Closed
"MORGAN, FLOYD",https://fdc.myflorida.com/OffenderSearch/detail.aspx?Page=Detail&DCNumber=029687&TypeSearch=IR,03/08/2020,WAKULLA C.I.,Natural,Closed
,,03/11/2020,JACKSON C.I.,Homicide,Closed
"JONES, JAMES",https://fdc.myflorida.com/OffenderSearch/detail.aspx?Page=Detail&DCNumber=K75428&TypeSearch=IR,03/11/2020,CALHOUN C.I.,Natural,Closed
"PETEJA, EDWARD",https://fdc.myflorida.com/OffenderSearch/detail.aspx?Page=Detail&DCNumber=S17996&TypeSearch=IR,03/11/2020,R.M.C.- MAIN UNIT,Natural,Closed
"HERALD, MICHAEL",https://fdc.myflorida.com/OffenderSearch/detail.aspx?Page=Detail&DCNumber=T38903&TypeSearch=IR,03/11/2020,CFRC-SOUTH,Natural,Closed
"BRAUN, ARONALD",https://fdc.myflorida.com/OffenderSearch/detail.aspx?Page=Detail&DCNumber=140154&TypeSearch=IR,03/12/2020,GRACEVILLE C.F.,Natural,Closed
,,03/15/2020,R.M.C.- MAIN UNIT,Homicide,CLOSED
"FREEMAN, LANTZ",https://fdc.myflorida.com/OffenderSearch/detail.aspx?Page=Detail&DCNumber=612291&TypeSearch=IR,03/16/2020,ZEPHYRHILLS C.I.,Suicide,Closed
"LOFTIN, MICHAEL",https://fdc.myflorida.com/OffenderSearch/detail.aspx?Page=Detail&DCNumber=U30606&TypeSearch=IR,03/19/2020,R.M.C.- MAIN UNIT,Natural,Closed
"ANDERSON, ROY",https://fdc.myflorida.com/OffenderSearch/detail.aspx?Page=Detail&DCNumber=278473&TypeSearch=IR,03/19/2020,UNION C.I.,Natural,Closed
"CLARK, TIMOTHY",https://fdc.myflorida.com/OffenderSearch/detail.aspx?Page=Detail&DCNumber=537573&TypeSearch=IR,03/19/2020,AVON PARK C.I.,Natural,Closed
"CASTELLANOS, RAFAEL",https://fdc.myflorida.com/OffenderSearch/detail.aspx?Page=Detail&DCNumber=K08134&TypeSearch=IR,03/20/2020,S.F.R.C.,Natural,OPEN-MDPD
"JACKSON, NATHANIEL",https://fdc.myflorida.com/OffenderSearch/detail.aspx?Page=Detail&DCNumber=718363&TypeSearch=IR,03/21/2020,S.F.R.C.,Natural,OPEN-MDPD
"MADDEN, LOUIS",https://fdc.myflorida.com/OffenderSearch/detail.aspx?Page=Detail&DCNumber=951424&TypeSearch=IR,03/22/2020,COLUMBIA C.I.,Natural,Closed
"MARTINEZ, JESUS",https://fdc.myflorida.com/OffenderSearch/detail.aspx?Page=Detail&DCNumber=080865&TypeSearch=IR,03/23/2020,R.M.C.- MAIN UNIT,Natural,Closed
"WILLIAMS, ROY",https://fdc.myflorida.com/OffenderSearch/detail.aspx?Page=Detail&DCNumber=985097&TypeSearch=IR,03/23/2020,R.M.C.- MAIN UNIT,Natural,Closed
"BROOKS, KENNETH",https://fdc.myflorida.com/OffenderSearch/detail.aspx?Page=Detail&DCNumber=476359&TypeSearch=IR,03/25/2020,SUWANNEE C.I. ANNEX,Natural,Closed
"SIMON, SAMUEL",https://fdc.myflorida.com/OffenderSearch/detail.aspx?Page=Detail&DCNumber=T93035&TypeSearch=IR,03/26/2020,CHARLOTTE C.I.,Accident,CLOSED
"WILLIS, HAROLD",https://fdc.myflorida.com/OffenderSearch/detail.aspx?Page=Detail&DCNumber=062700&TypeSearch=IR,03/27/2020,R.M.C.- MAIN UNIT,Natural,Closed
"DEMPS, PAUL",https://fdc.myflorida.com/OffenderSearch/detail.aspx?Page=Detail&DCNumber=007263&TypeSearch=IR,03/28/2020,DADE C.I.,Natural,OPEN-MDPD
"HILL, JESSIE",https://fdc.myflorida.com/OffenderSearch/detail.aspx?Page=Detail&DCNumber=037748&TypeSearch=IR,03/29/2020,R.M.C.- MAIN UNIT,Natural,Closed
,,03/29/2020,MARTIN C.I.,Pending,Closed
,,03/29/2020,HARDEE WORK CAMP,Pending,OPEN
"MCCULLOUGH, LEONARD",https://fdc.myflorida.com/OffenderSearch/detail.aspx?Page=Detail&DCNumber=008270&TypeSearch=IR,03/31/2020,R.M.C.- MAIN UNIT,Natural,Closed
"MOORE, JOHNNIE",https://fdc.myflorida.com/OffenderSearch/detail.aspx?Page=Detail&DCNumber=035128&TypeSearch=IR,04/01/2020,WAKULLA C.I.,Natural,Closed
"HOLLIS, DARRYL",https://fdc.myflorida.com/OffenderSearch/detail.aspx?Page=Detail&DCNumber=J49719&TypeSearch=IR,04/01/2020,R.M.C.- MAIN UNIT,Natural,Closed
"JOHNS, COREY",https://fdc.myflorida.com/OffenderSearch/detail.aspx?Page=Detail&DCNumber=128657&TypeSearch=IR,04/01/2020,TTH OF DINSMORE,Natural,OPEN
,,04/02/2020,DESOTO ANNEX,Homicide,CLOSED
"KELLY, DERRICK",https://fdc.myflorida.com/OffenderSearch/detail.aspx?Page=Detail&DCNumber=573812&TypeSearch=IR,04/03/2020,WALTON C.I.,Natural,Closed
"ROBINSON, RICHARD",https://fdc.myflorida.com/OffenderSearch/detail.aspx?Page=Detail&DCNumber=U00283&TypeSearch=IR,04/03/2020,UNION C.I.,Suicide,Closed
"KINNEY, D VONTAI",https://fdc.myflorida.com/OffenderSearch/detail.aspx?Page=Detail&DCNumber=X78226&TypeSearch=IR,04/04/2020,SUMTER  C.I.,Natural,Closed
"HOLMES, WILL",https://fdc.myflorida.com/OffenderSearch/detail.aspx?Page=Detail&DCNumber=770092&TypeSearch=IR,04/05/2020,R.M.C.- MAIN UNIT,Natural,Closed
"RAIRICK, JOSEPH",https://fdc.myflorida.com/OffenderSearch/detail.aspx?Page=Detail&DCNumber=U41381&TypeSearch=IR,04/05/2020,LAKE C.I.,Natural,Closed
"ANDERSON, GLEN",https://fdc.myflorida.com/OffenderSearch/detail.aspx?Page=Detail&DCNumber=478908&TypeSearch=IR,04/06/2020,JEFFERSON C.I.,Accident,Closed
"NAVARRO, EFRAIN",https://fdc.myflorida.com/OffenderSearch/detail.aspx?Page=Detail&DCNumber=U80294&TypeSearch=IR,04/06/2020,TAYLOR C.I.,Natural,Closed
"DAVENPORT, RONNIE",https://fdc.myflorida.com/OffenderSearch/detail.aspx?Page=Detail&DCNumber=057301&TypeSearch=IR,04/07/2020,R.M.C.- MAIN UNIT,Natural,Closed
"MOYER, THOMAS",https://fdc.myflorida.com/OffenderSearch/detail.aspx?Page=Detail&DCNumber=C00221&TypeSearch=IR,04/07/2020,R.M.C.- MAIN UNIT,Natural,Closed
"LAMAR, JORGE",https://fdc.myflorida.com/OffenderSearch/detail.aspx?Page=Detail&DCNumber=387459&TypeSearch=IR,04/08/2020,R.M.C.- MAIN UNIT,Natural,Closed
"SAND, JEFFREY",https://fdc.myflorida.com/OffenderSearch/detail.aspx?Page=Detail&DCNumber=W80107&TypeSearch=IR,04/09/2020,BLACKWATER C.F.,Natural,Closed
"JONES, MARVIN",https://fdc.myflorida.com/OffenderSearch/detail.aspx?Page=Detail&DCNumber=309567&TypeSearch=IR,04/09/2020,UNION C.I.,Natural,Closed
"ROMANES, LOTIA",https://fdc.myflorida.com/OffenderSearch/detail.aspx?Page=Detail&DCNumber=153784&TypeSearch=IR,04/09/2020,LOWELL C.I.,Natural,Closed
"ANDERSON, JAMES",https://fdc.myflorida.com/OffenderSearch/detail.aspx?Page=Detail&DCNumber=001522&TypeSearch=IR,04/09/2020,CFRC-SOUTH,Natural,Closed
"SIMMONS, CHARLES",https://fdc.myflorida.com/OffenderSearch/detail.aspx?Page=Detail&DCNumber=760523&TypeSearch=IR,04/10/2020,R.M.C.- MAIN UNIT,Natural,Closed
"WHITFIELD, JAMES",https://fdc.myflorida.com/OffenderSearch/detail.aspx?Page=Detail&DCNumber=J55641&TypeSearch=IR,04/10/2020,CFRC-MAIN,Natural,Closed
"MATTHEWS, RICHARD",https://fdc.myflorida.com/OffenderSearch/detail.aspx?Page=Detail&DCNumber=S10447&TypeSearch=IR,04/10/2020,CFRC-SOUTH,Natural,Closed
"JACKSON, CHARLES",https://fdc.myflorida.com/OffenderSearch/detail.aspx?Page=Detail&DCNumber=650327&TypeSearch=IR,04/11/2020,EVERGLADES C.I.,Natural,Closed
"NIBLACK, GLENN",https://fdc.myflorida.com/OffenderSearch/detail.aspx?Page=Detail&DCNumber=076405&TypeSearch=IR,04/12/2020,FRANKLIN C.I.,Accident,Closed
"WILSON, WILLIAM",https://fdc.myflorida.com/OffenderSearch/detail.aspx?Page=Detail&DCNumber=810219&TypeSearch=IR,04/12/2020,BLACKWATER C.F.,Natural,Closed
"ROSARIO, RAFAEL",https://fdc.myflorida.com/OffenderSearch/detail.aspx?Page=Detail&DCNumber=H80216&TypeSearch=IR,04/15/2020,BLACKWATER C.F.,Natural,Closed
"WILLIAMS, CLIFFORD",https://fdc.myflorida.com/OffenderSearch/detail.aspx?Page=Detail&DCNumber=830886&TypeSearch=IR,04/15/2020,R.M.C.- MAIN UNIT,Natural,Closed
"JONES, ARTHUR",https://fdc.myflorida.com/OffenderSearch/detail.aspx?Page=Detail&DCNumber=004394&TypeSearch=IR,04/15/2020,POLK C.I.,Natural,Closed
"BANNERMAN, JESSIE",https://fdc.myflorida.com/OffenderSearch/detail.aspx?Page=Detail&DCNumber=024968&TypeSearch=IR,04/16/2020,BLACKWATER C.F.,Natural,Closed
"KERSEY, BRIAN",https://fdc.myflorida.com/OffenderSearch/detail.aspx?Page=Detail&DCNumber=571644&TypeSearch=IR,04/18/2020,MARTIN C.I.,Accident,Closed
,,04/19/2020,HOLMES C.I.,Homicide,Closed
"WALKE, JOSEPH",https://fdc.myflorida.com/OffenderSearch/detail.aspx?Page=Detail&DCNumber=464615&TypeSearch=IR,04/20/2020,WALTON C.I.,Accident,Closed
"COURSON, DANIEL",https://fdc.myflorida.com/OffenderSearch/detail.aspx?Page=Detail&DCNumber=041071&TypeSearch=IR,04/20/2020,R.M.C.- MAIN UNIT,Natural,Closed
,,04/20/2020,TOMOKA C.I.,Homicide,CLOSED
"HERNANDEZ, WALTER",https://fdc.myflorida.com/OffenderSearch/detail.aspx?Page=Detail&DCNumber=M66864&TypeSearch=IR,04/21/2020,CALHOUN C.I.,Natural,Closed
"YOUNG, MARCUS",https://fdc.myflorida.com/OffenderSearch/detail.aspx?Page=Detail&DCNumber=193335&TypeSearch=IR,04/21/2020,COLUMBIA ANNEX,Natural,Closed
"KEYS, JOHNNY",https://fdc.myflorida.com/OffenderSearch/detail.aspx?Page=Detail&DCNumber=039841&TypeSearch=IR,04/23/2020,R.M.C.- MAIN UNIT,Natural,Closed
"TISDALE, JEFFREY",https://fdc.myflorida.com/OffenderSearch/detail.aspx?Page=Detail&DCNumber=214101&TypeSearch=IR,04/23/2020,CFRC-SOUTH,Natural,Closed
"MOORE, WILLIAM",https://fdc.myflorida.com/OffenderSearch/detail.aspx?Page=Detail&DCNumber=V40663&TypeSearch=IR,04/25/2020,MARION C.I.,Natural,Closed
"ALCIDE, MARK",https://fdc.myflorida.com/OffenderSearch/detail.aspx?Page=Detail&DCNumber=M77034&TypeSearch=IR,04/25/2020,S.F.R.C.,Natural,Closed
"HOLSTON, DEVAUGHN",https://fdc.myflorida.com/OffenderSearch/detail.aspx?Page=Detail&DCNumber=184448&TypeSearch=IR,04/25/2020,OKEECHOBEE C.I.,Accident,Closed
"BATES, WALTER",https://fdc.myflorida.com/OffenderSearch/detail.aspx?Page=Detail&DCNumber=034810&TypeSearch=IR,04/26/2020,WAKULLA C.I.,Natural,Closed
"MAXWELL, STEPHEN",https://fdc.myflorida.com/OffenderSearch/detail.aspx?Page=Detail&DCNumber=068908&TypeSearch=IR,04/26/2020,SUMTER  C.I.,Natural,Closed
"HUNT, TEDDY",https://fdc.myflorida.com/OffenderSearch/detail.aspx?Page=Detail&DCNumber=D14625&TypeSearch=IR,04/26/2020,SOUTH BAY C.F.,Suicide,CLOSED
"PETERSON, DANA",https://fdc.myflorida.com/OffenderSearch/detail.aspx?Page=Detail&DCNumber=J61322&TypeSearch=IR,04/27/2020,BLACKWATER C.F.,Natural,Closed
"WILLIS, TERRANCE",https://fdc.myflorida.com/OffenderSearch/detail.aspx?Page=Detail&DCNumber=470544&TypeSearch=IR,04/27/2020,R.M.C.- MAIN UNIT,Natural,Closed
"PINHOLSTER, JEFFREY",https://fdc.myflorida.com/OffenderSearch/detail.aspx?Page=Detail&DCNumber=034949&TypeSearch=IR,04/27/2020,S.F.R.C.,Natural,Closed
"MILLER, BRENT",https://fdc.myflorida.com/OffenderSearch/detail.aspx?Page=Detail&DCNumber=N12318&TypeSearch=IR,04/28/2020,DADE C.I.,Accident,Closed
"THOMAS, DAVID",https://fdc.myflorida.com/OffenderSearch/detail.aspx?Page=Detail&DCNumber=054195&TypeSearch=IR,04/29/2020,BLACKWATER C.F.,Natural,Closed
"RUDD, WILLIAM",https://fdc.myflorida.com/OffenderSearch/detail.aspx?Page=Detail&DCNumber=N16361&TypeSearch=IR,04/29/2020,S.F.R.C.,Natural,Closed
"THOMAS, STEVEN",https://fdc.myflorida.com/OffenderSearch/detail.aspx?Page=Detail&DCNumber=026260&TypeSearch=IR,05/02/2020,DADE C.I.,Accident,Closed
"BRADLEY, EARNEST",https://fdc.myflorida.com/OffenderSearch/detail.aspx?Page=Detail&DCNumber=871112&TypeSearch=IR,05/03/2020,COLUMBIA C.I.,Natural,Closed
"BILOTTI, MICHAEL",https://fdc.myflorida.com/OffenderSearch/detail.aspx?Page=Detail&DCNumber=839036&TypeSearch=IR,05/03/2020,R.M.C.- MAIN UNIT,Natural,Closed
,,05/04/2020,COLUMBIA C.I.,Pending,OPEN-FDLE
"JONES, PHILIP",https://fdc.myflorida.com/OffenderSearch/detail.aspx?Page=Detail&DCNumber=J31121&TypeSearch=IR,05/06/2020,R.M.C.- MAIN UNIT,Natural,Closed
"DUNN, TOMMY",https://fdc.myflorida.com/OffenderSearch/detail.aspx?Page=Detail&DCNumber=069678&TypeSearch=IR,05/06/2020,LAKE C.I.,Natural,Closed
"LAY, LARRY",https://fdc.myflorida.com/OffenderSearch/detail.aspx?Page=Detail&DCNumber=869382&TypeSearch=IR,05/07/2020,BLACKWATER C.F.,Natural,Closed
"PRICE, CHARLES",https://fdc.myflorida.com/OffenderSearch/detail.aspx?Page=Detail&DCNumber=I80539&TypeSearch=IR,05/07/2020,SUWANNEE C.I. ANNEX,Natural,Closed
"PACHECO, DANIEL",https://fdc.myflorida.com/OffenderSearch/detail.aspx?Page=Detail&DCNumber=V17594&TypeSearch=IR,05/07/2020,ZEPHYRHILLS C.I.,Natural,Closed
"COTTON, RANDY",https://fdc.myflorida.com/OffenderSearch/detail.aspx?Page=Detail&DCNumber=850010&TypeSearch=IR,05/08/2020,SUMTER  C.I.,Natural,Closed
"WARD, ROBERT",https://fdc.myflorida.com/OffenderSearch/detail.aspx?Page=Detail&DCNumber=W06829&TypeSearch=IR,05/09/2020,R.M.C.- MAIN UNIT,Natural,Closed
"GREEN, BARBARA",https://fdc.myflorida.com/OffenderSearch/detail.aspx?Page=Detail&DCNumber=233883&TypeSearch=IR,05/12/2020,R.M.C.- MAIN UNIT,Natural,Closed
"TETER, BRITTANY",https://fdc.myflorida.com/OffenderSearch/detail.aspx?Page=Detail&DCNumber=U43188&TypeSearch=IR,05/12/2020,FL.WOMENS RECPN.CTR,Natural,Closed
"TITEL, LEON",https://fdc.myflorida.com/OffenderSearch/detail.aspx?Page=Detail&DCNumber=198402&TypeSearch=IR,05/12/2020,DADE C.I.,Natural,OPEN-FDLE
,,05/13/2020,MARTIN C.I.,Homicide,CLOSED
"RONDON, JOSEPH",https://fdc.myflorida.com/OffenderSearch/detail.aspx?Page=Detail&DCNumber=H31883&TypeSearch=IR,05/14/2020,FLORIDA STATE PRISON,Suicide,Closed
"DIALS, EARNEST",https://fdc.myflorida.com/OffenderSearch/detail.aspx?Page=Detail&DCNumber=P32001&TypeSearch=IR,05/14/2020,R.M.C.- MAIN UNIT,Natural,Closed
"CAGGIANO, DAVID",https://fdc.myflorida.com/OffenderSearch/detail.aspx?Page=Detail&DCNumber=P41513&TypeSearch=IR,05/14/2020,R.M.C.- MAIN UNIT,Natural,Closed
"MCLEOD, STEVEN",https://fdc.myflorida.com/OffenderSearch/detail.aspx?Page=Detail&DCNumber=924820&TypeSearch=IR,05/15/2020,COLUMBIA C.I.,Natural,Closed
"AROCHA, JOSE",https://fdc.myflorida.com/OffenderSearch/detail.aspx?Page=Detail&DCNumber=180484&TypeSearch=IR,05/15/2020,R.M.C.- MAIN UNIT,Natural,Closed
"CAMACHO, HENRY",https://fdc.myflorida.com/OffenderSearch/detail.aspx?Page=Detail&DCNumber=L15812&TypeSearch=IR,05/16/2020,SUMTER  C.I.,Natural,Closed
"BAKER, NEVILLE",https://fdc.myflorida.com/OffenderSearch/detail.aspx?Page=Detail&DCNumber=L93141&TypeSearch=IR,05/18/2020,S.F.R.C.,Natural,Closed
"PURVIS, JESSIE",https://fdc.myflorida.com/OffenderSearch/detail.aspx?Page=Detail&DCNumber=V09375&TypeSearch=IR,05/18/2020,S.F.R.C SOUTH UNIT,Natural,Closed
"PALMIERI, VINCENT",https://fdc.myflorida.com/OffenderSearch/detail.aspx?Page=Detail&DCNumber=868678&TypeSearch=IR,05/19/2020,BLACKWATER C.F.,Natural,Closed
"GREEN, GLEN",https://fdc.myflorida.com/OffenderSearch/detail.aspx?Page=Detail&DCNumber=033071&TypeSearch=IR,05/22/2020,CFRC-SOUTH,Natural,Closed
"WEST, TERRY",https://fdc.myflorida.com/OffenderSearch/detail.aspx?Page=Detail&DCNumber=103330&TypeSearch=IR,05/22/2020,S.F.R.C,Natural,CLOSED
"WISSINGER, WILLIAM",https://fdc.myflorida.com/OffenderSearch/detail.aspx?Page=Detail&DCNumber=K71159&TypeSearch=IR,05/23/2020,R.M.C.- MAIN UNIT,Natural,Closed
,,05/23/2020,HARDEE C.I.,Pending,OPEN-FDLE
"ROBBINS, BILLY",https://fdc.myflorida.com/OffenderSearch/detail.aspx?Page=Detail&DCNumber=728609&TypeSearch=IR,05/24/2020,R.M.C.- MAIN UNIT,Natural,Closed
"MCKENNEY, BURNELL",https://fdc.myflorida.com/OffenderSearch/detail.aspx?Page=Detail&DCNumber=343979&TypeSearch=IR,05/24/2020,SOUTH BAY C.F.,Natural,OPEN
"WILLIAMS, EDWIN",https://fdc.myflorida.com/OffenderSearch/detail.aspx?Page=Detail&DCNumber=344736&TypeSearch=IR,05/24/2020,AVON PARK C.I.,Natural,Closed
"WINFIELD, VAN",https://fdc.myflorida.com/OffenderSearch/detail.aspx?Page=Detail&DCNumber=087320&TypeSearch=IR,05/26/2020,R.M.C.- MAIN UNIT,Natural,Closed
"LIDIANO, ROBERTO",https://fdc.myflorida.com/OffenderSearch/detail.aspx?Page=Detail&DCNumber=182030&TypeSearch=IR,05/26/2020,HAMILTON ANNEX,Natural,Closed
"DONALDSON, ALLEN",https://fdc.myflorida.com/OffenderSearch/detail.aspx?Page=Detail&DCNumber=650034&TypeSearch=IR,05/27/2020,UNION C.I.,Natural,Closed
"JOHNSON, PAUL",https://fdc.myflorida.com/OffenderSearch/detail.aspx?Page=Detail&DCNumber=G13965&TypeSearch=IR,05/28/2020,HOLMES C.I.,Accident,Closed
"DOUGLAS, RANDY",https://fdc.myflorida.com/OffenderSearch/detail.aspx?Page=Detail&DCNumber=088495&TypeSearch=IR,05/28/2020,R.M.C.- MAIN UNIT,Natural,Closed
"MONTERO, ROLANDO",https://fdc.myflorida.com/OffenderSearch/detail.aspx?Page=Detail&DCNumber=406585&TypeSearch=IR,05/28/2020,EVERGLADES C.I.,Natural,OPEN-MDPD
"CHRISTOPHER, ERNEST",https://fdc.myflorida.com/OffenderSearch/detail.aspx?Page=Detail&DCNumber=000791&TypeSearch=IR,05/29/2020,R.M.C.- MAIN UNIT,Natural,Closed
"RAMSEY, ROGER",https://fdc.myflorida.com/OffenderSearch/detail.aspx?Page=Detail&DCNumber=111184&TypeSearch=IR,05/30/2020,CALHOUN C.I.,Accident,Closed
"BELLO, CARLOS",https://fdc.myflorida.com/OffenderSearch/detail.aspx?Page=Detail&DCNumber=107051&TypeSearch=IR,05/30/2020,SANTA ROSA ANNEX,Natural,Closed
"MCKENZIE, CHESTER",https://fdc.myflorida.com/OffenderSearch/detail.aspx?Page=Detail&DCNumber=C10954&TypeSearch=IR,05/30/2020,R.M.C.- MAIN UNIT,Natural,Closed
"TILLMAN, CARL",https://fdc.myflorida.com/OffenderSearch/detail.aspx?Page=Detail&DCNumber=S29899&TypeSearch=IR,05/31/2020,REENTRY CTR OF OCALA,Natural,OPEN
"ADAMS, RONALD",https://fdc.myflorida.com/OffenderSearch/detail.aspx?Page=Detail&DCNumber=Y44836&TypeSearch=IR,06/01/2020,LIBERTY C.I.,Natural,Closed
"HALL, JAMES",https://fdc.myflorida.com/OffenderSearch/detail.aspx?Page=Detail&DCNumber=I03601&TypeSearch=IR,06/01/2020,FLORIDA STATE PRISON,Suicide,OPEN
"KITCHEN, JOHNNY",https://fdc.myflorida.com/OffenderSearch/detail.aspx?Page=Detail&DCNumber=064834&TypeSearch=IR,06/01/2020,EVERGLADES C.I.,Natural,CLOSED
"ESTABANEZ, ALEX",https://fdc.myflorida.com/OffenderSearch/detail.aspx?Page=Detail&DCNumber=W01620&TypeSearch=IR,06/01/2020,SOUTH BAY C.F.,Natural,Closed
"VANDUSEN, DAVID",https://fdc.myflorida.com/OffenderSearch/detail.aspx?Page=Detail&DCNumber=073800&TypeSearch=IR,06/04/2020,R.M.C.- MAIN UNIT,Natural,Closed
"WILLIAMS, RICHARD",https://fdc.myflorida.com/OffenderSearch/detail.aspx?Page=Detail&DCNumber=K62868&TypeSearch=IR,06/04/2020,R.M.C.- MAIN UNIT,Natural,Closed
"TURNER, JOHN",https://fdc.myflorida.com/OffenderSearch/detail.aspx?Page=Detail&DCNumber=215355&TypeSearch=IR,06/05/2020,BAY C.F.,Accident,Closed
"BARRETT, JOHN",https://fdc.myflorida.com/OffenderSearch/detail.aspx?Page=Detail&DCNumber=122653&TypeSearch=IR,06/05/2020,DADE C.I.,Natural,OPEN-MDPD
"STOKES, MYLES",https://fdc.myflorida.com/OffenderSearch/detail.aspx?Page=Detail&DCNumber=017411&TypeSearch=IR,06/06/2020,S.F.R.C.,Natural,Closed
"LANDRY, STEVEN",https://fdc.myflorida.com/OffenderSearch/detail.aspx?Page=Detail&DCNumber=Y27095&TypeSearch=IR,06/06/2020,HARDEE C.I.,Natural,Closed
"RIVERA, RAMON",https://fdc.myflorida.com/OffenderSearch/detail.aspx?Page=Detail&DCNumber=J33761&TypeSearch=IR,06/08/2020,LANCASTER C.I.,Natural,Closed
"RAY, DENNIS",https://fdc.myflorida.com/OffenderSearch/detail.aspx?Page=Detail&DCNumber=V47763&TypeSearch=IR,06/09/2020,R.M.C.- MAIN UNIT,Natural,Closed
"CONATY, PATRICK",https://fdc.myflorida.com/OffenderSearch/detail.aspx?Page=Detail&DCNumber=Q19645&TypeSearch=IR,06/09/2020,CFRC-MAIN,Suicide,Closed
"WILLIAMS, CHARLES",https://fdc.myflorida.com/OffenderSearch/detail.aspx?Page=Detail&DCNumber=L15671&TypeSearch=IR,06/09/2020,S.F.R.C.,Natural,Closed
"WAGNER, ALFRED",https://fdc.myflorida.com/OffenderSearch/detail.aspx?Page=Detail&DCNumber=088137&TypeSearch=IR,06/10/2020,R.M.C.- MAIN UNIT,Natural,Closed
"ANDERSON, THEODORE",https://fdc.myflorida.com/OffenderSearch/detail.aspx?Page=Detail&DCNumber=309871&TypeSearch=IR,06/10/2020,R.M.C.- MAIN UNIT,Natural,Closed
"BEAMON, ROCKY",https://fdc.myflorida.com/OffenderSearch/detail.aspx?Page=Detail&DCNumber=R22569&TypeSearch=IR,06/10/2020,UNION C.I.,Suicide,Closed
"RUCKER, BEN",https://fdc.myflorida.com/OffenderSearch/detail.aspx?Page=Detail&DCNumber=091642&TypeSearch=IR,06/11/2020,R.M.C.- MAIN UNIT,Natural,Closed
"PEREZ, AUGUSTINE",https://fdc.myflorida.com/OffenderSearch/detail.aspx?Page=Detail&DCNumber=263632&TypeSearch=IR,06/12/2020,R.M.C.- MAIN UNIT,Natural,Closed
"BENSON, KRIS",https://fdc.myflorida.com/OffenderSearch/detail.aspx?Page=Detail&DCNumber=V05687&TypeSearch=IR,06/13/2020,COLUMBIA C.I.,Suicide,Closed
"MATHUUS, ALLEN",https://fdc.myflorida.com/OffenderSearch/detail.aspx?Page=Detail&DCNumber=087980&TypeSearch=IR,06/16/2020,R.M.C.- MAIN UNIT,Natural,Closed
"COLE, JONATHAN",https://fdc.myflorida.com/OffenderSearch/detail.aspx?Page=Detail&DCNumber=K20819&TypeSearch=IR,06/17/2020,CFRC-MAIN,Natural,Closed
"SANDERS, RICHARD",https://fdc.myflorida.com/OffenderSearch/detail.aspx?Page=Detail&DCNumber=132958&TypeSearch=IR,06/18/2020,R.M.C.- MAIN UNIT,Natural,Closed
"COTRELL, BRYAN",https://fdc.myflorida.com/OffenderSearch/detail.aspx?Page=Detail&DCNumber=786618&TypeSearch=IR,06/18/2020,R.M.C.- MAIN UNIT,Natural,Closed
,,06/19/2020,LAKE C.I.,Homicide,Closed
"CALL, ROBERT",https://fdc.myflorida.com/OffenderSearch/detail.aspx?Page=Detail&DCNumber=027792&TypeSearch=IR,06/20/2020,R.M.C.- MAIN UNIT,Natural,Closed
"DUNBABIN, DENNIS",https://fdc.myflorida.com/OffenderSearch/detail.aspx?Page=Detail&DCNumber=043549&TypeSearch=IR,06/20/2020,SUWANNEE C.I. ANNEX,Natural,Closed
"MASSIE, NICK",https://fdc.myflorida.com/OffenderSearch/detail.aspx?Page=Detail&DCNumber=834070&TypeSearch=IR,06/20/2020,S.F.R.C.,Natural,Closed
"ESTEY, DAVID",https://fdc.myflorida.com/OffenderSearch/detail.aspx?Page=Detail&DCNumber=010607&TypeSearch=IR,06/22/2020,S.F.R.C. SOUTH,Natural,Closed
"SCOTT, EDWIN",https://fdc.myflorida.com/OffenderSearch/detail.aspx?Page=Detail&DCNumber=743252&TypeSearch=IR,06/23/2020,WALTON C.I.,Natural,Closed
"BAITSHOLTS, GARY",https://fdc.myflorida.com/OffenderSearch/detail.aspx?Page=Detail&DCNumber=124852&TypeSearch=IR,06/25/2020,R.M.C.- MAIN UNIT,Natural,Closed
"STIDHAM, MICHAEL",https://fdc.myflorida.com/OffenderSearch/detail.aspx?Page=Detail&DCNumber=L91091&TypeSearch=IR,06/25/2020,R.M.C.- MAIN UNIT,Natural,Closed
"BROWN, WILLIAM",https://fdc.myflorida.com/OffenderSearch/detail.aspx?Page=Detail&DCNumber=H37770&TypeSearch=IR,06/25/2020,CROSS CITY C.I.,Natural,CLOSED
"WILLIAMS, TYRA",https://fdc.myflorida.com/OffenderSearch/detail.aspx?Page=Detail&DCNumber=163740&TypeSearch=IR,06/25/2020,S.F.R.C.,Natural,Closed
"DAVILA, JOSEFA",https://fdc.myflorida.com/OffenderSearch/detail.aspx?Page=Detail&DCNumber=M30339&TypeSearch=IR,06/25/2020,S.F.R.C.,Natural,Closed
"ANDERSON, JOHN",https://fdc.myflorida.com/OffenderSearch/detail.aspx?Page=Detail&DCNumber=098683&TypeSearch=IR,06/26/2020,R.M.C.- MAIN UNIT,Natural,Closed
"FERRELL, ROBERT",https://fdc.myflorida.com/OffenderSearch/detail.aspx?Page=Detail&DCNumber=V10312&TypeSearch=IR,06/27/2020,R.M.C.- MAIN UNIT,Natural,Closed
"CHERRYHOMES, GEORGE",https://fdc.myflorida.com/OffenderSearch/detail.aspx?Page=Detail&DCNumber=140134&TypeSearch=IR,06/27/2020,CFRC-SOUTH,Natural,Closed
"DUARTE, JOAQUIN",https://fdc.myflorida.com/OffenderSearch/detail.aspx?Page=Detail&DCNumber=065974&TypeSearch=IR,06/28/2020,R.M.C.- MAIN UNIT,Natural,Closed
,,06/28/2020,HAMILTON ANNEX,Homicide,Closed
"GIBSON, DELROY",https://fdc.myflorida.com/OffenderSearch/detail.aspx?Page=Detail&DCNumber=068516&TypeSearch=IR,06/28/2020,S.F.R.C SOUTH UNIT,Natural,OPEN
"HUMBER, BOBBY",https://fdc.myflorida.com/OffenderSearch/detail.aspx?Page=Detail&DCNumber=413202&TypeSearch=IR,06/29/2020,HAMILTON ANNEX,Natural,Closed
"BARRON, MICHAEL",https://fdc.myflorida.com/OffenderSearch/detail.aspx?Page=Detail&DCNumber=135754&TypeSearch=IR,06/29/2020,CFRC-MAIN,Natural,Closed
"FISHER, LEVI",https://fdc.myflorida.com/OffenderSearch/detail.aspx?Page=Detail&DCNumber=020349&TypeSearch=IR,06/29/2020,S.F.R.C.,Natural,Closed