﻿Title,Column 1,Column 2,Column 3,Column 4,Column 5
Name,DC Number,Date of Death,Institution Name,Manner of DeathDetermined by ME,Investigative Status
"HALL, TERRY",https://fdc.myflorida.com/OffenderSearch/detail.aspx?Page=Detail&DCNumber=Y53732&TypeSearch=IR,07/03/2022,R.M.C.- MAIN UNIT,Natural,Closed
"JOHNROE, WILLIAM",https://fdc.myflorida.com/OffenderSearch/detail.aspx?Page=Detail&DCNumber=C04509&TypeSearch=IR,07/03/2022,SANTA ROSA C.I.,Natural,CLOSED
"PARKER, ROBERT",https://fdc.myflorida.com/OffenderSearch/detail.aspx?Page=Detail&DCNumber=279066&TypeSearch=IR,07/03/2022,UNION C.I.,Accident,OPEN-FDLE
"NELSON, JOSHUA",https://fdc.myflorida.com/OffenderSearch/detail.aspx?Page=Detail&DCNumber=V30766&TypeSearch=IR,07/07/2022,QUINCY ANNEX,Accident,OPEN-FDLE
"BERNAL, PROMETEO",https://fdc.myflorida.com/OffenderSearch/detail.aspx?Page=Detail&DCNumber=R84836&TypeSearch=IR,07/11/2022,SUWANNEE C.I. ANNEX,Natural,Closed
"ALONSO, LINO",https://fdc.myflorida.com/OffenderSearch/detail.aspx?Page=Detail&DCNumber=M33323&TypeSearch=IR,07/12/2022,DADE C.I.,Natural,Open
"WILLIS, ROBERT",https://fdc.myflorida.com/OffenderSearch/detail.aspx?Page=Detail&DCNumber=I03749&TypeSearch=IR,07/13/2022,R.M.C.- WEST UNIT,Natural,Open
"BOYKINS, DEVRICK",https://fdc.myflorida.com/OffenderSearch/detail.aspx?Page=Detail&DCNumber=M07746&TypeSearch=IR,07/14/2022,CENTURY C.I.,Accident,Closed
"MOORE, BOBBY",https://fdc.myflorida.com/OffenderSearch/detail.aspx?Page=Detail&DCNumber=791367&TypeSearch=IR,07/16/2022,R.M.C.- MAIN UNIT,Natural,Closed
"MINGO, TRAVIS",https://fdc.myflorida.com/OffenderSearch/detail.aspx?Page=Detail&DCNumber=725747&TypeSearch=IR,07/17/2022,R.M.C.- MAIN UNIT,Natural,Closed
"LUCCI, ANTHONY",https://fdc.myflorida.com/OffenderSearch/detail.aspx?Page=Detail&DCNumber=140250&TypeSearch=IR,07/18/2022,R.M.C.- MAIN UNIT,Natural,Closed
,,07/18/2022,APALACHEE EAST UNIT,Suicide,Closed
"FARMER, CHARLES",https://fdc.myflorida.com/OffenderSearch/detail.aspx?Page=Detail&DCNumber=P49244&TypeSearch=IR,07/21/2022,R.M.C.- MAIN UNIT,Natural,Closed
"SIMMONS, MARK",https://fdc.myflorida.com/OffenderSearch/detail.aspx?Page=Detail&DCNumber=331276&TypeSearch=IR,07/22/2022,R.M.C.- MAIN UNIT,Natural,Closed
,,07/22/2022,LAKE C.I.,Suicide,Closed
"RESMONDO, CHARLES",https://fdc.myflorida.com/OffenderSearch/detail.aspx?Page=Detail&DCNumber=221470&TypeSearch=IR,07/23/2022,GRACEVILLE C.F.,Natural,Closed
"COLEMAN, RONALD",https://fdc.myflorida.com/OffenderSearch/detail.aspx?Page=Detail&DCNumber=J15784&TypeSearch=IR,07/23/2022,R.M.C.- MAIN UNIT,Natural,Closed
"WHITE, ROBERT",https://fdc.myflorida.com/OffenderSearch/detail.aspx?Page=Detail&DCNumber=112074&TypeSearch=IR,07/27/2022,R.M.C.- MAIN UNIT,Natural,Closed
,,07/27/2022,BLACKWATER C.F.,Homicide,Closed
"JOHNSON, EARL",https://fdc.myflorida.com/OffenderSearch/detail.aspx?Page=Detail&DCNumber=871448&TypeSearch=IR,07/27/2022,CFRC-MAIN,Natural,Closed
"GRIMES, JOSHUA",https://fdc.myflorida.com/OffenderSearch/detail.aspx?Page=Detail&DCNumber=K75842&TypeSearch=IR,07/31/2022,OKEECHOBEE C.I.,Accident,Open
,,08/03/2022,BLACKWATER C.F.,Pending,Closed
"HOLLINGSWORTH, LARRY",https://fdc.myflorida.com/OffenderSearch/detail.aspx?Page=Detail&DCNumber=T01438&TypeSearch=IR,08/04/2022,GRACEVILLE C.F.,Natrual,Closed
"JACOBS, GEORGE",https://fdc.myflorida.com/OffenderSearch/detail.aspx?Page=Detail&DCNumber=080360&TypeSearch=IR,08/05/2022,R.M.C.- MAIN UNIT,Natural,Closed
"JACKSON, FERNANDO",https://fdc.myflorida.com/OffenderSearch/detail.aspx?Page=Detail&DCNumber=045979&TypeSearch=IR,08/05/2022,FRANKLIN C.I.,Accident,Closed
"CHASE, DONALD",https://fdc.myflorida.com/OffenderSearch/detail.aspx?Page=Detail&DCNumber=149378&TypeSearch=IR,08/11/2022,TOMOKA C.I.,Natural,Closed
"NEWMAN, JAMES",https://fdc.myflorida.com/OffenderSearch/detail.aspx?Page=Detail&DCNumber=911500&TypeSearch=IR,08/12/2022,LIBERTY C.I.,Natural,Closed
"FORD, WILLIAM",https://fdc.myflorida.com/OffenderSearch/detail.aspx?Page=Detail&DCNumber=817307&TypeSearch=IR,08/14/2022,COLUMBIA ANNEX,Natural,Closed
"GRIMSLEY, KENNETH",https://fdc.myflorida.com/OffenderSearch/detail.aspx?Page=Detail&DCNumber=181507&TypeSearch=IR,08/14/2022,COLUMBIA C.I.,Natural,Closed
"PENOYER, ALLEN",https://fdc.myflorida.com/OffenderSearch/detail.aspx?Page=Detail&DCNumber=052879&TypeSearch=IR,08/14/2022,DADE C.I.,Natural,
"O'NEAL, EMANUEL",https://fdc.myflorida.com/OffenderSearch/detail.aspx?Page=Detail&DCNumber=098791&TypeSearch=IR,08/14/2022,R.M.C.- MAIN UNIT,Natural,Closed
"EDENFIELD, JEFFREY",https://fdc.myflorida.com/OffenderSearch/detail.aspx?Page=Detail&DCNumber=291790&TypeSearch=IR,08/17/2022,BAY C.F.,Acdident,Open
"VELAZQUEZ, MANUEL",https://fdc.myflorida.com/OffenderSearch/detail.aspx?Page=Detail&DCNumber=C12010&TypeSearch=IR,08/17/2022,SUMTER C.I.,Natural,Closed
"BROTHERS, HAROLD",https://fdc.myflorida.com/OffenderSearch/detail.aspx?Page=Detail&DCNumber=H60836&TypeSearch=IR,08/17/2022,GULF C.I.,Natural,Closed
"MANN, BERTRAM",https://fdc.myflorida.com/OffenderSearch/detail.aspx?Page=Detail&DCNumber=585588&TypeSearch=IR,08/20/2022,BLACKWATER C.F.,Natural,Closed
"ANDRADE, MICHAEL",https://fdc.myflorida.com/OffenderSearch/detail.aspx?Page=Detail&DCNumber=S15631&TypeSearch=IR,08/21/2022,R.M.C.- MAIN UNIT,Natural,Closed
"JOHNSON, CRAIG",https://fdc.myflorida.com/OffenderSearch/detail.aspx?Page=Detail&DCNumber=071450&TypeSearch=IR,08/24/2022,R.M.C.- MAIN UNIT,Natural,Closed
"WELLS, DAVID",https://fdc.myflorida.com/OffenderSearch/detail.aspx?Page=Detail&DCNumber=S81525&TypeSearch=IR,08/26/2022,R.M.C.- MAIN UNIT,Natural,Closed
,,08/26/2022,MARTIN WORK CAMP,Natural,Closed
,,08/26/2022,COLUMBIA C.I.,Homicide,Closed
"AUSTIN, ANDREW",https://fdc.myflorida.com/OffenderSearch/detail.aspx?Page=Detail&DCNumber=081153&TypeSearch=IR,08/27/2022,R.M.C.- MAIN UNIT,Natural,Closed
"JENKINS, RANDY",https://fdc.myflorida.com/OffenderSearch/detail.aspx?Page=Detail&DCNumber=030714&TypeSearch=IR,08/29/2022,R.M.C.- MAIN UNIT,Natural,Closed
,,08/29/2022,SANTA ROSA ANNEX,Pending,Closed
"ROMANO, ROBERT",https://fdc.myflorida.com/OffenderSearch/detail.aspx?Page=Detail&DCNumber=065845&TypeSearch=IR,08/29/2022,SOUTH BAY C.F.,Natural,Closed
"RHODEN, WILLIE",https://fdc.myflorida.com/OffenderSearch/detail.aspx?Page=Detail&DCNumber=R59446&TypeSearch=IR,08/30/2022,WALTON C.I.,Natural,Closed
"MCNEAL, GLENN",https://fdc.myflorida.com/OffenderSearch/detail.aspx?Page=Detail&DCNumber=080848&TypeSearch=IR,08/31/2022,R.M.C.- MAIN UNIT,Natural,Closed
,,09/03/2022,DESOTO ANNEX,Suicide,Open
,,09/03/2022,NWFRC MAIN UNIT.,Suicide,Closed
"BROWN, PERRY",https://fdc.myflorida.com/OffenderSearch/detail.aspx?Page=Detail&DCNumber=044515&TypeSearch=IR,09/03/2022,R.M.C.- MAIN UNIT,Natural,Closed
"BONAVENTURE, JOHN",https://fdc.myflorida.com/OffenderSearch/detail.aspx?Page=Detail&DCNumber=591731&TypeSearch=IR,09/04/2022,R.M.C.- MAIN UNIT,Natural,Open-FDLE
"CHILDS, ARTHUR",https://fdc.myflorida.com/OffenderSearch/detail.aspx?Page=Detail&DCNumber=090742&TypeSearch=IR,09/04/2022,SUWANNEE C.I. ANNEX,Natural,Open
"CARTER, DOUGLAS",https://fdc.myflorida.com/OffenderSearch/detail.aspx?Page=Detail&DCNumber=783268&TypeSearch=IR,09/04/2022,TTH OF TARPON SPRING,Natural,Closed
"REDENIUS, WILLIAM",https://fdc.myflorida.com/OffenderSearch/detail.aspx?Page=Detail&DCNumber=D22833&TypeSearch=IR,09/05/2022,AVON PARK C.I.,Natural,Closed
"COX, JOHN",https://fdc.myflorida.com/OffenderSearch/detail.aspx?Page=Detail&DCNumber=032191&TypeSearch=IR,09/06/2022,R.M.C.- MAIN UNIT,Natural,Closed
"ANDERSON, STEVEN",https://fdc.myflorida.com/OffenderSearch/detail.aspx?Page=Detail&DCNumber=720552&TypeSearch=IR,09/06/2022,R.M.C.- MAIN UNIT,Natural,Closed
"BARBERI, DAVID",https://fdc.myflorida.com/OffenderSearch/detail.aspx?Page=Detail&DCNumber=V38753&TypeSearch=IR,09/06/2022,R.M.C.- MAIN UNIT,Natural,Closed
"RISNER, KEVIN",https://fdc.myflorida.com/OffenderSearch/detail.aspx?Page=Detail&DCNumber=V24691&TypeSearch=IR,09/07/2022,SUWANNEE C.I. ANNEX,Natural,Closed
"ROBINSON, WILLIAM",https://fdc.myflorida.com/OffenderSearch/detail.aspx?Page=Detail&DCNumber=037311&TypeSearch=IR,09/08/2022,R.M.C.- MAIN UNIT,Natural,Closed
"BRIDGEMON, HARVEY",https://fdc.myflorida.com/OffenderSearch/detail.aspx?Page=Detail&DCNumber=524241&TypeSearch=IR,09/10/2022,R.M.C.- MAIN UNIT,Natural,OPEN
"FROMETA, ARCADIO",https://fdc.myflorida.com/OffenderSearch/detail.aspx?Page=Detail&DCNumber=M50523&TypeSearch=IR,09/12/2022,DADE C.I.,Accident,Open-MDPD
"MACKEY, KEITH",https://fdc.myflorida.com/OffenderSearch/detail.aspx?Page=Detail&DCNumber=478981&TypeSearch=IR,09/12/2022,R.M.C.- MAIN UNIT,Natural,Open
"SPARKS, JEROME",https://fdc.myflorida.com/OffenderSearch/detail.aspx?Page=Detail&DCNumber=W09408&TypeSearch=IR,09/14/2022,R.M.C.- MAIN UNIT,Natural,Closed
"GAMBLE, GUY",https://fdc.myflorida.com/OffenderSearch/detail.aspx?Page=Detail&DCNumber=123096&TypeSearch=IR,09/16/2022,UNION C.I.,Natural,Closed
"DICKEY, CODY",https://fdc.myflorida.com/OffenderSearch/detail.aspx?Page=Detail&DCNumber=S34797&TypeSearch=IR,09/17/2022,R.M.C.- MAIN UNIT,Natural,Closed
,,09/19/2022,ZEPHYRHILLS C.I.,Homicide,Open
"BARBER, TIMOTHY",https://fdc.myflorida.com/OffenderSearch/detail.aspx?Page=Detail&DCNumber=083397&TypeSearch=IR,09/20/2022,FRANKLIN C.I.,Natural,Closed
"TILLEY, DANIEL",https://fdc.myflorida.com/OffenderSearch/detail.aspx?Page=Detail&DCNumber=055243&TypeSearch=IR,09/21/2022,R.M.C.- MAIN UNIT,Natural,Closed
"PEREZ, LUIS",https://fdc.myflorida.com/OffenderSearch/detail.aspx?Page=Detail&DCNumber=128586&TypeSearch=IR,09/21/2022,R.M.C.- MAIN UNIT,Natural,Closed
"FERNANDES, MICHAEL",https://fdc.myflorida.com/OffenderSearch/detail.aspx?Page=Detail&DCNumber=Y01844&TypeSearch=IR,09/22/2022,R.M.C.- MAIN UNIT,Natural,Closed
"WILSON, BENNIE",https://fdc.myflorida.com/OffenderSearch/detail.aspx?Page=Detail&DCNumber=I90366&TypeSearch=IR,09/24/2022,APALACHEE EAST UNIT,Natural,Closed
"COWAN, TRACY",https://fdc.myflorida.com/OffenderSearch/detail.aspx?Page=Detail&DCNumber=A61453&TypeSearch=IR,09/24/2022,SANTA ROSA ANNEX,Natural,CLOSED
"HALL, CHARLES",https://fdc.myflorida.com/OffenderSearch/detail.aspx?Page=Detail&DCNumber=138956&TypeSearch=IR,09/25/2022,APALACHEE EAST UNIT,Natural,Closed
"GAITHER, MICHAEL",https://fdc.myflorida.com/OffenderSearch/detail.aspx?Page=Detail&DCNumber=109584&TypeSearch=IR,09/25/2022,R.M.C.- MAIN UNIT,Natural,Open
,,09/26/2022,BLACKWATER C.F.,Suicide,Closed
"GOLDEN, ALTON",https://fdc.myflorida.com/OffenderSearch/detail.aspx?Page=Detail&DCNumber=987591&TypeSearch=IR,09/26/2022,WAKULLA C.I.,Natural,Closed
"RODRIGUEZ, JESUS",https://fdc.myflorida.com/OffenderSearch/detail.aspx?Page=Detail&DCNumber=088171&TypeSearch=IR,09/28/2022,SUWANNEE C.I. ANNEX,Natural,Closed
,,09/28/2022,SUWANNEE C.I. ANNEX,Suicide,Closed
"BARTOSIK, PAUL",https://fdc.myflorida.com/OffenderSearch/detail.aspx?Page=Detail&DCNumber=A51911&TypeSearch=IR,10/01/2022,SANTA ROSA C.I.,Natural,Closed
"FULLER, LEWIS",https://fdc.myflorida.com/OffenderSearch/detail.aspx?Page=Detail&DCNumber=049221&TypeSearch=IR,10/02/2022,APALACHEE EAST UNIT,Natural,Closed
,,10/03/2022,CFRC-SOUTH,Pending,Closed
,,10/04/2022,ZEPHYRHILLS C.I.,Pending,Closed
"MENARD, RONALD",https://fdc.myflorida.com/OffenderSearch/detail.aspx?Page=Detail&DCNumber=G50640&TypeSearch=IR,10/04/2022,R.M.C.- MAIN UNIT,Natural,Closed
"JOY, MICHAEL",https://fdc.myflorida.com/OffenderSearch/detail.aspx?Page=Detail&DCNumber=B15196&TypeSearch=IR,10/04/2022,EVERGLADES C.I.,Natural,Closed
,,10/05/2022,WAKULLA C.I.,4Suicide,Closed
"ISSAAC-RAMIREZ, LAZARO",https://fdc.myflorida.com/OffenderSearch/detail.aspx?Page=Detail&DCNumber=080555&TypeSearch=IR,10/07/2022,R.M.C.- MAIN UNIT,Natural,OPEN
"ALLAIN, ARTHUR",https://fdc.myflorida.com/OffenderSearch/detail.aspx?Page=Detail&DCNumber=241099&TypeSearch=IR,10/07/2022,ZEPHYRHILLS C.I.,Natural,Closed
"KELLY, JOHNNY",https://fdc.myflorida.com/OffenderSearch/detail.aspx?Page=Detail&DCNumber=005385&TypeSearch=IR,10/08/2022,DADE C.I.,Natural,Closed
,,10/09/2022,TOMOKA C.I.,Pending,OPEN
"EVANS, STEVEN",https://fdc.myflorida.com/OffenderSearch/detail.aspx?Page=Detail&DCNumber=330290&TypeSearch=IR,10/09/2022,UNION C.I.,Natural,Closed
"ORTIZ, DOUGLAS",https://fdc.myflorida.com/OffenderSearch/detail.aspx?Page=Detail&DCNumber=X89580&TypeSearch=IR,10/10/2022,WAKULLA C.I.,Natural,CLOSED
,,10/10/2022,R.M.C.- MAIN UNIT,Pending,Closed
"SICKLER, JOHN",https://fdc.myflorida.com/OffenderSearch/detail.aspx?Page=Detail&DCNumber=K79479&TypeSearch=IR,10/10/2022,R.M.C.- MAIN UNIT,Natural,Closed
"ZEWIEY, LAWRENCE",https://fdc.myflorida.com/OffenderSearch/detail.aspx?Page=Detail&DCNumber=U41021&TypeSearch=IR,10/10/2022,R.M.C.- MAIN UNIT,Natural,Closed
"DAVEY, JAMES",https://fdc.myflorida.com/OffenderSearch/detail.aspx?Page=Detail&DCNumber=D08744&TypeSearch=IR,10/11/2022,R.M.C.- MAIN UNIT,Natural,
"MCCOY, LAWRENCE",https://fdc.myflorida.com/OffenderSearch/detail.aspx?Page=Detail&DCNumber=353284&TypeSearch=IR,10/13/2022,R.M.C.- MAIN UNIT,Natural,Closed
,,10/13/2022,R.M.C.- MAIN UNIT,Pending,Closed
,,10/14/2022,SUWANNEE C.I. ANNEX,Pending,Closed
,,10/15/2022,R.M.C.- MAIN UNIT,Pending,Closed
,,10/15/2022,R.M.C.- MAIN UNIT,Pending,Closed
"RODRIGUEZ-MILLARES, ROGELIO",https://fdc.myflorida.com/OffenderSearch/detail.aspx?Page=Detail&DCNumber=427327&TypeSearch=IR,10/17/2022,R.M.C.- MAIN UNIT,Natural,Closed
"BOYAN, RICHARD",https://fdc.myflorida.com/OffenderSearch/detail.aspx?Page=Detail&DCNumber=R05620&TypeSearch=IR,10/18/2022,CALHOUN C.I.,Accident,OPEN
,,10/18/2022,R.M.C.- MAIN UNIT,Pending,Closed
,,10/19/2022,MARTIN C.I.,Pending,Closed
,,10/20/2022,CENTURY C.I.,Natural,Closed
"TOLER, MICHAEL",https://fdc.myflorida.com/OffenderSearch/detail.aspx?Page=Detail&DCNumber=209991&TypeSearch=IR,10/21/2022,BAY C.F.,Natural,OPEN
"PLEVNIAK, RICHARD",https://fdc.myflorida.com/OffenderSearch/detail.aspx?Page=Detail&DCNumber=B09279&TypeSearch=IR,10/22/2022,EVERGLADES C.I.,Natural,Closed
,,10/23/2022,APALACHEE EAST UNIT,Pending,OPEN
,,10/25/2022,S.F.R.C.,Pending,Closed
,,10/27/2022,CFRC-MAIN,Pending,2-CLOSED
"BAGLEY, EDWARD",https://fdc.myflorida.com/OffenderSearch/detail.aspx?Page=Detail&DCNumber=134461&TypeSearch=IR,10/27/2022,MARION C.I.,Natural,2-CLOSED
,,10/28/2022,DADE C.I.,Pending,OPEN
"CASH, JAMIE",https://fdc.myflorida.com/OffenderSearch/detail.aspx?Page=Detail&DCNumber=755081&TypeSearch=IR,10/28/2022,R.M.C.- MAIN UNIT,Natural,OPEN
"GUFFEY, DAVID",https://fdc.myflorida.com/OffenderSearch/detail.aspx?Page=Detail&DCNumber=B16349&TypeSearch=IR,10/29/2022,HARDEE C.I.,Natural,OPEN
"JENKINS, EUGENE",https://fdc.myflorida.com/OffenderSearch/detail.aspx?Page=Detail&DCNumber=024922&TypeSearch=IR,10/31/2022,S.F.R.C.,Natural,OPEN-FDLE
,,10/31/2022,GULF C.I.,Homicide,OPEN
"GROVES, ROBERT",https://fdc.myflorida.com/OffenderSearch/detail.aspx?Page=Detail&DCNumber=816502&TypeSearch=IR,11/02/2022,APALACHEE EAST UNIT,Natural,Closed
"JORDAN, JAMES",https://fdc.myflorida.com/OffenderSearch/detail.aspx?Page=Detail&DCNumber=555250&TypeSearch=IR,11/02/2022,HAMILTON ANNEX,Natural,CLOSED
"GILBERT, MARCUS",https://fdc.myflorida.com/OffenderSearch/detail.aspx?Page=Detail&DCNumber=U59322&TypeSearch=IR,11/03/2022,R.M.C.- MAIN UNIT,Natural,Closed
"BOOKER, STEPHEN",https://fdc.myflorida.com/OffenderSearch/detail.aspx?Page=Detail&DCNumber=044049&TypeSearch=IR,11/03/2022,UNION C.I.,Accident,Closed
"PASCHALL, WILLIE",https://fdc.myflorida.com/OffenderSearch/detail.aspx?Page=Detail&DCNumber=832788&TypeSearch=IR,11/03/2022,S.F.R.C.,Natural,OPEN-MDPD
"AMICON, ANDREW",https://fdc.myflorida.com/OffenderSearch/detail.aspx?Page=Detail&DCNumber=L34942&TypeSearch=IR,11/04/2022,DADE C.I.,Natural,OPEN-MDPD
"GOODRICH, DANIE",https://fdc.myflorida.com/OffenderSearch/detail.aspx?Page=Detail&DCNumber=V14302&TypeSearch=IR,11/06/2022,R.M.C.- MAIN UNIT,Natural,OPEN
"CONNOLLY, DALE",https://fdc.myflorida.com/OffenderSearch/detail.aspx?Page=Detail&DCNumber=094583&TypeSearch=IR,11/06/2022,ZEPHYRHILLS C.I.,Natural,Closed
,,11/07/2022,GRACEVILLE C.F.,Homicide,OPEN
"ORCUTT, GILES",https://fdc.myflorida.com/OffenderSearch/detail.aspx?Page=Detail&DCNumber=054904&TypeSearch=IR,11/07/2022,R.M.C.- MAIN UNIT,Natural,Closed
"BRACY, LARRY",https://fdc.myflorida.com/OffenderSearch/detail.aspx?Page=Detail&DCNumber=025826&TypeSearch=IR,11/07/2022,MARTIN C.I.,Natural,Closed
"HILL, WILLIE",https://fdc.myflorida.com/OffenderSearch/detail.aspx?Page=Detail&DCNumber=496740&TypeSearch=IR,11/10/2022,R.M.C.- MAIN UNIT,Natural,Closed
"ELLIS, STEPHEN",https://fdc.myflorida.com/OffenderSearch/detail.aspx?Page=Detail&DCNumber=035815&TypeSearch=IR,11/12/2022,WAKULLA C.I.,Natural,CLOSED
"THOMAS, MILTON",https://fdc.myflorida.com/OffenderSearch/detail.aspx?Page=Detail&DCNumber=792093&TypeSearch=IR,11/12/2022,R.M.C.- MAIN UNIT,Natural,Closed
,,11/15/2022,SANTA ROSA ANNEX,Suicide,Closed
"CALDWELL, LARRY",https://fdc.myflorida.com/OffenderSearch/detail.aspx?Page=Detail&DCNumber=714413&TypeSearch=IR,11/16/2022,CFRC-MAIN,Natural,OPEN
"LOWMAN, JEROME",https://fdc.myflorida.com/OffenderSearch/detail.aspx?Page=Detail&DCNumber=E13120&TypeSearch=IR,11/17/2022,ZEPHYRHILLS C.I.,Natural,Closed
"SMITH, WILLIE",https://fdc.myflorida.com/OffenderSearch/detail.aspx?Page=Detail&DCNumber=466789&TypeSearch=IR,11/18/2022,WALTON C.I.,Natural,Closed
"JACOBS, BERNARD",https://fdc.myflorida.com/OffenderSearch/detail.aspx?Page=Detail&DCNumber=338413&TypeSearch=IR,11/18/2022,DADE C.I.,Natural,OPEN-MDPD
"HARPER, LITTLE",https://fdc.myflorida.com/OffenderSearch/detail.aspx?Page=Detail&DCNumber=021875&TypeSearch=IR,11/20/2022,EVERGLADES C.I.,Natural,Closed
"NELSON, GRADY",https://fdc.myflorida.com/OffenderSearch/detail.aspx?Page=Detail&DCNumber=440934&TypeSearch=IR,11/22/2022,R.M.C.- MAIN UNIT,Natural,Closed
"LOPER, EDWARD",https://fdc.myflorida.com/OffenderSearch/detail.aspx?Page=Detail&DCNumber=041109&TypeSearch=IR,11/23/2022,CENTURY C.I.,Natural,Closed
"BARTLE, JOSHUA",https://fdc.myflorida.com/OffenderSearch/detail.aspx?Page=Detail&DCNumber=344155&TypeSearch=IR,11/24/2022,R.M.C.- MAIN UNIT,Natural,OPEN
"BLOODWORTH, ALEXANDER",https://fdc.myflorida.com/OffenderSearch/detail.aspx?Page=Detail&DCNumber=045059&TypeSearch=IR,11/24/2022,SUMTER C.I.,Natural,Closed
,,11/25/2022,CENTURY C.I.,Pending,OPEN
"POLLARD, ERIC",https://fdc.myflorida.com/OffenderSearch/detail.aspx?Page=Detail&DCNumber=B09077&TypeSearch=IR,11/25/2022,FRANKLIN C.I.,Accident,Closed
"CLOUSE, GARY",https://fdc.myflorida.com/OffenderSearch/detail.aspx?Page=Detail&DCNumber=V02549&TypeSearch=IR,11/26/2022,R.M.C.- MAIN UNIT,Natural,Closed
"JUMPER, KIEL",https://fdc.myflorida.com/OffenderSearch/detail.aspx?Page=Detail&DCNumber=L42729&TypeSearch=IR,11/26/2022,CHARLOTTE C.I.,Natural,OPEN
"SIMMONS, KEVIN",https://fdc.myflorida.com/OffenderSearch/detail.aspx?Page=Detail&DCNumber=C04787&TypeSearch=IR,11/28/2022,S.F.R.C.,Natural,OPEN-MDPD
"CRECELIUS, DONNY",https://fdc.myflorida.com/OffenderSearch/detail.aspx?Page=Detail&DCNumber=K40410&TypeSearch=IR,11/29/2022,R.M.C.- MAIN UNIT,Natural,Closed
"WILLIAMS, KENNETH",https://fdc.myflorida.com/OffenderSearch/detail.aspx?Page=Detail&DCNumber=017379&TypeSearch=IR,11/29/2022,ZEPHYRHILLS C.I.,Natural,Closed
"BRADY, RICHARD",https://fdc.myflorida.com/OffenderSearch/detail.aspx?Page=Detail&DCNumber=297250&TypeSearch=IR,12/01/2022,R.M.C.- MAIN UNIT,Natural,Closed
"ROUTENBERG, WILLIAM",https://fdc.myflorida.com/OffenderSearch/detail.aspx?Page=Detail&DCNumber=120536&TypeSearch=IR,12/01/2022,CFRC-MAIN,Natural,Closed
"AGUILAR, GLENN",https://fdc.myflorida.com/OffenderSearch/detail.aspx?Page=Detail&DCNumber=C10822&TypeSearch=IR,12/02/2022,SUMTER C.I.,Natural,Closed
"HUGHES, CHARLES",https://fdc.myflorida.com/OffenderSearch/detail.aspx?Page=Detail&DCNumber=483135&TypeSearch=IR,12/03/2022,ZEPHYRHILLS C.I.,Natural,Closed
"ROBERTS, STEVEN",https://fdc.myflorida.com/OffenderSearch/detail.aspx?Page=Detail&DCNumber=C70608&TypeSearch=IR,12/04/2022,R.M.C.- MAIN UNIT,Natural,Closed
"JAVERS, ISSAC",https://fdc.myflorida.com/OffenderSearch/detail.aspx?Page=Detail&DCNumber=184005&TypeSearch=IR,12/06/2022,OKEECHOBEE C.I.,Accident,Closed
"SHAFFER, RICHARD",https://fdc.myflorida.com/OffenderSearch/detail.aspx?Page=Detail&DCNumber=280671&TypeSearch=IR,12/07/2022,R.M.C.- MAIN UNIT,Natural,
"SMITH, JIMMY",https://fdc.myflorida.com/OffenderSearch/detail.aspx?Page=Detail&DCNumber=035167&TypeSearch=IR,12/07/2022,SUWANNEE C.I. ANNEX,Natural,Closed
"WOOD, KOURTNEY",https://fdc.myflorida.com/OffenderSearch/detail.aspx?Page=Detail&DCNumber=B51699&TypeSearch=IR,12/08/2022,FL.WOMENS RECPN.CTR,Natural,Closed
,,12/08/2022,DADE C.I.,Suicide,OPEN
"YOPP, WARREN",https://fdc.myflorida.com/OffenderSearch/detail.aspx?Page=Detail&DCNumber=023075&TypeSearch=IR,12/08/2022,ZEPHYRHILLS C.I.,Natural,Closed
,,12/09/2022,S.F.R.C.,Pending,OPEN-MDPD
"BROWN, JAMES",https://fdc.myflorida.com/OffenderSearch/detail.aspx?Page=Detail&DCNumber=400735&TypeSearch=IR,12/10/2022,SUWANNEE C.I. ANNEX,Natural,Closed
"MOCHNICK, GARY",https://fdc.myflorida.com/OffenderSearch/detail.aspx?Page=Detail&DCNumber=U22631&TypeSearch=IR,12/10/2022,CFRC-MAIN,Natural,Closed
"GILL, MARVIN",https://fdc.myflorida.com/OffenderSearch/detail.aspx?Page=Detail&DCNumber=827207&TypeSearch=IR,12/11/2022,COLUMBIA C.I.,Natural,OPEN
"PENA, LUIS",https://fdc.myflorida.com/OffenderSearch/detail.aspx?Page=Detail&DCNumber=D15358&TypeSearch=IR,12/11/2022,R.M.C.- MAIN UNIT,Natural,Closed
"SANTIAGO, JORGE",https://fdc.myflorida.com/OffenderSearch/detail.aspx?Page=Detail&DCNumber=T48122&TypeSearch=IR,12/11/2022,HARDEE C.I.,Natural,Closed
"TIDWELL, LEON",https://fdc.myflorida.com/OffenderSearch/detail.aspx?Page=Detail&DCNumber=016156&TypeSearch=IR,12/11/2022,ZEPHYRHILLS C.I.,Natural,Closed
"JILES, DAVID",https://fdc.myflorida.com/OffenderSearch/detail.aspx?Page=Detail&DCNumber=100172&TypeSearch=IR,12/13/2022,DADE C.I.,Natural,Closed
"TORRES, HECTOR",https://fdc.myflorida.com/OffenderSearch/detail.aspx?Page=Detail&DCNumber=C08093&TypeSearch=IR,12/14/2022,R.M.C.- MAIN UNIT,Natural,Closed
"VALENTINE, TERANCE",https://fdc.myflorida.com/OffenderSearch/detail.aspx?Page=Detail&DCNumber=119682&TypeSearch=IR,12/14/2022,UNION C.I.,Natural,Closed
"EDWARDS, BOBBY",https://fdc.myflorida.com/OffenderSearch/detail.aspx?Page=Detail&DCNumber=013133&TypeSearch=IR,12/14/2022,DADE C.I.,Natural,OPEN-MDPD
,,12/15/2022,ZEPHYRHILLS C.I.,Pending,OPEN
"CRUSE, KRISTINA",https://fdc.myflorida.com/OffenderSearch/detail.aspx?Page=Detail&DCNumber=Q29621&TypeSearch=IR,12/16/2022,FL.WOMENS RECPN.CTR,Natural,Closed
"MENDOZA, JORGE",https://fdc.myflorida.com/OffenderSearch/detail.aspx?Page=Detail&DCNumber=M72574&TypeSearch=IR,12/16/2022,SOUTH BAY C.F.,Natural,Closed
"CRAFT, MATTHEW",https://fdc.myflorida.com/OffenderSearch/detail.aspx?Page=Detail&DCNumber=S24280&TypeSearch=IR,12/17/2022,HOLMES C.I.,Accident,OPEN
"KITTRELL, GRADY",https://fdc.myflorida.com/OffenderSearch/detail.aspx?Page=Detail&DCNumber=073373&TypeSearch=IR,12/17/2022,UNION C.I.,Natural,OPEN
"SKINNER, TERRANCE",https://fdc.myflorida.com/OffenderSearch/detail.aspx?Page=Detail&DCNumber=E06748&TypeSearch=IR,12/22/2022,BLACKWATER C.F.,Accident,Closed
"PERSON, RICHARD",https://fdc.myflorida.com/OffenderSearch/detail.aspx?Page=Detail&DCNumber=J39747&TypeSearch=IR,12/22/2022,R.M.C.- MAIN UNIT,Natural,Closed
"BLACKWELL, JOHNNY",https://fdc.myflorida.com/OffenderSearch/detail.aspx?Page=Detail&DCNumber=589252&TypeSearch=IR,12/23/2022,TAYLOR C.I.,Accident,OPEN-FDLE
"CAIN, JOHNNY",https://fdc.myflorida.com/OffenderSearch/detail.aspx?Page=Detail&DCNumber=060336&TypeSearch=IR,12/24/2022,TOMOKA C.I.,Natural,Closed
,,12/24/2022,LAKE C.I.,Suicide,Closed
"VAUGHN, VANCE",https://fdc.myflorida.com/OffenderSearch/detail.aspx?Page=Detail&DCNumber=076497&TypeSearch=IR,12/26/2022,R.M.C.- MAIN UNIT,Natural,Closed
,,12/26/2022,LOWELL C.I.,Natural,Closed
"AUSTIN, STEVE",https://fdc.myflorida.com/OffenderSearch/detail.aspx?Page=Detail&DCNumber=959695&TypeSearch=IR,12/27/2022,R.M.C.- MAIN UNIT,Natural,Closed
"JOHNSON, JOVONTE",https://fdc.myflorida.com/OffenderSearch/detail.aspx?Page=Detail&DCNumber=C11326&TypeSearch=IR,12/27/2022,R.M.C.- MAIN UNIT,Natural,Closed
"SANDERS, MANFRED",https://fdc.myflorida.com/OffenderSearch/detail.aspx?Page=Detail&DCNumber=C01597&TypeSearch=IR,12/28/2022,R.M.C.- MAIN UNIT,Natural,Closed
,,12/31/2022,CHARLOTTE C.I.,Homicide,
,,01/01/2023,R.M.C.- WEST UNIT,Accident,OPEN
,,01/01/2023,SOUTH BAY C.F.,Pending,OPEN
,,01/02/2023,WAKULLA ANNEX,Homicide,Closed
"HAMPTON, SYLVESTER",https://fdc.myflorida.com/OffenderSearch/detail.aspx?Page=Detail&DCNumber=027914&TypeSearch=IR,01/02/2023,R.M.C.- MAIN UNIT,Natural,Closed
"MYERS, WALTER",https://fdc.myflorida.com/OffenderSearch/detail.aspx?Page=Detail&DCNumber=067392&TypeSearch=IR,01/02/2023,R.M.C.- MAIN UNIT,Natural,Closed
"GUNTER, RICHARD",https://fdc.myflorida.com/OffenderSearch/detail.aspx?Page=Detail&DCNumber=B13552&TypeSearch=IR,01/03/2023,DADE C.I.,Natural,Open-MDPD
"THOMAS, WALTER",https://fdc.myflorida.com/OffenderSearch/detail.aspx?Page=Detail&DCNumber=541135&TypeSearch=IR,01/04/2023,R.M.C.- MAIN UNIT,Natural,Closed
,,01/04/2023,LAKE CITY C.F.,Pending,OPEN
"WRIGHT, JAYLEN",https://fdc.myflorida.com/OffenderSearch/detail.aspx?Page=Detail&DCNumber=W81365&TypeSearch=IR,01/05/2023,LIBERTY C.I.,Accident,Closed
"VINEYARD, LYNN",https://fdc.myflorida.com/OffenderSearch/detail.aspx?Page=Detail&DCNumber=158636&TypeSearch=IR,01/05/2023,R.M.C.- MAIN UNIT,Natural,
,,01/05/2023,R.M.C.- MAIN UNIT,Pending,OPEN-FDLE
"ADAMS, WILLIAM",https://fdc.myflorida.com/OffenderSearch/detail.aspx?Page=Detail&DCNumber=883415&TypeSearch=IR,01/07/2023,NWFRC ANNEX.,Natural,Closed
"FLOWERS, GARY",https://fdc.myflorida.com/OffenderSearch/detail.aspx?Page=Detail&DCNumber=068787&TypeSearch=IR,01/07/2023,R.M.C.- MAIN UNIT,Natural,OPEN
"JONES, HERMAN",https://fdc.myflorida.com/OffenderSearch/detail.aspx?Page=Detail&DCNumber=362310&TypeSearch=IR,01/07/2023,R.M.C.- MAIN UNIT,Natural,OPEN
"MACK, CLEVELAND",https://fdc.myflorida.com/OffenderSearch/detail.aspx?Page=Detail&DCNumber=603097&TypeSearch=IR,01/07/2023,MOORE HAVEN C.F.,Natural,OPEN
"WHITE, DANIEL",https://fdc.myflorida.com/OffenderSearch/detail.aspx?Page=Detail&DCNumber=111761&TypeSearch=IR,01/08/2023,AVON PARK C.I.,Natural,Closed
"MURPHY, DENNIS",https://fdc.myflorida.com/OffenderSearch/detail.aspx?Page=Detail&DCNumber=104583&TypeSearch=IR,01/09/2023,R.M.C.- MAIN UNIT,Natural,Closed
"VICK, JAMES",https://fdc.myflorida.com/OffenderSearch/detail.aspx?Page=Detail&DCNumber=073218&TypeSearch=IR,01/09/2023,S.F.R.C.,Natural,Closed
"BROWN, WILLIE",https://fdc.myflorida.com/OffenderSearch/detail.aspx?Page=Detail&DCNumber=022323&TypeSearch=IR,01/09/2023,DADE C.I.,Natural,Closed
,,01/11/2023,DADE C.I.,Suicide,OPEN
"MOORE, RICHARD",https://fdc.myflorida.com/OffenderSearch/detail.aspx?Page=Detail&DCNumber=566436&TypeSearch=IR,01/12/2023,R.M.C.- MAIN UNIT,Natural,Closed
"KAHN, ROGER",https://fdc.myflorida.com/OffenderSearch/detail.aspx?Page=Detail&DCNumber=K62116&TypeSearch=IR,01/12/2023,R.M.C.- MAIN UNIT,Natural,OPEN
,,01/12/2023,R.M.C.- MAIN UNIT,Suicide,Closed
"HAMILTON, RICHARD",https://fdc.myflorida.com/OffenderSearch/detail.aspx?Page=Detail&DCNumber=123846&TypeSearch=IR,01/12/2023,UNION C.I.,Natural,Open
"LAMBERT, VICTOR",https://fdc.myflorida.com/OffenderSearch/detail.aspx?Page=Detail&DCNumber=C01548&TypeSearch=IR,01/12/2023,TAYLOR C.I.,Natural,Closed
"HEAVEN, TERRENCE",https://fdc.myflorida.com/OffenderSearch/detail.aspx?Page=Detail&DCNumber=621304&TypeSearch=IR,01/12/2023,SUWANNEE C.I,Natural,Closed
"REED, JIMMY",https://fdc.myflorida.com/OffenderSearch/detail.aspx?Page=Detail&DCNumber=088264&TypeSearch=IR,01/12/2023,TOMOKA C.I.,Natural,Closed
,,01/15/2023,SANTA ROSA ANNEX,Pending,OPEN
,,01/15/2023,SUMTER C.I.,Pending,OPEN
,,01/17/2023,EVERGLADES C.I.,Pending,OPEN-FDLE
"THAMES, JAVONTAI",https://fdc.myflorida.com/OffenderSearch/detail.aspx?Page=Detail&DCNumber=P53878&TypeSearch=IR,01/18/2023,LIBERTY C.I.,Accident,OPEN
"SVOBODA, GERALD",https://fdc.myflorida.com/OffenderSearch/detail.aspx?Page=Detail&DCNumber=265656&TypeSearch=IR,01/18/2023,R.M.C.- MAIN UNIT,Accident,Closed
"FLOYD, FRANKLIN",https://fdc.myflorida.com/OffenderSearch/detail.aspx?Page=Detail&DCNumber=R30302&TypeSearch=IR,01/20/2023,UNION C.I.,Natural,Closed
"BARFIELD, CHASE",https://fdc.myflorida.com/OffenderSearch/detail.aspx?Page=Detail&DCNumber=Q24506&TypeSearch=IR,01/22/2023,BLACKWATER C.F.,Natural,OPEN
"JOHNS, ROBERT",https://fdc.myflorida.com/OffenderSearch/detail.aspx?Page=Detail&DCNumber=525597&TypeSearch=IR,01/22/2023,R.M.C.- MAIN UNIT,Natural,Closed
"RUD, CURT",https://fdc.myflorida.com/OffenderSearch/detail.aspx?Page=Detail&DCNumber=Y25579&TypeSearch=IR,01/22/2023,HAMILTON ANNEX,Accident,Closed
"WALKER, JETHRO",https://fdc.myflorida.com/OffenderSearch/detail.aspx?Page=Detail&DCNumber=P10677&TypeSearch=IR,01/24/2023,HOLMES C.I.,Natural,Closed
"HARDY, DEMETRIUS",https://fdc.myflorida.com/OffenderSearch/detail.aspx?Page=Detail&DCNumber=C90134&TypeSearch=IR,01/24/2023,R.M.C.- MAIN UNIT,Natural,Closed
"LECLERCQ, JEAN",https://fdc.myflorida.com/OffenderSearch/detail.aspx?Page=Detail&DCNumber=E04184&TypeSearch=IR,01/24/2023,LOWELL ANNEX,Natural,Closed
"KINDLEY, DAVID",https://fdc.myflorida.com/OffenderSearch/detail.aspx?Page=Detail&DCNumber=H40088&TypeSearch=IR,01/25/2023,CFRC-MAIN,Natural,Closed
,,01/25/2023,ZEPHYRHILLS C.I.,Pending,Closed
,,01/26/2023,R.M.C.- MAIN UNIT,Natural,OPEN
,,01/26/2023,SUWANNEE C.I,Suicide,Closed
"WINDSOR, ELLIS",https://fdc.myflorida.com/OffenderSearch/detail.aspx?Page=Detail&DCNumber=034813&TypeSearch=IR,01/27/2023,R.M.C.- MAIN UNIT,Natural,Closed
"BROWN, STEPHEN",https://fdc.myflorida.com/OffenderSearch/detail.aspx?Page=Detail&DCNumber=703587&TypeSearch=IR,01/28/2023,R.M.C.- MAIN UNIT,Natural,Closed
,,01/28/2023,DADE C.I.,Pending,OPEN-MDPD
"TOLEDO, RUBEN",https://fdc.myflorida.com/OffenderSearch/detail.aspx?Page=Detail&DCNumber=R57570&TypeSearch=IR,01/29/2023,SUWANNEE C.I,Accident,Closed
"WILLIAMS, RICHARD",https://fdc.myflorida.com/OffenderSearch/detail.aspx?Page=Detail&DCNumber=047592&TypeSearch=IR,01/29/2023,TOMOKA C.I.,Natural,
"CLARK, DWAYNE",https://fdc.myflorida.com/OffenderSearch/detail.aspx?Page=Detail&DCNumber=T05903&TypeSearch=IR,02/03/2023,SUWANNEE C.I. ANNEX,Natural,Closed
,,02/03/2023,EVERGLADES C.I.,Pending,OPEN
,,02/04/2023,NWFRC MAIN UNIT.,Pending,OPEN
"LAFOGA, BRANDON",https://fdc.myflorida.com/OffenderSearch/detail.aspx?Page=Detail&DCNumber=Y81077&TypeSearch=IR,02/05/2023,CHARLOTTE C.I.,Accident,OPEN
,,02/05/2023,WAKULLA C.I.,Suicide,Closed
,,02/06/2023,ZEPHYRHILLS C.I.,Pending,Closed
"ELLIOTT, WILLIAM",https://fdc.myflorida.com/OffenderSearch/detail.aspx?Page=Detail&DCNumber=I10615&TypeSearch=IR,02/06/2023,DADE C.I.,Natural,OPEN
,,02/07/2023,COLUMBIA ANNEX,Suicide,Closed
"POPE, CHARLES",https://fdc.myflorida.com/OffenderSearch/detail.aspx?Page=Detail&DCNumber=040355&TypeSearch=IR,02/11/2023,R.M.C.- MAIN UNIT,Natural,Closed
"RITCHIE, EDWARD",https://fdc.myflorida.com/OffenderSearch/detail.aspx?Page=Detail&DCNumber=H32253&TypeSearch=IR,02/12/2023,R.M.C.- MAIN UNIT,Accident,Closed
,,02/12/2023,EVERGLADES C.I.,Pending,OPEN-FDLE
,,02/12/2023,S.F.R.C.,Natural,OPEN-MDPD
"RICHARDSON, ROBERT",https://fdc.myflorida.com/OffenderSearch/detail.aspx?Page=Detail&DCNumber=030544&TypeSearch=IR,02/12/2023,R.M.C.- MAIN UNIT,Natural,Closed
"PARSONS, BOB",https://fdc.myflorida.com/OffenderSearch/detail.aspx?Page=Detail&DCNumber=D43839&TypeSearch=IR,02/13/2023,S.F.R.C.,Natural,Closed
"HUGHES, BRIAN",https://fdc.myflorida.com/OffenderSearch/detail.aspx?Page=Detail&DCNumber=J57235&TypeSearch=IR,02/14/2023,APALACHEE EAST UNIT,Natural,OPEN
"SCHWARZ, WILLIAM",https://fdc.myflorida.com/OffenderSearch/detail.aspx?Page=Detail&DCNumber=T12523&TypeSearch=IR,02/15/2023,OKALOOSA C.I.,Natural,Closed
"WILSON, GEORGE",https://fdc.myflorida.com/OffenderSearch/detail.aspx?Page=Detail&DCNumber=H14995&TypeSearch=IR,02/15/2023,R.M.C.- MAIN UNIT,Natural,CLOSED
"TATE, JAMES",https://fdc.myflorida.com/OffenderSearch/detail.aspx?Page=Detail&DCNumber=034819&TypeSearch=IR,02/16/2023,OKALOOSA C.I.,Natural,
"MCKIVER, FREDDIE",https://fdc.myflorida.com/OffenderSearch/detail.aspx?Page=Detail&DCNumber=V11109&TypeSearch=IR,02/17/2023,MARION C.I.,Natural,Closed
"HAMILTON, AARON",https://fdc.myflorida.com/OffenderSearch/detail.aspx?Page=Detail&DCNumber=628222&TypeSearch=IR,02/19/2023,CROSS CITY C.I.,Natural,Closed
,,02/19/2023,LIBERTY C.I.,Suicide,Closed
"PARKER, PAUL",https://fdc.myflorida.com/OffenderSearch/detail.aspx?Page=Detail&DCNumber=112542&TypeSearch=IR,02/19/2023,R.M.C.- MAIN UNIT,Natural,Open
"REIN, JERRY",https://fdc.myflorida.com/OffenderSearch/detail.aspx?Page=Detail&DCNumber=M07116&TypeSearch=IR,02/20/2023,R.M.C.- MAIN UNIT,Natural,
"MAJORS, DAVID",https://fdc.myflorida.com/OffenderSearch/detail.aspx?Page=Detail&DCNumber=P03482&TypeSearch=IR,02/22/2023,R.M.C.- MAIN UNIT,Natural,Closed
"CAMPER, CARL",https://fdc.myflorida.com/OffenderSearch/detail.aspx?Page=Detail&DCNumber=106338&TypeSearch=IR,02/23/2023,R.M.C.- MAIN UNIT,Natural,Closed
"GROSS, PHILLIP",https://fdc.myflorida.com/OffenderSearch/detail.aspx?Page=Detail&DCNumber=042631&TypeSearch=IR,02/23/2023,UNION C.I.,Natural,Closed
"WALKER, WILLIE",https://fdc.myflorida.com/OffenderSearch/detail.aspx?Page=Detail&DCNumber=016297&TypeSearch=IR,02/23/2023,ZEPHYRHILLS C.I.,Natural,OPEN
"HANNER, NED",https://fdc.myflorida.com/OffenderSearch/detail.aspx?Page=Detail&DCNumber=029175&TypeSearch=IR,02/24/2023,R.M.C.- MAIN UNIT,Natural,Closed
"CRENSHAW, MORRIS",https://fdc.myflorida.com/OffenderSearch/detail.aspx?Page=Detail&DCNumber=734161&TypeSearch=IR,02/24/2023,R.M.C.- MAIN UNIT,Natural,Closed
"BROWN, HUBERT",https://fdc.myflorida.com/OffenderSearch/detail.aspx?Page=Detail&DCNumber=H44890&TypeSearch=IR,02/24/2023,HAMILTON ANNEX,Natural,Closed
"HERNANDEZ, REINALDO",https://fdc.myflorida.com/OffenderSearch/detail.aspx?Page=Detail&DCNumber=081341&TypeSearch=IR,02/25/2023,R.M.C.- MAIN UNIT,Natural,Closed
"RIVERA, MIGUEL",https://fdc.myflorida.com/OffenderSearch/detail.aspx?Page=Detail&DCNumber=X54036&TypeSearch=IR,02/25/2023,R.M.C.- MAIN UNIT,Natural,Closed
"MCNICHOLS, DALE",https://fdc.myflorida.com/OffenderSearch/detail.aspx?Page=Detail&DCNumber=695586&TypeSearch=IR,02/25/2023,CFRC-MAIN,Natural,Closed
"KIRK, JAMES",https://fdc.myflorida.com/OffenderSearch/detail.aspx?Page=Detail&DCNumber=B31534&TypeSearch=IR,02/26/2023,R.M.C.- MAIN UNIT,Natural,Closed
"GARCIA, ENRIQUE",https://fdc.myflorida.com/OffenderSearch/detail.aspx?Page=Detail&DCNumber=W60237&TypeSearch=IR,02/26/2023,MARION C.I.,Natural,Closed
"DEVIN, WILLIAM",https://fdc.myflorida.com/OffenderSearch/detail.aspx?Page=Detail&DCNumber=B09421&TypeSearch=IR,02/27/2023,S.F.R.C.,Natural,Closed
"ROJAS-LIRIANO, ANGEL",https://fdc.myflorida.com/OffenderSearch/detail.aspx?Page=Detail&DCNumber=B09652&TypeSearch=IR,02/28/2023,APALACHEE EAST UNIT,Accident,Open
,,02/28/2023,BAY C.F.,Suicide,Closed
,,02/28/2023,HARDEE C.I.,Pending,Open
"RIGGINS, HAROLD",https://fdc.myflorida.com/OffenderSearch/detail.aspx?Page=Detail&DCNumber=350943&TypeSearch=IR,03/01/2023,R.M.C.- MAIN UNIT,Natural,Closed
"MORI, MODESTO",https://fdc.myflorida.com/OffenderSearch/detail.aspx?Page=Detail&DCNumber=032596&TypeSearch=IR,03/01/2023,OKEECHOBEE C.I.,Natural,Closed
"AQUARO, ROBERT",https://fdc.myflorida.com/OffenderSearch/detail.aspx?Page=Detail&DCNumber=V53460&TypeSearch=IR,03/02/2023,SUMTER C.I.,Natural,Closed
"WILLIAMS, R",https://fdc.myflorida.com/OffenderSearch/detail.aspx?Page=Detail&DCNumber=181000&TypeSearch=IR,03/02/2023,R.M.C.- MAIN UNIT,Natural,Closed
"SELPH, JODY",https://fdc.myflorida.com/OffenderSearch/detail.aspx?Page=Detail&DCNumber=995238&TypeSearch=IR,03/04/2023,R.M.C.- MAIN UNIT,Natural,Closed
"AUSTIN, MALEK",https://fdc.myflorida.com/OffenderSearch/detail.aspx?Page=Detail&DCNumber=E53903&TypeSearch=IR,03/04/2023,CHARLOTTE C.I.,Accident,Open
"ROBERTS, JOHN",https://fdc.myflorida.com/OffenderSearch/detail.aspx?Page=Detail&DCNumber=665095&TypeSearch=IR,03/05/2023,OKEECHOBEE C.I.,Accident,Closed
"MACHMER, DENNIS",https://fdc.myflorida.com/OffenderSearch/detail.aspx?Page=Detail&DCNumber=R81744&TypeSearch=IR,03/06/2023,SUWANNEE C.I. ANNEX,Natural,Closed
,,03/07/2023,GRACEVILLE C.F.,Pending,Open
"LAMB, WALTER",https://fdc.myflorida.com/OffenderSearch/detail.aspx?Page=Detail&DCNumber=896857&TypeSearch=IR,03/07/2023,R.M.C.- MAIN UNIT,Natural,Closed
,,03/08/2023,CENTURY C.I.,Pending,Open
"JONES, MELVIN",https://fdc.myflorida.com/OffenderSearch/detail.aspx?Page=Detail&DCNumber=031253&TypeSearch=IR,03/08/2023,OKALOOSA C.I.,Natural,Closed
"VICK, DAVID",https://fdc.myflorida.com/OffenderSearch/detail.aspx?Page=Detail&DCNumber=327806&TypeSearch=IR,03/09/2023,OKEECHOBEE C.I.,Accident,Closed
"STANFORD, SCOTT",https://fdc.myflorida.com/OffenderSearch/detail.aspx?Page=Detail&DCNumber=285957&TypeSearch=IR,03/10/2023,R.M.C.- MAIN UNIT,Natural,Closed
"LAPLANTE, ROGER",https://fdc.myflorida.com/OffenderSearch/detail.aspx?Page=Detail&DCNumber=T10166&TypeSearch=IR,03/10/2023,ZEPHYRHILLS C.I.,Natural,Closed
,,03/11/2023,APALACHEE EAST UNIT,Pending,Open
"DINGLE, MARK",https://fdc.myflorida.com/OffenderSearch/detail.aspx?Page=Detail&DCNumber=073356&TypeSearch=IR,03/13/2023,CROSS CITY C.I.,Natural,Closed
"GARCIA-AGUILAR, ROLANDO",https://fdc.myflorida.com/OffenderSearch/detail.aspx?Page=Detail&DCNumber=748408&TypeSearch=IR,03/14/2023,R.M.C.- MAIN UNIT,Natural,Closed
"MORRISON, JAMES",https://fdc.myflorida.com/OffenderSearch/detail.aspx?Page=Detail&DCNumber=125183&TypeSearch=IR,03/15/2023,R.M.C.- MAIN UNIT,Natural,Closed
,,03/15/2023,EVERGLADES C.I.,Pending,Open-MDPD
"MAYO, ALVAN",https://fdc.myflorida.com/OffenderSearch/detail.aspx?Page=Detail&DCNumber=582659&TypeSearch=IR,03/17/2023,COLUMBIA C.I.,Natural,Closed
,,03/18/2023,R.M.C.- MAIN UNIT,Natural,Closed
"TWIST, ROBERT",https://fdc.myflorida.com/OffenderSearch/detail.aspx?Page=Detail&DCNumber=K08370&TypeSearch=IR,03/21/2023,R.M.C.- MAIN UNIT,Natural,Closed
"VERNER, EVA",https://fdc.myflorida.com/OffenderSearch/detail.aspx?Page=Detail&DCNumber=154316&TypeSearch=IR,03/22/2023,LOWELL C.I.,Natural,Closed
"BARNETT, MARK",https://fdc.myflorida.com/OffenderSearch/detail.aspx?Page=Detail&DCNumber=682629&TypeSearch=IR,03/23/2023,JEFFERSON C.I.,Accident,Closed
"MANDOLINI, KEVIN",https://fdc.myflorida.com/OffenderSearch/detail.aspx?Page=Detail&DCNumber=A51036&TypeSearch=IR,03/24/2023,BAY C.F.,Accident,Open
,,03/24/2023,TTH OF BARTOW,Suicide,Open
,,03/24/2023,S.F.R.C.,Pending,Open-MDPD
,,03/24/2023,HARDEE C.I.,Pending,Open
"WOOD, ALVIN",https://fdc.myflorida.com/OffenderSearch/detail.aspx?Page=Detail&DCNumber=028426&TypeSearch=IR,03/25/2023,R.M.C.- MAIN UNIT,Natural,Closed
,,03/25/2023,R.M.C.- MAIN UNIT,Pending,Closed
"TURNER, KEVIN",https://fdc.myflorida.com/OffenderSearch/detail.aspx?Page=Detail&DCNumber=S26149&TypeSearch=IR,03/26/2023,COLUMBIA C.I.,Natural,Open-FDLE
,,03/26/2023,HARDEE C.I.,Pending,Open
,,03/27/2023,R.M.C.- MAIN UNIT,Pending,Closed
"LANGLER, PAUL",https://fdc.myflorida.com/OffenderSearch/detail.aspx?Page=Detail&DCNumber=165603&TypeSearch=IR,03/29/2023,R.M.C.- MAIN UNIT,Natural,Closed
"JOHNSTON, JOSEPH",https://fdc.myflorida.com/OffenderSearch/detail.aspx?Page=Detail&DCNumber=596306&TypeSearch=IR,03/30/2023,SUWANNEE C.I. ANNEX,Natural,Closed
,,03/31/2023,CENTURY C.I.,Pending,
"KELEHAR, DAVID",https://fdc.myflorida.com/OffenderSearch/detail.aspx?Page=Detail&DCNumber=403369&TypeSearch=IR,03/31/2023,R.M.C.- MAIN UNIT,Natural,Closed
"COLLINS, JASPER",https://fdc.myflorida.com/OffenderSearch/detail.aspx?Page=Detail&DCNumber=706884&TypeSearch=IR,03/31/2023,R.M.C.- MAIN UNIT,Natural,Open
"SMITH, JOHN",https://fdc.myflorida.com/OffenderSearch/detail.aspx?Page=Detail&DCNumber=J48121&TypeSearch=IR,04/01/2023,NWFRC ANNEX.,Natural,Open
,,04/02/2023,NWFRC ANNEX.,Pending,Open
"BELL, DAVID",https://fdc.myflorida.com/OffenderSearch/detail.aspx?Page=Detail&DCNumber=099911&TypeSearch=IR,04/02/2023,R.M.C.- MAIN UNIT,Natural,Closed
,,04/03/2023,OKEECHOBEE C.I.,Pending,Open
,,04/03/2023,OKEECHOBEE C.I.,Pending,Open
"SHELLINGS, CHARLES",https://fdc.myflorida.com/OffenderSearch/detail.aspx?Page=Detail&DCNumber=V09828&TypeSearch=IR,04/04/2023,SUWANNEE C.I. ANNEX,Accident,Closed
,,04/05/2023,NWFRC MAIN UNIT.,Pending,Open
,,04/05/2023,S.F.R.C.,Pending,
,,04/06/2023,S.F.R.C.,Pending,
"CRADDOCK, JAMES",https://fdc.myflorida.com/OffenderSearch/detail.aspx?Page=Detail&DCNumber=934726&TypeSearch=IR,04/07/2023,R.M.C.- MAIN UNIT,Natural,Open
,,04/07/2023,CFRC-MAIN,Suicide,Open
"THOMAS, PHILIP",https://fdc.myflorida.com/OffenderSearch/detail.aspx?Page=Detail&DCNumber=209831&TypeSearch=IR,04/07/2023,CHARLOTTE C.I.,Natural,Open
"DIXON, RALPH",https://fdc.myflorida.com/OffenderSearch/detail.aspx?Page=Detail&DCNumber=166606&TypeSearch=IR,04/08/2023,R.M.C.- MAIN UNIT,Natural,Closed
"MILLER, ANTHONY",https://fdc.myflorida.com/OffenderSearch/detail.aspx?Page=Detail&DCNumber=496588&TypeSearch=IR,04/08/2023,R.M.C.- MAIN UNIT,Natural,Open
,,04/08/2023,UNION C.I.,Pending,Closed
"HUNT, DERRELL",https://fdc.myflorida.com/OffenderSearch/detail.aspx?Page=Detail&DCNumber=502210&TypeSearch=IR,04/08/2023,COLUMBIA ANNEX,Natural,Closed
,,04/09/2023,S.F.R.C.,Pending,Open-MDPD
,,04/09/2023,LOXAHATCHEE R.P.,Pending,Open
"THOMAS, JOHN",https://fdc.myflorida.com/OffenderSearch/detail.aspx?Page=Detail&DCNumber=058575&TypeSearch=IR,04/10/2023,R.M.C.- MAIN UNIT,Natural,Open
"IVEY, LINWOOD",https://fdc.myflorida.com/OffenderSearch/detail.aspx?Page=Detail&DCNumber=839232&TypeSearch=IR,04/10/2023,EVERGLADES C.I.,Natural,Open-MDPD
"LOCKETT, CHARLIE",https://fdc.myflorida.com/OffenderSearch/detail.aspx?Page=Detail&DCNumber=E14876&TypeSearch=IR,04/12/2023,UNION C.I.,Natrual,Open
"WILLIAMS, CHARLES",https://fdc.myflorida.com/OffenderSearch/detail.aspx?Page=Detail&DCNumber=064202&TypeSearch=IR,04/12/2023,CFRC-MAIN,Natural,Closed
,,04/12/2023,S.F.R.C.,Pending,Open
"ZANGARI, FRANK",https://fdc.myflorida.com/OffenderSearch/detail.aspx?Page=Detail&DCNumber=C10577&TypeSearch=IR,04/12/2023,ZEPHYRHILLS C.I.,Natural,Open
,,04/14/2023,CENTURY C.I.,Pending,OPen
"SAMUELS, RONALD",https://fdc.myflorida.com/OffenderSearch/detail.aspx?Page=Detail&DCNumber=B04121&TypeSearch=IR,04/14/2023,R.M.C.- MAIN UNIT,Natural,Open
"COLLIE, JEFFREY",https://fdc.myflorida.com/OffenderSearch/detail.aspx?Page=Detail&DCNumber=W90377&TypeSearch=IR,04/14/2023,R.M.C.- MAIN UNIT,Natural,Open
,,04/15/2023,SOUTH BAY C.F.,Pending,Open
,,04/16/2023,CFRC-MAIN,Pending,Open
"WARNICK, GARY",https://fdc.myflorida.com/OffenderSearch/detail.aspx?Page=Detail&DCNumber=D93172&TypeSearch=IR,04/19/2023,R.M.C.- MAIN UNIT,Natural,Open
"ELIZAGARATE, ELADIO",https://fdc.myflorida.com/OffenderSearch/detail.aspx?Page=Detail&DCNumber=096130&TypeSearch=IR,04/19/2023,DADE C.I.,Natural,Open-MDPD
"DILLION, JERMAINE",https://fdc.myflorida.com/OffenderSearch/detail.aspx?Page=Detail&DCNumber=J22280&TypeSearch=IR,04/20/2023,R.M.C.- MAIN UNIT,Natural,Open
"MAIN, PATRICK",https://fdc.myflorida.com/OffenderSearch/detail.aspx?Page=Detail&DCNumber=918622&TypeSearch=IR,04/21/2023,R.M.C.- MAIN UNIT,Natural,Open
"SIZELOVE, MAX",https://fdc.myflorida.com/OffenderSearch/detail.aspx?Page=Detail&DCNumber=086954&TypeSearch=IR,04/21/2023,SUWANNEE C.I. ANNEX,Natural,Open
"BARNES, CHARLES",https://fdc.myflorida.com/OffenderSearch/detail.aspx?Page=Detail&DCNumber=069772&TypeSearch=IR,04/22/2023,S.F.R.C.,Natural,
"PAPINEAU, DANIEL",https://fdc.myflorida.com/OffenderSearch/detail.aspx?Page=Detail&DCNumber=091723&TypeSearch=IR,04/25/2023,CROSS CITY C.I.,Natural,Open
,,04/25/2023,SUWANNEE C.I,Suicide,Open
"CARSWELL, DARON",https://fdc.myflorida.com/OffenderSearch/detail.aspx?Page=Detail&DCNumber=R09834&TypeSearch=IR,04/25/2023,CHARLOTTE C.I.,Accident,Open
,,04/27/2023,BLACKWATER C.F.,Pending,Open
,,04/27/2023,BLACKWATER C.F.,Pending,Open
"GOODWIN, LEROY",https://fdc.myflorida.com/OffenderSearch/detail.aspx?Page=Detail&DCNumber=092749&TypeSearch=IR,04/27/2023,R.M.C.- MAIN UNIT,Natural,Closed
"MINOR, REGINALD",https://fdc.myflorida.com/OffenderSearch/detail.aspx?Page=Detail&DCNumber=871601&TypeSearch=IR,04/28/2023,R.M.C.- MAIN UNIT,Natural,Closed
"WARREN, REGINALD",https://fdc.myflorida.com/OffenderSearch/detail.aspx?Page=Detail&DCNumber=207241&TypeSearch=IR,04/29/2023,WALTON C.I.,Natural,Open
"PHILLIPS, CARL",https://fdc.myflorida.com/OffenderSearch/detail.aspx?Page=Detail&DCNumber=K87920&TypeSearch=IR,04/30/2023,CFRC-MAIN,Natural,Closed
"VEST, WILLIAM",https://fdc.myflorida.com/OffenderSearch/detail.aspx?Page=Detail&DCNumber=E36208&TypeSearch=IR,05/03/2023,R.M.C.- MAIN UNIT,Natural,Closed
,,05/06/2023,LOWELL ANNEX,Pending,Closed
"GONZALEZ, ERIC",https://fdc.myflorida.com/OffenderSearch/detail.aspx?Page=Detail&DCNumber=K93525&TypeSearch=IR,05/06/2023,CFRC-MAIN,Natural,2-CLOSED
,,05/07/2023,S.F.R.C.,Pending,Closed
"BECKER, DONALD",https://fdc.myflorida.com/OffenderSearch/detail.aspx?Page=Detail&DCNumber=V51609&TypeSearch=IR,05/07/2023,R.M.C.- MAIN UNIT,Natural,OPEN
"GUZMAN, FELIX",https://fdc.myflorida.com/OffenderSearch/detail.aspx?Page=Detail&DCNumber=Y10758&TypeSearch=IR,05/07/2023,TTH OF TARPON SPRING,Natural,Closed
"WALKER, DONALD",https://fdc.myflorida.com/OffenderSearch/detail.aspx?Page=Detail&DCNumber=000741&TypeSearch=IR,05/08/2023,R.M.C.- MAIN UNIT,Natural,OPEN
"MILLER, GREGORY",https://fdc.myflorida.com/OffenderSearch/detail.aspx?Page=Detail&DCNumber=118522&TypeSearch=IR,05/11/2023,R.M.C.- MAIN UNIT,Natural,Closed
"MILLS, WILLARD",https://fdc.myflorida.com/OffenderSearch/detail.aspx?Page=Detail&DCNumber=056424&TypeSearch=IR,05/12/2023,R.M.C.- MAIN UNIT,Natural,OPEN
"ROTH, ALLEN",https://fdc.myflorida.com/OffenderSearch/detail.aspx?Page=Detail&DCNumber=H42355&TypeSearch=IR,05/12/2023,DADE C.I.,Natural,OPEN-MDPD
"FORD, MITCHELL",https://fdc.myflorida.com/OffenderSearch/detail.aspx?Page=Detail&DCNumber=W03147&TypeSearch=IR,05/14/2023,SUWANNEE C.I. ANNEX,Natural,OPEN
,,05/14/2023,EVERGLADES RE-ENTRY,Pending,OPEN
"TITTLE, WILLIAM",https://fdc.myflorida.com/OffenderSearch/detail.aspx?Page=Detail&DCNumber=T30338&TypeSearch=IR,05/15/2023,R.M.C.- MAIN UNIT,Natural,OPEN
"RUSSELL, TIFFANY",https://fdc.myflorida.com/OffenderSearch/detail.aspx?Page=Detail&DCNumber=P31389&TypeSearch=IR,05/16/2023,LOWELL ANNEX,Natural,Closed
"LHOTKA, DAVID",https://fdc.myflorida.com/OffenderSearch/detail.aspx?Page=Detail&DCNumber=U49847&TypeSearch=IR,05/17/2023,ZEPHYRHILLS C.I.,Natural,OPEN
"BONNEY, JEFFREY",https://fdc.myflorida.com/OffenderSearch/detail.aspx?Page=Detail&DCNumber=U46854&TypeSearch=IR,05/18/2023,R.M.C.- MAIN UNIT,Natural,OPEN
"SAUNDERS, CHARLIE",https://fdc.myflorida.com/OffenderSearch/detail.aspx?Page=Detail&DCNumber=113311&TypeSearch=IR,05/19/2023,WAKULLA C.I.,Accident,Closed
"BANKS, JAMES",https://fdc.myflorida.com/OffenderSearch/detail.aspx?Page=Detail&DCNumber=A51832&TypeSearch=IR,05/19/2023,S.F.R.C.,Natural,OPEN-MDPD
"SERVIDIO, JEFFERY",https://fdc.myflorida.com/OffenderSearch/detail.aspx?Page=Detail&DCNumber=K64390&TypeSearch=IR,05/23/2023,DADE C.I.,Natural,OPEN-MDPD
"FOX, TIMOTHY",https://fdc.myflorida.com/OffenderSearch/detail.aspx?Page=Detail&DCNumber=640329&TypeSearch=IR,05/24/2023,R.M.C.- MAIN UNIT,Natural,OPEN
"ATKINS, MICHAEL",https://fdc.myflorida.com/OffenderSearch/detail.aspx?Page=Detail&DCNumber=C02446&TypeSearch=IR,05/24/2023,R.M.C.- MAIN UNIT,Natural,Closed
,,05/26/2023,CALHOUN C.I.,Pending,OPEN
"SELLERS, JOSEPH",https://fdc.myflorida.com/OffenderSearch/detail.aspx?Page=Detail&DCNumber=071478&TypeSearch=IR,05/27/2023,SUMTER C.I.,Natural,Closed
,,05/28/2023,GADSDEN C.F.,Pending,Closed
,,05/30/2023,S.F.R.C.,Pending,OPEN-MDPD
"HATCH, IRA",https://fdc.myflorida.com/OffenderSearch/detail.aspx?Page=Detail&DCNumber=K80103&TypeSearch=IR,05/31/2023,R.M.C.- MAIN UNIT,Natural,Closed
"BLOCKER, CHARLIE",https://fdc.myflorida.com/OffenderSearch/detail.aspx?Page=Detail&DCNumber=278966&TypeSearch=IR,06/01/2023,R.M.C.- MAIN UNIT,Natural,Closed
"LEBLANC, JOHN",https://fdc.myflorida.com/OffenderSearch/detail.aspx?Page=Detail&DCNumber=C11456&TypeSearch=IR,06/02/2023,HERNANDO C.I.,Natural,OPEN
,,06/03/2023,R.M.C.- MAIN UNIT,Pending,Closed
"BERRIEN, DEMETRIUS",https://fdc.myflorida.com/OffenderSearch/detail.aspx?Page=Detail&DCNumber=815889&TypeSearch=IR,06/04/2023,R.M.C.- MAIN UNIT,Natural,Closed
"PRESLEY, CLYDE",https://fdc.myflorida.com/OffenderSearch/detail.aspx?Page=Detail&DCNumber=950975&TypeSearch=IR,06/04/2023,UNION C.I.,Natural,OPEN
"BATISTA, RICARDO",https://fdc.myflorida.com/OffenderSearch/detail.aspx?Page=Detail&DCNumber=069939&TypeSearch=IR,06/05/2023,R.M.C.- MAIN UNIT,Natural,Closed
,,06/06/2023,SOUTH BAY C.F.,Pending,OPEN
,,06/08/2023,BLACKWATER C.F.,Pending,OPEN
"HUDDLESTON, WALTER",https://fdc.myflorida.com/OffenderSearch/detail.aspx?Page=Detail&DCNumber=A31418&TypeSearch=IR,06/09/2023,R.M.C.- MAIN UNIT,Natural,Closed
"MORIN, GEORGE",https://fdc.myflorida.com/OffenderSearch/detail.aspx?Page=Detail&DCNumber=075408&TypeSearch=IR,06/09/2023,SUWANNEE C.I. ANNEX,Natural,Closed
"OSCAR, INJUSTE",https://fdc.myflorida.com/OffenderSearch/detail.aspx?Page=Detail&DCNumber=K72413&TypeSearch=IR,06/10/2023,R.M.C.- MAIN UNIT,Natural,OPEN
"HEATH, MAURICE",https://fdc.myflorida.com/OffenderSearch/detail.aspx?Page=Detail&DCNumber=959648&TypeSearch=IR,06/10/2023,MARTIN C.I.,Natural,Closed
"THORNTON, BYRON",https://fdc.myflorida.com/OffenderSearch/detail.aspx?Page=Detail&DCNumber=P43631&TypeSearch=IR,06/11/2023,WAKULLA C.I.,Natural,Closed
"NICHOLS, EVERETT",https://fdc.myflorida.com/OffenderSearch/detail.aspx?Page=Detail&DCNumber=U03351&TypeSearch=IR,06/12/2023,SUWANNEE C.I,Natural,OPEN
"PACK, DAVID",https://fdc.myflorida.com/OffenderSearch/detail.aspx?Page=Detail&DCNumber=904287&TypeSearch=IR,06/13/2023,HAMILTON ANNEX,Natural,2-CLOSED
,,06/13/2023,POLK C.I.,Pending,OPEN
,,06/14/2023,SUWANNEE C.I,Pending,OPEN
"POTTS, FRANK",https://fdc.myflorida.com/OffenderSearch/detail.aspx?Page=Detail&DCNumber=083788&TypeSearch=IR,06/14/2023,SUWANNEE C.I. ANNEX,Natural,Closed
,,06/16/2023,TAYLOR C.I.,Accident,OPEN
,,06/18/2023,WALTON C.I.,Pending,OPEN
,,06/18/2023,SUWANNEE C.I. ANNEX,Pending,OPEN
"YARTER, KENNETH",https://fdc.myflorida.com/OffenderSearch/detail.aspx?Page=Detail&DCNumber=058184&TypeSearch=IR,06/20/2023,R.M.C.- MAIN UNIT,Natural,OPEN
,,06/20/2023,LOWELL C.I.,Pending,OPEN
"FORD, RICHARD",https://fdc.myflorida.com/OffenderSearch/detail.aspx?Page=Detail&DCNumber=006168&TypeSearch=IR,06/21/2023,COLUMBIA C.I.,Natural,Closed
"LEONLUBIANO, LEONIDES",https://fdc.myflorida.com/OffenderSearch/detail.aspx?Page=Detail&DCNumber=W45787&TypeSearch=IR,06/21/2023,R.M.C.- MAIN UNIT,Accident,OPEN
,,06/22/2023,S.F.R.C.,Pending,OPEN
,,06/22/2023,S.F.R.C.,Pending,OPEN-MDPD
,,06/23/2023,LAKE C.I.,Pending,OPEN
,,06/25/2023,OKALOOSA C.I.,Pending,Open
,,06/25/2023,BLACKWATER C.F.,Pending,OPEN
,,06/25/2023,R.M.C.- MAIN UNIT,Pending,OPEN
"CLARK, HERMAN",https://fdc.myflorida.com/OffenderSearch/detail.aspx?Page=Detail&DCNumber=004663&TypeSearch=IR,06/26/2023,R.M.C.- MAIN UNIT,Natural,OPEN
"HESS, GREGORY",https://fdc.myflorida.com/OffenderSearch/detail.aspx?Page=Detail&DCNumber=E41841&TypeSearch=IR,06/27/2023,R.M.C.- MAIN UNIT,Natural,OPEN
,,06/29/2023,HAMILTON ANNEX,Pending,Open