﻿Title,Column 1,Column 2,Column 3,Column 4,Column 5
Name,DC Number,Date of Death,Institution Name,Manner of DeathDetermined by ME,Investigative Status
"CASWELL, HAROLD",https://fdc.myflorida.com/OffenderSearch/detail.aspx?Page=Detail&DCNumber=C05596&TypeSearch=IR,07/01/2017,R.M.C.- MAIN UNIT,Natural,Closed
"DAY, MICHAEL",https://fdc.myflorida.com/OffenderSearch/detail.aspx?Page=Detail&DCNumber=J56153&TypeSearch=IR,07/02/2017,SANTA ROSA C.I.,Suicide,Closed
"FLOWERS, BERNARD",https://fdc.myflorida.com/OffenderSearch/detail.aspx?Page=Detail&DCNumber=034392&TypeSearch=IR,07/03/2017,S.F.R.C SOUTH UNIT,Accident,Closed (https://fdc.myflorida.com/pub/mortality/PDF/034392.pdf)
"CARTER, STANLEY",https://fdc.myflorida.com/OffenderSearch/detail.aspx?Page=Detail&DCNumber=024167&TypeSearch=IR,07/05/2017,MADISON C.I.,Natural,Closed
"MORALES, RAMON",https://fdc.myflorida.com/OffenderSearch/detail.aspx?Page=Detail&DCNumber=168554&TypeSearch=IR,07/05/2017,CALHOUN WC,Accident,Closed (https://fdc.myflorida.com/pub/mortality/PDF/168554.pdf)
"THOMAS, ROBERT",https://fdc.myflorida.com/OffenderSearch/detail.aspx?Page=Detail&DCNumber=001092&TypeSearch=IR,07/06/2017,R.M.C.- MAIN UNIT,Natural,Closed
"DAVIS, STANLEY",https://fdc.myflorida.com/OffenderSearch/detail.aspx?Page=Detail&DCNumber=431525&TypeSearch=IR,07/06/2017,LAKE C.I.,Natural,Closed
"CAMPBELL, BILLY",https://fdc.myflorida.com/OffenderSearch/detail.aspx?Page=Detail&DCNumber=578085&TypeSearch=IR,07/07/2017,S.F.R.C.,Natural,Closed
"SCHOLTES, RAYMOND",https://fdc.myflorida.com/OffenderSearch/detail.aspx?Page=Detail&DCNumber=W19113&TypeSearch=IR,07/08/2017,OKALOOSA C.I.,Homicide,Closed
"HENDERSHOT, RICHARD",https://fdc.myflorida.com/OffenderSearch/detail.aspx?Page=Detail&DCNumber=U37780&TypeSearch=IR,07/09/2017,R.M.C.- MAIN UNIT,Natural,Closed
"KIRKLAND, ANTONIO",https://fdc.myflorida.com/OffenderSearch/detail.aspx?Page=Detail&DCNumber=116761&TypeSearch=IR,07/10/2017,CHARLOTTE C.I.,Accident,Closed (https://fdc.myflorida.com/pub/mortality/PDF/116761.pdf)
"REED, EDDIE",https://fdc.myflorida.com/OffenderSearch/detail.aspx?Page=Detail&DCNumber=021976&TypeSearch=IR,07/11/2017,R.M.C.- MAIN UNIT,Natural,Closed
"JAMES, TYRONE",https://fdc.myflorida.com/OffenderSearch/detail.aspx?Page=Detail&DCNumber=548445&TypeSearch=IR,07/11/2017,ZEPHYRHILLS C.I.,Natural,Closed
"WILSON, TOMMY",https://fdc.myflorida.com/OffenderSearch/detail.aspx?Page=Detail&DCNumber=077630&TypeSearch=IR,07/12/2017,R.M.C.- MAIN UNIT,Natural,Closed
"JONES, BEN",https://fdc.myflorida.com/OffenderSearch/detail.aspx?Page=Detail&DCNumber=071075&TypeSearch=IR,07/13/2017,CFRC-SOUTH,Natural,Closed
"BIANCO, GIOVAN",https://fdc.myflorida.com/OffenderSearch/detail.aspx?Page=Detail&DCNumber=198179&TypeSearch=IR,07/13/2017,S.F.R.C.,Natural,Closed
"FLODA, ANTHONY",https://fdc.myflorida.com/OffenderSearch/detail.aspx?Page=Detail&DCNumber=271304&TypeSearch=IR,07/14/2017,R.M.C.- MAIN UNIT,Natural,Closed
"PISANO, PETER",https://fdc.myflorida.com/OffenderSearch/detail.aspx?Page=Detail&DCNumber=106462&TypeSearch=IR,07/14/2017,CFRC-SOUTH,Natural,Closed
"LUBIN, JEAN",https://fdc.myflorida.com/OffenderSearch/detail.aspx?Page=Detail&DCNumber=428690&TypeSearch=IR,07/15/2017,EVERGLADES C.I.,Natural,Closed
"SMITH, ROBERT",https://fdc.myflorida.com/OffenderSearch/detail.aspx?Page=Detail&DCNumber=012723&TypeSearch=IR,07/16/2017,BAKER C.I.,Natural,Closed
"BATES, GARY",https://fdc.myflorida.com/OffenderSearch/detail.aspx?Page=Detail&DCNumber=D39431&TypeSearch=IR,07/16/2017,CFRC-SOUTH,Natural,Closed
"BILLUPS, OMAR",https://fdc.myflorida.com/OffenderSearch/detail.aspx?Page=Detail&DCNumber=T50765&TypeSearch=IR,07/17/2017,MARION C.I.,CLOSED,OPEN-FDLE
"HILL, JOHN",https://fdc.myflorida.com/OffenderSearch/detail.aspx?Page=Detail&DCNumber=C08578&TypeSearch=IR,07/17/2017,MADISON C.I.,Homicide,Closed (https://fdc.myflorida.com/pub/mortality/PDF/C08578.pdf)
"LETANOSKY, PAUL",https://fdc.myflorida.com/OffenderSearch/detail.aspx?Page=Detail&DCNumber=026464&TypeSearch=IR,07/18/2017,S.F.R.C.,Natural,Closed
"YOUNG, JOHN",https://fdc.myflorida.com/OffenderSearch/detail.aspx?Page=Detail&DCNumber=061066&TypeSearch=IR,07/19/2017,CFRC-MAIN,Natural,Closed
"HAMLIN, RICHARD",https://fdc.myflorida.com/OffenderSearch/detail.aspx?Page=Detail&DCNumber=750657&TypeSearch=IR,07/22/2017,BLACKWATER C.F.,Natural,Closed
"WRIGHT, JAMIL",https://fdc.myflorida.com/OffenderSearch/detail.aspx?Page=Detail&DCNumber=J34971&TypeSearch=IR,07/22/2017,MARTIN C.I.,Accident,Closed (https://fdc.myflorida.com/pub/mortality/PDF/J34971.pdf)
"JONES, JAEQUEZ",https://fdc.myflorida.com/OffenderSearch/detail.aspx?Page=Detail&DCNumber=R64084&TypeSearch=IR,07/26/2017,SANTA ROSA C.I.,Accident,Closed (https://fdc.myflorida.com/pub/mortality/PDF/R64084.pdf)
"ROMAN, EUGENE",https://fdc.myflorida.com/OffenderSearch/detail.aspx?Page=Detail&DCNumber=390127&TypeSearch=IR,07/26/2017,R.M.C.- MAIN UNIT,Suicide,Closed (https://fdc.myflorida.com/pub/mortality/PDF/390127.pdf)
"RITCHEY, MICHAEL",https://fdc.myflorida.com/OffenderSearch/detail.aspx?Page=Detail&DCNumber=202857&TypeSearch=IR,07/26/2017,TOMOKA C.I.,Natural,Closed (https://fdc.myflorida.com/pub/mortality/PDF/202857.pdf)
"KEENAN, JOHN",https://fdc.myflorida.com/OffenderSearch/detail.aspx?Page=Detail&DCNumber=065351&TypeSearch=IR,07/27/2017,R.M.C.- MAIN UNIT,Natural,Closed
"WEISS, HARRY",https://fdc.myflorida.com/OffenderSearch/detail.aspx?Page=Detail&DCNumber=W12047&TypeSearch=IR,07/27/2017,TOMOKA CRC,Accident,Closed
"SMITH, SYLVESTER",https://fdc.myflorida.com/OffenderSearch/detail.aspx?Page=Detail&DCNumber=072358&TypeSearch=IR,07/28/2017,MARTIN C.I.,Accident,Closed (https://fdc.myflorida.com/pub/mortality/PDF/072358.pdf)
"COBB, NICOLE",https://fdc.myflorida.com/OffenderSearch/detail.aspx?Page=Detail&DCNumber=971444&TypeSearch=IR,07/29/2017,LOWELL ANNEX,Natural,Closed
"LOGAN, ROBERT",https://fdc.myflorida.com/OffenderSearch/detail.aspx?Page=Detail&DCNumber=388607&TypeSearch=IR,08/03/2017,R.M.C.- MAIN UNIT,Natural,Closed
"BROWN, DAVID",https://fdc.myflorida.com/OffenderSearch/detail.aspx?Page=Detail&DCNumber=071909&TypeSearch=IR,08/04/2017,S.F.R.C.,Homicide,Closed
"BAILEY, JAMES",https://fdc.myflorida.com/OffenderSearch/detail.aspx?Page=Detail&DCNumber=113333&TypeSearch=IR,08/04/2017,R.M.C.- MAIN UNIT,Natural,Closed
"ELDER, MARVIN",https://fdc.myflorida.com/OffenderSearch/detail.aspx?Page=Detail&DCNumber=828302&TypeSearch=IR,08/06/2017,R.M.C.- MAIN UNIT,Natural,Closed
"GOLLUB, JOHN",https://fdc.myflorida.com/OffenderSearch/detail.aspx?Page=Detail&DCNumber=Y35300&TypeSearch=IR,08/07/2017,R.M.C.- MAIN UNIT,Natural,Closed
"GUERRERO, ORWHIN",https://fdc.myflorida.com/OffenderSearch/detail.aspx?Page=Detail&DCNumber=B10238&TypeSearch=IR,08/08/2017,R.M.C.- MAIN UNIT,Natural,Closed
"LUCAS, LAMAR",https://fdc.myflorida.com/OffenderSearch/detail.aspx?Page=Detail&DCNumber=048124&TypeSearch=IR,08/08/2017,R.M.C.- MAIN UNIT,Natural,Closed
"HALL, NORA",https://fdc.myflorida.com/OffenderSearch/detail.aspx?Page=Detail&DCNumber=631078&TypeSearch=IR,08/08/2017,GADSDEN C.F.,Natural,Closed
"EVERITT, KEVIN",https://fdc.myflorida.com/OffenderSearch/detail.aspx?Page=Detail&DCNumber=D82561&TypeSearch=IR,08/09/2017,NWFRC ANNEX.,Natural,Closed
"JOHNSON, VIVAN",https://fdc.myflorida.com/OffenderSearch/detail.aspx?Page=Detail&DCNumber=560074&TypeSearch=IR,08/10/2017,LOWELL ANNEX,Natural,Closed
"HENSLEY, JAMES",https://fdc.myflorida.com/OffenderSearch/detail.aspx?Page=Detail&DCNumber=075231&TypeSearch=IR,08/10/2017,R.M.C.- MAIN UNIT,Natural,Closed
"THOMAS, RICKY",https://fdc.myflorida.com/OffenderSearch/detail.aspx?Page=Detail&DCNumber=222463&TypeSearch=IR,08/10/2017,R.M.C.- MAIN UNIT,Natural,Closed
"SOMMERS, SAMUEL",https://fdc.myflorida.com/OffenderSearch/detail.aspx?Page=Detail&DCNumber=Y37350&TypeSearch=IR,08/11/2017,R.M.C.- MAIN UNIT,Natural,Closed
"TRUITT, WENDALL",https://fdc.myflorida.com/OffenderSearch/detail.aspx?Page=Detail&DCNumber=116024&TypeSearch=IR,08/12/2017,R.M.C.- MAIN UNIT,Natural,Closed
"JOHNSON, ALONZO",https://fdc.myflorida.com/OffenderSearch/detail.aspx?Page=Detail&DCNumber=816737&TypeSearch=IR,08/12/2017,R.M.C.- MAIN UNIT,Natural,Closed
"AKERS, KEVIN",https://fdc.myflorida.com/OffenderSearch/detail.aspx?Page=Detail&DCNumber=754656&TypeSearch=IR,08/14/2017,R.M.C.- MAIN UNIT,Natural,Closed
"MARTINEZ, JORGE",https://fdc.myflorida.com/OffenderSearch/detail.aspx?Page=Detail&DCNumber=513066&TypeSearch=IR,08/15/2017,R.M.C.- MAIN UNIT,Natural,Closed
"CRUZMELENDEZ, LUIS",https://fdc.myflorida.com/OffenderSearch/detail.aspx?Page=Detail&DCNumber=U22234&TypeSearch=IR,08/15/2017,GULF FORESTRY CAMP,Natural,Closed
"RUMBLEY, JUSTIN",https://fdc.myflorida.com/OffenderSearch/detail.aspx?Page=Detail&DCNumber=V14314&TypeSearch=IR,08/17/2017,CHARLOTTE C.I.,Natural,Closed
"WEAVER, SHAWN",https://fdc.myflorida.com/OffenderSearch/detail.aspx?Page=Detail&DCNumber=J55490&TypeSearch=IR,08/19/2017,R.M.C.- MAIN UNIT,Natural,Closed
"BAKER, BERNARD",https://fdc.myflorida.com/OffenderSearch/detail.aspx?Page=Detail&DCNumber=016254&TypeSearch=IR,08/19/2017,R.M.C.- MAIN UNIT,Natural,Closed
"RUSSELL, JEREMY",https://fdc.myflorida.com/OffenderSearch/detail.aspx?Page=Detail&DCNumber=Y12417&TypeSearch=IR,08/20/2017,DADE C.I.,Accident,Closed
"VELOZ, JESUS",https://fdc.myflorida.com/OffenderSearch/detail.aspx?Page=Detail&DCNumber=449966&TypeSearch=IR,08/21/2017,R.M.C.- MAIN UNIT,Natural,Closed
"WARDLAW, TIMOTHY",https://fdc.myflorida.com/OffenderSearch/detail.aspx?Page=Detail&DCNumber=180148&TypeSearch=IR,08/23/2017,S.F.R.C.,Natural,Closed
"MILLS, DAVID",https://fdc.myflorida.com/OffenderSearch/detail.aspx?Page=Detail&DCNumber=556752&TypeSearch=IR,08/24/2017,UNION C.I.,Natural,Closed
"MORRIS, JOSEPH",https://fdc.myflorida.com/OffenderSearch/detail.aspx?Page=Detail&DCNumber=643634&TypeSearch=IR,08/27/2017,S.F.R.C SOUTH UNIT,Natural,Closed
"RIVERA, JOSE",https://fdc.myflorida.com/OffenderSearch/detail.aspx?Page=Detail&DCNumber=B05378&TypeSearch=IR,08/27/2017,LIBERTY C.I.,Natural,Closed
"CRUZBERRIOS, ANGEL",https://fdc.myflorida.com/OffenderSearch/detail.aspx?Page=Detail&DCNumber=B15525&TypeSearch=IR,08/29/2017,MARTIN C.I.,Homicide,Closed (https://fdc.myflorida.com/pub/mortality/PDF/B15525.pdf)
"WYATT, MICHAEL",https://fdc.myflorida.com/OffenderSearch/detail.aspx?Page=Detail&DCNumber=356912&TypeSearch=IR,08/29/2017,POLK C.I.,Natural,Closed
"GREEN, JEROME",https://fdc.myflorida.com/OffenderSearch/detail.aspx?Page=Detail&DCNumber=017579&TypeSearch=IR,08/29/2017,R.M.C.- MAIN UNIT,Natural,Closed
"HYATT, CLIFFORD",https://fdc.myflorida.com/OffenderSearch/detail.aspx?Page=Detail&DCNumber=R79160&TypeSearch=IR,08/29/2017,S.F.R.C.,Natural,Closed
"FERKIN, JONATHAN",https://fdc.myflorida.com/OffenderSearch/detail.aspx?Page=Detail&DCNumber=T76706&TypeSearch=IR,08/29/2017,S.F.R.C.,Homicide,OPEN-INACTIVE
"HOUSWERTH, RICHARD",https://fdc.myflorida.com/OffenderSearch/detail.aspx?Page=Detail&DCNumber=330429&TypeSearch=IR,08/30/2017,R.M.C.- MAIN UNIT,Natural,Closed
"LARA, ROLANDO",https://fdc.myflorida.com/OffenderSearch/detail.aspx?Page=Detail&DCNumber=400582&TypeSearch=IR,09/03/2017,DADE C.I.,Natural,Closed
"BUZINGHAM, DAVID",https://fdc.myflorida.com/OffenderSearch/detail.aspx?Page=Detail&DCNumber=982514&TypeSearch=IR,09/03/2017,GULF C.I.- ANNEX,Natural,Closed
"HART, RICHARD",https://fdc.myflorida.com/OffenderSearch/detail.aspx?Page=Detail&DCNumber=T63077&TypeSearch=IR,09/03/2017,CFRC-SOUTH,Natural,Closed
"KESSLER, UWE",https://fdc.myflorida.com/OffenderSearch/detail.aspx?Page=Detail&DCNumber=W53729&TypeSearch=IR,09/04/2017,R.M.C.- MAIN UNIT,Natural,Closed
"BAKER, LAWRENCE",https://fdc.myflorida.com/OffenderSearch/detail.aspx?Page=Detail&DCNumber=736609&TypeSearch=IR,09/04/2017,AVON PARK C.I.,Natural,Closed
"GRIFFIN, MACARTHUR",https://fdc.myflorida.com/OffenderSearch/detail.aspx?Page=Detail&DCNumber=848036&TypeSearch=IR,09/04/2017,R.M.C.- MAIN UNIT,Natural,Closed
"BURNSIDE, RONALD",https://fdc.myflorida.com/OffenderSearch/detail.aspx?Page=Detail&DCNumber=857924&TypeSearch=IR,09/05/2017,R.M.C.- MAIN UNIT,Natural,Closed
"BARTON, THOMAS",https://fdc.myflorida.com/OffenderSearch/detail.aspx?Page=Detail&DCNumber=A51030&TypeSearch=IR,09/05/2017,BLACKWATER C.F.,Accident,Closed (https://fdc.myflorida.com/pub/mortality/PDF/A51030.pdf)
"RUSHTON, NORMAN",https://fdc.myflorida.com/OffenderSearch/detail.aspx?Page=Detail&DCNumber=Q28192&TypeSearch=IR,09/07/2017,R.M.C.- MAIN UNIT,Natural,Closed
"HARRIS, HARVEY",https://fdc.myflorida.com/OffenderSearch/detail.aspx?Page=Detail&DCNumber=191276&TypeSearch=IR,09/07/2017,R.M.C.- MAIN UNIT,Natural,Closed
"SMITH, WILLIAM",https://fdc.myflorida.com/OffenderSearch/detail.aspx?Page=Detail&DCNumber=297952&TypeSearch=IR,09/08/2017,APALACHEE EAST UNIT,Natural,Closed
"OATS, S. B.",https://fdc.myflorida.com/OffenderSearch/detail.aspx?Page=Detail&DCNumber=067408&TypeSearch=IR,09/08/2017,ZEPHYRHILLS C.I.,Natural,Closed
"SCHUYLER, SETH",https://fdc.myflorida.com/OffenderSearch/detail.aspx?Page=Detail&DCNumber=102798&TypeSearch=IR,09/09/2017,SOUTH BAY C.F.,Natural,Closed
"HUGHES, RONALD",https://fdc.myflorida.com/OffenderSearch/detail.aspx?Page=Detail&DCNumber=122192&TypeSearch=IR,09/14/2017,DADE C.I.,Natural,Closed
"BALZAROTTI, VICTOR",https://fdc.myflorida.com/OffenderSearch/detail.aspx?Page=Detail&DCNumber=070542&TypeSearch=IR,09/15/2017,R.M.C.- MAIN UNIT,Natural,Closed
"ERCOLINO, FRANCIS",https://fdc.myflorida.com/OffenderSearch/detail.aspx?Page=Detail&DCNumber=587492&TypeSearch=IR,09/15/2017,NWFRC ANNEX.,Natural,Closed
"WATKINS, KENNETH",https://fdc.myflorida.com/OffenderSearch/detail.aspx?Page=Detail&DCNumber=U54268&TypeSearch=IR,09/18/2017,R.M.C.- MAIN UNIT,Natural,Closed
"JACKSON, WILLIE",https://fdc.myflorida.com/OffenderSearch/detail.aspx?Page=Detail&DCNumber=340098&TypeSearch=IR,09/18/2017,R.M.C.- MAIN UNIT,Natural,Closed
"BROWN, DONALD",https://fdc.myflorida.com/OffenderSearch/detail.aspx?Page=Detail&DCNumber=462813&TypeSearch=IR,09/20/2017,CFRC-MAIN,Natural,Closed
"GUEVARRA, MIGUEL",https://fdc.myflorida.com/OffenderSearch/detail.aspx?Page=Detail&DCNumber=M73916&TypeSearch=IR,09/20/2017,CHARLOTTE C.I.,Natural,Closed
"CORNELIO, JEFFERY",https://fdc.myflorida.com/OffenderSearch/detail.aspx?Page=Detail&DCNumber=104257&TypeSearch=IR,09/21/2017,R.M.C.- MAIN UNIT,Natural,Closed
"HAYNES, ANTONEEZE",https://fdc.myflorida.com/OffenderSearch/detail.aspx?Page=Detail&DCNumber=102250&TypeSearch=IR,09/22/2017,OKEECHOBEE C.I.,Homicide,Closed (https://fdc.myflorida.com/pub/mortality/PDF/102250.pdf)
"MILLER, GLORIA",https://fdc.myflorida.com/OffenderSearch/detail.aspx?Page=Detail&DCNumber=846071&TypeSearch=IR,09/22/2017,LOWELL C.I.,Natural,Closed
"BELLOMY, ALFRED",https://fdc.myflorida.com/OffenderSearch/detail.aspx?Page=Detail&DCNumber=237190&TypeSearch=IR,09/23/2017,DADE C.I.,Natural,Closed
"HILLARD, LEVOAN",https://fdc.myflorida.com/OffenderSearch/detail.aspx?Page=Detail&DCNumber=G00690&TypeSearch=IR,09/23/2017,R.M.C.- MAIN UNIT,Natural,Closed
"HARRIS, RUBEN",https://fdc.myflorida.com/OffenderSearch/detail.aspx?Page=Detail&DCNumber=203849&TypeSearch=IR,09/24/2017,HOLMES C.I.,Accident,Closed (https://fdc.myflorida.com/pub/mortality/PDF/203849.pdf)
"FORD, WILLIAM",https://fdc.myflorida.com/OffenderSearch/detail.aspx?Page=Detail&DCNumber=575922&TypeSearch=IR,09/24/2017,HAMILTON ANNEX,Natural,Closed
"MACKEY, BILLY",https://fdc.myflorida.com/OffenderSearch/detail.aspx?Page=Detail&DCNumber=814843&TypeSearch=IR,09/25/2017,R.M.C.- MAIN UNIT,Natural,Closed
"OTSTOT, BRIAN",https://fdc.myflorida.com/OffenderSearch/detail.aspx?Page=Detail&DCNumber=H43768&TypeSearch=IR,09/26/2017,NWFRC ANNEX.,Homicide,Closed (https://fdc.myflorida.com/pub/mortality/PDF/H43768.pdf)
"CHARLES, ANDREW",https://fdc.myflorida.com/OffenderSearch/detail.aspx?Page=Detail&DCNumber=T66245&TypeSearch=IR,09/26/2017,TOMOKA C.I.,Natural,Closed
"HINZE, GARY",https://fdc.myflorida.com/OffenderSearch/detail.aspx?Page=Detail&DCNumber=V44001&TypeSearch=IR,09/26/2017,S.F.R.C SOUTH UNIT,Natural,Closed
"BYRANT, RODNEY",https://fdc.myflorida.com/OffenderSearch/detail.aspx?Page=Detail&DCNumber=199057&TypeSearch=IR,09/26/2017,R.M.C.- MAIN UNIT,Natural,Closed
"INGRAHAM, JOHN",https://fdc.myflorida.com/OffenderSearch/detail.aspx?Page=Detail&DCNumber=022747&TypeSearch=IR,09/27/2017,S.F.R.C.,Natural,Closed
"PERKINS, PERRY",https://fdc.myflorida.com/OffenderSearch/detail.aspx?Page=Detail&DCNumber=R29776&TypeSearch=IR,09/27/2017,R.M.C.- MAIN UNIT,Natural,Closed
"DAY, PAUL",https://fdc.myflorida.com/OffenderSearch/detail.aspx?Page=Detail&DCNumber=B14268&TypeSearch=IR,09/28/2017,OKEECHOBEE C.I.,Accident,Closed (https://fdc.myflorida.com/pub/mortality/PDF/B14268.pdf)
"WASHINGTON, JIMMY",https://fdc.myflorida.com/OffenderSearch/detail.aspx?Page=Detail&DCNumber=062694&TypeSearch=IR,09/28/2017,R.M.C.- MAIN UNIT,Natural,Closed
"HOLLOMAN, MAURICE",https://fdc.myflorida.com/OffenderSearch/detail.aspx?Page=Detail&DCNumber=096930&TypeSearch=IR,09/29/2017,GULF C.I.- ANNEX,Accident,Closed
"JOHNSON, JAMES",https://fdc.myflorida.com/OffenderSearch/detail.aspx?Page=Detail&DCNumber=I14293&TypeSearch=IR,09/29/2017,CALHOUN C.I.,Accident,Closed
"VANCE, ROBERT",https://fdc.myflorida.com/OffenderSearch/detail.aspx?Page=Detail&DCNumber=B13155&TypeSearch=IR,09/29/2017,JACKSON C.I.,Homicide,CLOSED
"MASON, RYAN",https://fdc.myflorida.com/OffenderSearch/detail.aspx?Page=Detail&DCNumber=X87745&TypeSearch=IR,10/02/2017,WAKULLA ANNEX,Homicide,Closed
"CAMPBELL, BRODRICK",https://fdc.myflorida.com/OffenderSearch/detail.aspx?Page=Detail&DCNumber=Y56055&TypeSearch=IR,10/03/2017,CHARLOTTE C.I.,Suicide,Closed (https://fdc.myflorida.com/pub/mortality/PDF/Y56055.pdf)
"ARLINE, KEITH",https://fdc.myflorida.com/OffenderSearch/detail.aspx?Page=Detail&DCNumber=193991&TypeSearch=IR,10/02/2017,APALACHEE EAST UNIT,Accident,Closed
"COMBS, ROBERT",https://fdc.myflorida.com/OffenderSearch/detail.aspx?Page=Detail&DCNumber=715736&TypeSearch=IR,10/04/2017,S.F.R.C.,Natural,Closed
"GORE, DONALD",https://fdc.myflorida.com/OffenderSearch/detail.aspx?Page=Detail&DCNumber=083150&TypeSearch=IR,10/06/2017,R.M.C.- MAIN UNIT,Natural,Closed
"ROMAN, ERNEST",https://fdc.myflorida.com/OffenderSearch/detail.aspx?Page=Detail&DCNumber=825925&TypeSearch=IR,10/06/2017,R.M.C.- MAIN UNIT,Natural,Closed
"KELLY, KELVIN",https://fdc.myflorida.com/OffenderSearch/detail.aspx?Page=Detail&DCNumber=D90109&TypeSearch=IR,10/06/2017,MADISON C.I.,Natural,Closed
"BETANCUR, IVAN",https://fdc.myflorida.com/OffenderSearch/detail.aspx?Page=Detail&DCNumber=181753&TypeSearch=IR,10/07/2017,S.F.R.C.,Natural,Closed
"WARNER, MYRL",https://fdc.myflorida.com/OffenderSearch/detail.aspx?Page=Detail&DCNumber=224760&TypeSearch=IR,10/09/2017,TOMOKA C.I.,Natural,Closed
"BOONE, MAURICE",https://fdc.myflorida.com/OffenderSearch/detail.aspx?Page=Detail&DCNumber=708237&TypeSearch=IR,10/09/2017,SANTA ROSA C.I.,Natural,Closed
"GODSEY, JAMIE",https://fdc.myflorida.com/OffenderSearch/detail.aspx?Page=Detail&DCNumber=R40789&TypeSearch=IR,10/11/2017,CHARLOTTE C.I.,Accident,Closed (https://fdc.myflorida.com/pub/mortality/PDF/R40789.pdf)
"MONROE, GARY",https://fdc.myflorida.com/OffenderSearch/detail.aspx?Page=Detail&DCNumber=U35502&TypeSearch=IR,10/12/2017,S.F.R.C.,Natural,Closed
"FLEMING, TAURUS",https://fdc.myflorida.com/OffenderSearch/detail.aspx?Page=Detail&DCNumber=813738&TypeSearch=IR,10/12/2017,GRACEVILLE C.F.,Natural,Closed
"BAUER, ERICH",https://fdc.myflorida.com/OffenderSearch/detail.aspx?Page=Detail&DCNumber=090353&TypeSearch=IR,10/12/2017,APALACHEE EAST UNIT,Natural,Closed
"MORENUS, GERALD",https://fdc.myflorida.com/OffenderSearch/detail.aspx?Page=Detail&DCNumber=092414&TypeSearch=IR,10/12/2017,UNION C.I.,Natural,Closed
"RIDLEY, CRAIG",https://fdc.myflorida.com/OffenderSearch/detail.aspx?Page=Detail&DCNumber=J37847&TypeSearch=IR,10/12/2017,R.M.C.- MAIN UNIT,Homicide,Closed
"SAXTON, PHILLIP",https://fdc.myflorida.com/OffenderSearch/detail.aspx?Page=Detail&DCNumber=580299&TypeSearch=IR,10/14/2017,CROSS CITY C.I.,Natural,Closed
"WARNER, WILLIAM",https://fdc.myflorida.com/OffenderSearch/detail.aspx?Page=Detail&DCNumber=W46629&TypeSearch=IR,10/14/2017,S.F.R.C.,Natural,Closed
"SCOTT, DINO",https://fdc.myflorida.com/OffenderSearch/detail.aspx?Page=Detail&DCNumber=089818&TypeSearch=IR,10/15/2017,R.M.C.- MAIN UNIT,Natural,Closed
"WASHINGTON, MICHAEL",https://fdc.myflorida.com/OffenderSearch/detail.aspx?Page=Detail&DCNumber=186579&TypeSearch=IR,10/17/2017,CFRC-SOUTH,Natural,Closed
"DEMPS, CLARENCE",https://fdc.myflorida.com/OffenderSearch/detail.aspx?Page=Detail&DCNumber=J27925&TypeSearch=IR,10/17/2017,WAKULLA ANNEX,Accident,Closed (https://fdc.myflorida.com/pub/mortality/PDF/J27925.pdf)
"DIXON, JOHN",https://fdc.myflorida.com/OffenderSearch/detail.aspx?Page=Detail&DCNumber=186447&TypeSearch=IR,10/17/2017,S.F.R.C.,Natural,Closed
"THOMAS, HAROLD",https://fdc.myflorida.com/OffenderSearch/detail.aspx?Page=Detail&DCNumber=T18023&TypeSearch=IR,10/18/2017,R.M.C.- MAIN UNIT,Accident,Closed
"HILL, ROOSEVELT",https://fdc.myflorida.com/OffenderSearch/detail.aspx?Page=Detail&DCNumber=024433&TypeSearch=IR,10/22/2017,R.M.C.- MAIN UNIT,Natural,Closed
"DAVENPORT, KIRK",https://fdc.myflorida.com/OffenderSearch/detail.aspx?Page=Detail&DCNumber=849802&TypeSearch=IR,10/22/2017,R.M.C.- MAIN UNIT,Natural,Closed
"SELBY, DANIEL",https://fdc.myflorida.com/OffenderSearch/detail.aspx?Page=Detail&DCNumber=030495&TypeSearch=IR,10/23/2017,UNION C.I.,Natural,Closed
"SCRUGGS, TERRELL",https://fdc.myflorida.com/OffenderSearch/detail.aspx?Page=Detail&DCNumber=J47379&TypeSearch=IR,10/23/2017,DADE C.I.,Accident,Closed
"RAMATOOLA, HAKIM",https://fdc.myflorida.com/OffenderSearch/detail.aspx?Page=Detail&DCNumber=C02005&TypeSearch=IR,10/24/2017,MAYO C.I. ANNEX,Accident,Closed (https://fdc.myflorida.com/pub/mortality/PDF/C02005.pdf)
"POSTON, CHRISTOPHER",https://fdc.myflorida.com/OffenderSearch/detail.aspx?Page=Detail&DCNumber=S14776&TypeSearch=IR,10/25/2017,R.M.C.- MAIN UNIT,Suicide,Closed (https://fdc.myflorida.com/pub/mortality/PDF/S14776.pdf)
"SYKES, ELIZABETH",https://fdc.myflorida.com/OffenderSearch/detail.aspx?Page=Detail&DCNumber=365234&TypeSearch=IR,10/27/2017,HERNANDO C.I.,Natural,Closed (https://fdc.myflorida.com/pub/mortality/PDF/365234.pdf)
"EVANS, ARNOLD",https://fdc.myflorida.com/OffenderSearch/detail.aspx?Page=Detail&DCNumber=625605&TypeSearch=IR,10/28/2017,R.M.C.- MAIN UNIT,Natural,Closed
"FREEMAN, HORACE",https://fdc.myflorida.com/OffenderSearch/detail.aspx?Page=Detail&DCNumber=079092&TypeSearch=IR,10/28/2017,GULF C.I.,Accident,Closed (https://fdc.myflorida.com/pub/mortality/PDF/079092.pdf)
"CHACON, LUIS",https://fdc.myflorida.com/OffenderSearch/detail.aspx?Page=Detail&DCNumber=338119&TypeSearch=IR,10/28/2017,R.M.C.- MAIN UNIT,Natural,Closed
"CROOKS, GARY",https://fdc.myflorida.com/OffenderSearch/detail.aspx?Page=Detail&DCNumber=B03434&TypeSearch=IR,10/29/2017,S.F.R.C.,Natural,Closed
"COWDRY, TIMOTHY",https://fdc.myflorida.com/OffenderSearch/detail.aspx?Page=Detail&DCNumber=803647&TypeSearch=IR,10/30/2017,R.M.C.- MAIN UNIT,Natural,Closed
"DESTEFANIS, VINCENT",https://fdc.myflorida.com/OffenderSearch/detail.aspx?Page=Detail&DCNumber=645141&TypeSearch=IR,10/30/2017,EVERGLADES C.I.,Natural,Closed
"WALDRON, WILLIE",https://fdc.myflorida.com/OffenderSearch/detail.aspx?Page=Detail&DCNumber=001762&TypeSearch=IR,10/30/2017,ZEPHYRHILLS C.I.,Natural,Closed
"RYAN, KEVIN",https://fdc.myflorida.com/OffenderSearch/detail.aspx?Page=Detail&DCNumber=B08318&TypeSearch=IR,11/01/2017,TURNING POINT CRC,Accident,Closed (https://fdc.myflorida.com/pub/mortality/PDF/B08318.pdf)
"HOLLIS, JOHN",https://fdc.myflorida.com/OffenderSearch/detail.aspx?Page=Detail&DCNumber=113961&TypeSearch=IR,11/04/2017,CENTURY C.I.,Accident,Closed (https://fdc.myflorida.com/pub/mortality/PDF/113961.pdf)
"ROSS, RICHARD",https://fdc.myflorida.com/OffenderSearch/detail.aspx?Page=Detail&DCNumber=148756&TypeSearch=IR,11/04/2017,R.M.C.- MAIN UNIT,Natural,Closed
"CARRION-MENENDEZ, JULIO",https://fdc.myflorida.com/OffenderSearch/detail.aspx?Page=Detail&DCNumber=X96245&TypeSearch=IR,11/04/2017,R.M.C.- MAIN UNIT,Natural,Closed
"MONROE, ANDRE",https://fdc.myflorida.com/OffenderSearch/detail.aspx?Page=Detail&DCNumber=106370&TypeSearch=IR,11/07/2017,S.F.R.C.,Natural,Closed
"BASTIAN, SARITO",https://fdc.myflorida.com/OffenderSearch/detail.aspx?Page=Detail&DCNumber=H50687&TypeSearch=IR,11/07/2017,R.M.C.- MAIN UNIT,Natural,Closed
"BURNS, ROBERT",https://fdc.myflorida.com/OffenderSearch/detail.aspx?Page=Detail&DCNumber=895229&TypeSearch=IR,11/09/2017,BLACKWATER C.F.,Natural,Closed
"JAMES, THOMAS",https://fdc.myflorida.com/OffenderSearch/detail.aspx?Page=Detail&DCNumber=721202&TypeSearch=IR,11/09/2017,S.F.R.C.,Natural,Closed
"WASKO, EDWARD",https://fdc.myflorida.com/OffenderSearch/detail.aspx?Page=Detail&DCNumber=093302&TypeSearch=IR,11/09/2017,R.M.C.- MAIN UNIT,Natural,Closed
"MASON, SCOTT",https://fdc.myflorida.com/OffenderSearch/detail.aspx?Page=Detail&DCNumber=P52619&TypeSearch=IR,11/09/2017,SANTA ROSA C.I.,Suicide,Closed (https://fdc.myflorida.com/pub/mortality/PDF/P52619.pdf)
"SCOTT, MICHAEL",https://fdc.myflorida.com/OffenderSearch/detail.aspx?Page=Detail&DCNumber=332555&TypeSearch=IR,11/10/2017,OKALOOSA C.I.,Accident,Closed
"JOHNSON, JESSE",https://fdc.myflorida.com/OffenderSearch/detail.aspx?Page=Detail&DCNumber=Q11095&TypeSearch=IR,11/11/2017,OKALOOSA C.I.,Accident,Closed (https://fdc.myflorida.com/pub/mortality/PDF/Q11095.pdf)
"BEASLEY, ROBERT",https://fdc.myflorida.com/OffenderSearch/detail.aspx?Page=Detail&DCNumber=P34403&TypeSearch=IR,11/12/2017,R.M.C.- MAIN UNIT,Natural,Closed
"HASSMAN, CARTER",https://fdc.myflorida.com/OffenderSearch/detail.aspx?Page=Detail&DCNumber=458771&TypeSearch=IR,11/12/2017,MARTIN C.I.,Suicide,Closed
"CHAPMAN, ROBERT",https://fdc.myflorida.com/OffenderSearch/detail.aspx?Page=Detail&DCNumber=022156&TypeSearch=IR,11/12/2017,SUMTER C.I.,Accident,Closed
"RUSSELL, DONALD",https://fdc.myflorida.com/OffenderSearch/detail.aspx?Page=Detail&DCNumber=609666&TypeSearch=IR,11/13/2017,SOUTH BAY C.F.,Natural,OPEN-FDLE
"PERICOLA, FRANK",https://fdc.myflorida.com/OffenderSearch/detail.aspx?Page=Detail&DCNumber=100699&TypeSearch=IR,11/14/2017,JEFFERSON C.I.,Natural,Closed
"ENGLISH, EVERETT",https://fdc.myflorida.com/OffenderSearch/detail.aspx?Page=Detail&DCNumber=034089&TypeSearch=IR,11/14/2017,R.M.C.- MAIN UNIT,Natural,Closed
"CARBONE, VINCENT",https://fdc.myflorida.com/OffenderSearch/detail.aspx?Page=Detail&DCNumber=L87929&TypeSearch=IR,11/14/2017,SANTA ROSA C.I.,Accident,Closed
"CHARLESTIN, HERVIOLE",https://fdc.myflorida.com/OffenderSearch/detail.aspx?Page=Detail&DCNumber=M41407&TypeSearch=IR,11/15/2017,R.M.C.- MAIN UNIT,Natural,Closed
"MOSCA, RAFFAELE",https://fdc.myflorida.com/OffenderSearch/detail.aspx?Page=Detail&DCNumber=341452&TypeSearch=IR,11/15/2017,BLACKWATER C.F.,Accident,Closed
"FAIRCLOTH, GORDON",https://fdc.myflorida.com/OffenderSearch/detail.aspx?Page=Detail&DCNumber=708313&TypeSearch=IR,11/15/2017,TOMOKA C.I.,Natural,Closed
"BALMASED, GERARDO",https://fdc.myflorida.com/OffenderSearch/detail.aspx?Page=Detail&DCNumber=433395&TypeSearch=IR,11/16/2017,R.M.C.- MAIN UNIT,Natural,Closed
"TOWSON, JOHNIE",https://fdc.myflorida.com/OffenderSearch/detail.aspx?Page=Detail&DCNumber=881622&TypeSearch=IR,11/16/2017,TAYLOR C.I.,Natural,Closed
"VASALLO, SERGIO",https://fdc.myflorida.com/OffenderSearch/detail.aspx?Page=Detail&DCNumber=B12758&TypeSearch=IR,11/17/2017,R.M.C.- MAIN UNIT,Natural,Closed
"AUSTIN, SIMON",https://fdc.myflorida.com/OffenderSearch/detail.aspx?Page=Detail&DCNumber=619561&TypeSearch=IR,11/17/2017,R.M.C.- MAIN UNIT,Natural,Closed
"MCELROY, GEORGE",https://fdc.myflorida.com/OffenderSearch/detail.aspx?Page=Detail&DCNumber=053796&TypeSearch=IR,11/17/2017,MOORE HAVEN C.F.,Accident,Closed (https://fdc.myflorida.com/pub/mortality/PDF/053796.pdf)
"ALLEN, MICHAEL",https://fdc.myflorida.com/OffenderSearch/detail.aspx?Page=Detail&DCNumber=U10070&TypeSearch=IR,11/17/2017,REENTRY CTR OF OCALA,Accident,OPEN-FDLE
"ROGERS, MICHAEL",https://fdc.myflorida.com/OffenderSearch/detail.aspx?Page=Detail&DCNumber=N20153&TypeSearch=IR,11/18/2017,R.M.C.- MAIN UNIT,Natural,OPEN-INACTIVE
"PLUMMER, CEDRIC",https://fdc.myflorida.com/OffenderSearch/detail.aspx?Page=Detail&DCNumber=116321&TypeSearch=IR,11/18/2017,R.M.C.- MAIN UNIT,Natural,Closed
"PARKS, COREY",https://fdc.myflorida.com/OffenderSearch/detail.aspx?Page=Detail&DCNumber=135965&TypeSearch=IR,11/19/2017,BAKER C.I.,Natural,OPEN-INACTIVE
"FLEMING, RONALD",https://fdc.myflorida.com/OffenderSearch/detail.aspx?Page=Detail&DCNumber=217393&TypeSearch=IR,11/20/2017,R.M.C.- MAIN UNIT,Natural,Closed
"FOWLER, EZRA",https://fdc.myflorida.com/OffenderSearch/detail.aspx?Page=Detail&DCNumber=079533&TypeSearch=IR,11/22/2017,R.M.C.- MAIN UNIT,Natural,Closed
"SILVA, SHARIF",https://fdc.myflorida.com/OffenderSearch/detail.aspx?Page=Detail&DCNumber=X49746&TypeSearch=IR,11/22/2017,FLORIDA STATE PRISON,Suicide,Closed (https://fdc.myflorida.com/pub/mortality/PDF/X49746.pdf)
"UTERMARK, CHRISTOPHER",https://fdc.myflorida.com/OffenderSearch/detail.aspx?Page=Detail&DCNumber=820859&TypeSearch=IR,11/23/2017,TAYLOR C.I.,Natural,Closed
"EXUM, KENNETH",https://fdc.myflorida.com/OffenderSearch/detail.aspx?Page=Detail&DCNumber=474784&TypeSearch=IR,11/24/2017,R.M.C.- MAIN UNIT,Natural,Closed
"COURSON, HARVEY",https://fdc.myflorida.com/OffenderSearch/detail.aspx?Page=Detail&DCNumber=100345&TypeSearch=IR,11/24/2017,WAKULLA C.I.,Natural,Closed
"MULLIS, HERMAN",https://fdc.myflorida.com/OffenderSearch/detail.aspx?Page=Detail&DCNumber=500405&TypeSearch=IR,11/25/2017,R.M.C.- MAIN UNIT,Natural,Closed
"SANDERS, JAMES",https://fdc.myflorida.com/OffenderSearch/detail.aspx?Page=Detail&DCNumber=045334&TypeSearch=IR,11/26/2017,R.M.C.- MAIN UNIT,Natural,Closed
"STRICKLAND, LARRY",https://fdc.myflorida.com/OffenderSearch/detail.aspx?Page=Detail&DCNumber=G10845&TypeSearch=IR,11/27/2017,R.M.C.- MAIN UNIT,Natural,Closed
"NICHOLSON, JULIUS",https://fdc.myflorida.com/OffenderSearch/detail.aspx?Page=Detail&DCNumber=202187&TypeSearch=IR,11/28/2017,R.M.C.- MAIN UNIT,Natural,Closed
"MEYER, JACK",https://fdc.myflorida.com/OffenderSearch/detail.aspx?Page=Detail&DCNumber=123417&TypeSearch=IR,11/29/2017,CENTURY C.I.,Accident,Closed
"KING, WILLIAM",https://fdc.myflorida.com/OffenderSearch/detail.aspx?Page=Detail&DCNumber=844368&TypeSearch=IR,11/29/2017,WAKULLA C.I.,Accident,Closed
"TILLMAN, WAYNE",https://fdc.myflorida.com/OffenderSearch/detail.aspx?Page=Detail&DCNumber=871623&TypeSearch=IR,11/29/2017,R.M.C.- MAIN UNIT,Natural,Closed
"SINGLETARY, ANTHONY",https://fdc.myflorida.com/OffenderSearch/detail.aspx?Page=Detail&DCNumber=125546&TypeSearch=IR,11/30/2017,JEFFERSON C.I.,Accident,Closed
"HACKLEY, JIMMY",https://fdc.myflorida.com/OffenderSearch/detail.aspx?Page=Detail&DCNumber=296470&TypeSearch=IR,11/30/2017,R.M.C.- MAIN UNIT,Natural,Closed
"MCDONALD, ROY",https://fdc.myflorida.com/OffenderSearch/detail.aspx?Page=Detail&DCNumber=198656&TypeSearch=IR,12/01/2017,FRANKLIN C.I.,Accident,Closed
"BUNCH, ROBERT",https://fdc.myflorida.com/OffenderSearch/detail.aspx?Page=Detail&DCNumber=165834&TypeSearch=IR,12/02/2017,R.M.C.- MAIN UNIT,Accident,Closed
"ADDISON, CHESTER",https://fdc.myflorida.com/OffenderSearch/detail.aspx?Page=Detail&DCNumber=072508&TypeSearch=IR,12/03/2017,MADISON C.I.,Accident,Closed
"LYNCH, STEVEN",https://fdc.myflorida.com/OffenderSearch/detail.aspx?Page=Detail&DCNumber=N10704&TypeSearch=IR,12/03/2017,SANTA ROSA C.I.,Natural,Closed
"CURRY, DENNIE",https://fdc.myflorida.com/OffenderSearch/detail.aspx?Page=Detail&DCNumber=T64798&TypeSearch=IR,12/03/2017,DADE C.I.,CLOSED,OPEN-MDPD
"PAGE, LARRY",https://fdc.myflorida.com/OffenderSearch/detail.aspx?Page=Detail&DCNumber=032944&TypeSearch=IR,12/04/2017,R.M.C.- MAIN UNIT,Natural,Closed
"BRYSON, MICKEY",https://fdc.myflorida.com/OffenderSearch/detail.aspx?Page=Detail&DCNumber=129651&TypeSearch=IR,12/05/2017,FSP WEST UNIT,Accident,Closed
"GRIM, GARRY",https://fdc.myflorida.com/OffenderSearch/detail.aspx?Page=Detail&DCNumber=231823&TypeSearch=IR,12/06/2017,R.M.C.- MAIN UNIT,Natural,Closed
"WILSON, GARY",https://fdc.myflorida.com/OffenderSearch/detail.aspx?Page=Detail&DCNumber=069097&TypeSearch=IR,12/06/2017,S.F.R.C.,Natural,Closed
"MILLER, JEFFERY",https://fdc.myflorida.com/OffenderSearch/detail.aspx?Page=Detail&DCNumber=050891&TypeSearch=IR,12/07/2017,CHARLOTTE C.I.,Accident,Closed (https://fdc.myflorida.com/pub/mortality/PDF/050891.pdf)
"SAGE, KEVIN",https://fdc.myflorida.com/OffenderSearch/detail.aspx?Page=Detail&DCNumber=480005&TypeSearch=IR,12/08/2017,MARTIN C.I.,Accident,Closed
"PATTERSON, MARVIN",https://fdc.myflorida.com/OffenderSearch/detail.aspx?Page=Detail&DCNumber=041008&TypeSearch=IR,12/09/2017,CFRC-SOUTH,Natural,Closed
"WILLIAMS, ROGER",https://fdc.myflorida.com/OffenderSearch/detail.aspx?Page=Detail&DCNumber=125334&TypeSearch=IR,12/09/2017,OKEECHOBEE C.I.,Accident,Closed
"SPENCE, CHRISTOPHER",https://fdc.myflorida.com/OffenderSearch/detail.aspx?Page=Detail&DCNumber=E01712&TypeSearch=IR,12/11/2017,TOMOKA C.I.,Natural,Closed (https://fdc.myflorida.com/pub/mortality/PDF/E01712.pdf)
"PEDROSO-TEJERO, ROBERTO",https://fdc.myflorida.com/OffenderSearch/detail.aspx?Page=Detail&DCNumber=B05102&TypeSearch=IR,12/12/2017,MARTIN C.I.,Accident,Closed
"QUILLING, OLEN",https://fdc.myflorida.com/OffenderSearch/detail.aspx?Page=Detail&DCNumber=U39131&TypeSearch=IR,12/13/2017,R.M.C.- MAIN UNIT,Natural,Closed
"PEDRERO, JOE",https://fdc.myflorida.com/OffenderSearch/detail.aspx?Page=Detail&DCNumber=009362&TypeSearch=IR,12/13/2017,CFRC-MAIN,Natural,Closed
"BERRY, ALVIN",https://fdc.myflorida.com/OffenderSearch/detail.aspx?Page=Detail&DCNumber=051164&TypeSearch=IR,12/14/2017,R.M.C.- MAIN UNIT,Natural,Closed
"MARTIN, EUGENE",https://fdc.myflorida.com/OffenderSearch/detail.aspx?Page=Detail&DCNumber=198071&TypeSearch=IR,12/15/2017,FRANKLIN C.I.,Accident,Closed (https://fdc.myflorida.com/pub/mortality/PDF/198071.pdf)
"PORTER, MICHAEL",https://fdc.myflorida.com/OffenderSearch/detail.aspx?Page=Detail&DCNumber=T35333&TypeSearch=IR,12/16/2017,SUMTER C.I.,Accident,Closed
"THOMAS, ROBERT",https://fdc.myflorida.com/OffenderSearch/detail.aspx?Page=Detail&DCNumber=X13652&TypeSearch=IR,12/18/2017,R.M.C.- MAIN UNIT,Natural,Closed
"MCWILLIAMS, JAMES",https://fdc.myflorida.com/OffenderSearch/detail.aspx?Page=Detail&DCNumber=S14953&TypeSearch=IR,12/19/2017,CFRC-MAIN,Suicide,Closed (https://fdc.myflorida.com/pub/mortality/PDF/S14953.pdf)
"BARTHER, MARION",https://fdc.myflorida.com/OffenderSearch/detail.aspx?Page=Detail&DCNumber=089406&TypeSearch=IR,12/19/2017,MOORE HAVEN C.F.,Natural,Closed
"MCKINNEY, SHELDON",https://fdc.myflorida.com/OffenderSearch/detail.aspx?Page=Detail&DCNumber=097201&TypeSearch=IR,12/20/2017,COLUMBIA C.I.,Natural,Closed (https://fdc.myflorida.com/pub/mortality/PDF/097201.pdf)
"BARNES, JAMES",https://fdc.myflorida.com/OffenderSearch/detail.aspx?Page=Detail&DCNumber=H09623&TypeSearch=IR,12/21/2017,R.M.C.- MAIN UNIT,Natural,Closed
"LYONS, CHARLIE",https://fdc.myflorida.com/OffenderSearch/detail.aspx?Page=Detail&DCNumber=062386&TypeSearch=IR,12/22/2017,APALACHEE EAST UNIT,Natural,Closed
"HOWARD, WILLIAM",https://fdc.myflorida.com/OffenderSearch/detail.aspx?Page=Detail&DCNumber=742752&TypeSearch=IR,12/22/2017,R.M.C.- MAIN UNIT,Natural,Closed
"BROCKWAY, WADE",https://fdc.myflorida.com/OffenderSearch/detail.aspx?Page=Detail&DCNumber=126886&TypeSearch=IR,12/23/2017,R.M.C.- MAIN UNIT,Natural,Closed
"REFFUSE, MARK",https://fdc.myflorida.com/OffenderSearch/detail.aspx?Page=Detail&DCNumber=759248&TypeSearch=IR,12/24/2017,LAKE C.I.,Natural,Closed
"WILKINSON, PATRICK",https://fdc.myflorida.com/OffenderSearch/detail.aspx?Page=Detail&DCNumber=781430&TypeSearch=IR,12/25/2017,NWFRC MAIN UNIT.,Suicide,Closed (https://fdc.myflorida.com/pub/mortality/PDF/781430.pdf)
"THOMAS, KEVIN",https://fdc.myflorida.com/OffenderSearch/detail.aspx?Page=Detail&DCNumber=503460&TypeSearch=IR,12/26/2017,MARTIN C.I.,Natural,Closed
"SUMMERS, STEVEN",https://fdc.myflorida.com/OffenderSearch/detail.aspx?Page=Detail&DCNumber=953890&TypeSearch=IR,12/26/2017,BLACKWATER C.F.,Natural,Closed
"MATOS, ALEXY",https://fdc.myflorida.com/OffenderSearch/detail.aspx?Page=Detail&DCNumber=971922&TypeSearch=IR,12/28/2017,SUWANNEE C.I. ANNEX,Natural,Closed
"JONES, ROBERT",https://fdc.myflorida.com/OffenderSearch/detail.aspx?Page=Detail&DCNumber=634579&TypeSearch=IR,12/28/2017,R.M.C.- MAIN UNIT,Natural,Closed
"THOMAS, BILLY",https://fdc.myflorida.com/OffenderSearch/detail.aspx?Page=Detail&DCNumber=Q31600&TypeSearch=IR,12/30/2017,R.M.C.- MAIN UNIT,Natural,Closed
"MARTINEZ, ALFREDO",https://fdc.myflorida.com/OffenderSearch/detail.aspx?Page=Detail&DCNumber=145983&TypeSearch=IR,12/30/2017,R.M.C.- MAIN UNIT,Natural,Closed
"WILLIAMS, FREDERICK",https://fdc.myflorida.com/OffenderSearch/detail.aspx?Page=Detail&DCNumber=522694&TypeSearch=IR,12/31/2017,R.M.C.- MAIN UNIT,Natural,Closed
"WITT, GREGORY",https://fdc.myflorida.com/OffenderSearch/detail.aspx?Page=Detail&DCNumber=395818&TypeSearch=IR,12/31/2017,R.M.C.- MAIN UNIT,Natural,Closed
"RHUDE, CLARENCE",https://fdc.myflorida.com/OffenderSearch/detail.aspx?Page=Detail&DCNumber=884805&TypeSearch=IR,12/31/2017,CALHOUN C.I.,Natural,Closed
"WHITTEY, JAMES",https://fdc.myflorida.com/OffenderSearch/detail.aspx?Page=Detail&DCNumber=982668&TypeSearch=IR,01/01/2018,DESOTO ANNEX,Suicide,Closed (https://fdc.myflorida.com/pub/mortality/PDF/982668.pdf)
"BUTLER, GABRIEL",https://fdc.myflorida.com/OffenderSearch/detail.aspx?Page=Detail&DCNumber=W42627&TypeSearch=IR,01/02/2018,R.M.C.- MAIN UNIT,Natural,Closed
"WHEELOCK, HAROLD",https://fdc.myflorida.com/OffenderSearch/detail.aspx?Page=Detail&DCNumber=169817&TypeSearch=IR,01/02/2018,R.M.C.- MAIN UNIT,Natural,Closed
"ALLEN, JERRY",https://fdc.myflorida.com/OffenderSearch/detail.aspx?Page=Detail&DCNumber=043183&TypeSearch=IR,01/02/2018,OKALOOSA C.I.,Natural,Closed
"BOYD, WILLIE",https://fdc.myflorida.com/OffenderSearch/detail.aspx?Page=Detail&DCNumber=019231&TypeSearch=IR,01/04/2018,GRACEVILLE C.F.,Natural,Closed
"BEDEAU, JEFF",https://fdc.myflorida.com/OffenderSearch/detail.aspx?Page=Detail&DCNumber=145468&TypeSearch=IR,01/04/2018,EVERGLADES C.I.,Natural,Closed
"SILVA, LUIS",https://fdc.myflorida.com/OffenderSearch/detail.aspx?Page=Detail&DCNumber=436169&TypeSearch=IR,01/04/2018,JEFFERSON C.I.,Accident,Closed
"SAVARY, STANLEY",https://fdc.myflorida.com/OffenderSearch/detail.aspx?Page=Detail&DCNumber=A50841&TypeSearch=IR,01/05/2018,R.M.C.- MAIN UNIT,Natural,Closed
"WALKER, RONALD",https://fdc.myflorida.com/OffenderSearch/detail.aspx?Page=Detail&DCNumber=021129&TypeSearch=IR,01/06/2018,R.M.C.- MAIN UNIT,Natural,Closed
"SURIS, JESUS",https://fdc.myflorida.com/OffenderSearch/detail.aspx?Page=Detail&DCNumber=K06886&TypeSearch=IR,01/06/2018,R.M.C.- MAIN UNIT,Natural,Closed
"HOUK, RAY",https://fdc.myflorida.com/OffenderSearch/detail.aspx?Page=Detail&DCNumber=P40202&TypeSearch=IR,01/06/2018,R.M.C.- MAIN UNIT,Natural,Closed
"MCGRORTY, JAMES",https://fdc.myflorida.com/OffenderSearch/detail.aspx?Page=Detail&DCNumber=T29100&TypeSearch=IR,01/06/2018,SUWANNEE C.I. ANNEX,Accident,Closed
"DAVILA-ROSARIO, GILBERTO",https://fdc.myflorida.com/OffenderSearch/detail.aspx?Page=Detail&DCNumber=X76219&TypeSearch=IR,01/06/2018,HARDEE C.I.,Natural,Closed
"SAUSVILLE, DWAYNE",https://fdc.myflorida.com/OffenderSearch/detail.aspx?Page=Detail&DCNumber=120194&TypeSearch=IR,01/07/2018,R.M.C.- MAIN UNIT,Natural,Closed
"BOYD, STEVEN",https://fdc.myflorida.com/OffenderSearch/detail.aspx?Page=Detail&DCNumber=519904&TypeSearch=IR,01/07/2018,R.M.C.- MAIN UNIT,Natural,Closed
"SIMMONS, WILLIAM",https://fdc.myflorida.com/OffenderSearch/detail.aspx?Page=Detail&DCNumber=042512&TypeSearch=IR,01/08/2018,EVERGLADES C.I.,Natural,Closed
"CEPHUS, JAMES",https://fdc.myflorida.com/OffenderSearch/detail.aspx?Page=Detail&DCNumber=B00639&TypeSearch=IR,01/08/2018,GULF C.I.- ANNEX,Accident,Closed
"SURRENCY, STACY",https://fdc.myflorida.com/OffenderSearch/detail.aspx?Page=Detail&DCNumber=040547&TypeSearch=IR,01/09/2018,R.M.C.- MAIN UNIT,Natural,Closed
"PRESSELY, DANIEL",https://fdc.myflorida.com/OffenderSearch/detail.aspx?Page=Detail&DCNumber=T22336&TypeSearch=IR,01/09/2018,R.M.C.- MAIN UNIT,Natural,Closed
"WILLIAMS, GARY",https://fdc.myflorida.com/OffenderSearch/detail.aspx?Page=Detail&DCNumber=538507&TypeSearch=IR,01/09/2018,APALACHEE WEST UNIT,Accident,Closed
"WRIGHT, STEVEN",https://fdc.myflorida.com/OffenderSearch/detail.aspx?Page=Detail&DCNumber=Y49403&TypeSearch=IR,01/10/2018,CALHOUN C.I.,Accident,Closed
"ROLNICK, ALYSE",https://fdc.myflorida.com/OffenderSearch/detail.aspx?Page=Detail&DCNumber=V40439&TypeSearch=IR,01/10/2018,LOWELL ANNEX,Natural,Closed
"FINKLEA, BUSTER",https://fdc.myflorida.com/OffenderSearch/detail.aspx?Page=Detail&DCNumber=546672&TypeSearch=IR,01/11/2018,R.M.C.- MAIN UNIT,Natural,Closed
"KILGORE, DEAN",https://fdc.myflorida.com/OffenderSearch/detail.aspx?Page=Detail&DCNumber=029315&TypeSearch=IR,01/11/2018,R.M.C.- MAIN UNIT,Natural,Closed
"PATRICK, FRANK",https://fdc.myflorida.com/OffenderSearch/detail.aspx?Page=Detail&DCNumber=068257&TypeSearch=IR,01/11/2018,ZEPHYRHILLS C.I.,Natural,Closed
"WHITE, DAVID",https://fdc.myflorida.com/OffenderSearch/detail.aspx?Page=Detail&DCNumber=J42995&TypeSearch=IR,01/13/2018,R.M.C.- MAIN UNIT,Natural,Closed
"CAMEJO, LUIS",https://fdc.myflorida.com/OffenderSearch/detail.aspx?Page=Detail&DCNumber=410055&TypeSearch=IR,01/14/2018,LIBERTY C.I.,Natural,Closed
"POZEK, JAMES",https://fdc.myflorida.com/OffenderSearch/detail.aspx?Page=Detail&DCNumber=709393&TypeSearch=IR,01/14/2018,R.M.C.- MAIN UNIT,Natural,Closed
"THOMPSON, RAYMOND",https://fdc.myflorida.com/OffenderSearch/detail.aspx?Page=Detail&DCNumber=110761&TypeSearch=IR,01/15/2018,ZEPHYRHILLS C.I.,Natural,Closed
"WHITE, WILLIAM",https://fdc.myflorida.com/OffenderSearch/detail.aspx?Page=Detail&DCNumber=067048&TypeSearch=IR,01/15/2018,CFRC-SOUTH,Natural,Closed
"DEAN, CHARLIE",https://fdc.myflorida.com/OffenderSearch/detail.aspx?Page=Detail&DCNumber=097942&TypeSearch=IR,01/16/2018,S.F.R.C.,Natural,Closed
"KNOWLES, AUBREY",https://fdc.myflorida.com/OffenderSearch/detail.aspx?Page=Detail&DCNumber=098866&TypeSearch=IR,01/17/2018,SANTA ROSA C.I.,Accident,Closed (https://fdc.myflorida.com/pub/mortality/PDF/098866.pdf)
"DEWBERRY, OLIN",https://fdc.myflorida.com/OffenderSearch/detail.aspx?Page=Detail&DCNumber=915539&TypeSearch=IR,01/17/2018,UNION C.I.,Natural,Closed
"MAZZO, MARC",https://fdc.myflorida.com/OffenderSearch/detail.aspx?Page=Detail&DCNumber=E15934&TypeSearch=IR,01/17/2018,GULF C.I.,Suicide,Closed (https://fdc.myflorida.com/pub/mortality/PDF/E15934.pdf)
"CARBONE, JOSEPH",https://fdc.myflorida.com/OffenderSearch/detail.aspx?Page=Detail&DCNumber=080825&TypeSearch=IR,01/18/2018,R.M.C.- MAIN UNIT,Natural,Closed
"CARROLL, CHRISTOPHER",https://fdc.myflorida.com/OffenderSearch/detail.aspx?Page=Detail&DCNumber=703402&TypeSearch=IR,01/19/2018,R.M.C.- MAIN UNIT,Natural,Closed
"STRYKER, EDWARD",https://fdc.myflorida.com/OffenderSearch/detail.aspx?Page=Detail&DCNumber=688789&TypeSearch=IR,01/20/2018,OKALOOSA C.I.,Accident,Closed
"MARTINEZ, DANIEL",https://fdc.myflorida.com/OffenderSearch/detail.aspx?Page=Detail&DCNumber=V51796&TypeSearch=IR,01/20/2018,R.M.C.- MAIN UNIT,Natural,Closed
"TAYLOR, DAVID",https://fdc.myflorida.com/OffenderSearch/detail.aspx?Page=Detail&DCNumber=918156&TypeSearch=IR,01/21/2018,NWFRC ANNEX.,Accident,Closed
"CAIN, ROGER",https://fdc.myflorida.com/OffenderSearch/detail.aspx?Page=Detail&DCNumber=G07872&TypeSearch=IR,01/22/2018,WAKULLA ANNEX,Accident,Closed (https://fdc.myflorida.com/pub/mortality/PDF/G07872.pdf)
"TAVERNIER, THOMAS",https://fdc.myflorida.com/OffenderSearch/detail.aspx?Page=Detail&DCNumber=U45849&TypeSearch=IR,01/22/2018,R.M.C.- MAIN UNIT,Natural,Closed
"ALVAREZ, ALFREDO",https://fdc.myflorida.com/OffenderSearch/detail.aspx?Page=Detail&DCNumber=088766&TypeSearch=IR,01/22/2018,HARDEE C.I.,Natural,Closed
"DETTMAN, CURTIS",https://fdc.myflorida.com/OffenderSearch/detail.aspx?Page=Detail&DCNumber=V38231&TypeSearch=IR,01/23/2018,R.M.C.- MAIN UNIT,Natural,Closed
"VELASQUEZ, ALEJANDRO",https://fdc.myflorida.com/OffenderSearch/detail.aspx?Page=Detail&DCNumber=E14229&TypeSearch=IR,01/23/2018,MARTIN C.I.,Accident,Closed (https://fdc.myflorida.com/pub/mortality/PDF/E14229.pdf)
"GARCIA, HECTOR",https://fdc.myflorida.com/OffenderSearch/detail.aspx?Page=Detail&DCNumber=414292&TypeSearch=IR,01/24/2018,SANTA ROSA ANNEX,Natural,Closed
"GAMBLE, LACARVIA",https://fdc.myflorida.com/OffenderSearch/detail.aspx?Page=Detail&DCNumber=M13274&TypeSearch=IR,01/26/2018,SUWANNEE C.I. ANNEX,Natural,Closed
"HERNANDEZ, MARKO",https://fdc.myflorida.com/OffenderSearch/detail.aspx?Page=Detail&DCNumber=514961&TypeSearch=IR,01/28/2018,R.M.C.- MAIN UNIT,Natural,Closed
"PORATH, THOMAS",https://fdc.myflorida.com/OffenderSearch/detail.aspx?Page=Detail&DCNumber=102549&TypeSearch=IR,01/28/2018,R.M.C.- MAIN UNIT,Natural,Closed
"AGUILAR-ZARCO, MOISES",https://fdc.myflorida.com/OffenderSearch/detail.aspx?Page=Detail&DCNumber=C05236&TypeSearch=IR,01/29/2018,GULF C.I.,Suicide,Closed
"HOLMES, TONY",https://fdc.myflorida.com/OffenderSearch/detail.aspx?Page=Detail&DCNumber=E37726&TypeSearch=IR,02/01/2018,FLORIDA STATE PRISON,Natural,Closed
"HUGHLEY, GEORGE",https://fdc.myflorida.com/OffenderSearch/detail.aspx?Page=Detail&DCNumber=R00196&TypeSearch=IR,02/01/2018,R.M.C.- MAIN UNIT,Natural,Closed
"BROWN, DEONDRE",https://fdc.myflorida.com/OffenderSearch/detail.aspx?Page=Detail&DCNumber=U32674&TypeSearch=IR,02/02/2018,GULF C.I.,Homicide,Closed
"FERNANDEZ, FERNANDO",https://fdc.myflorida.com/OffenderSearch/detail.aspx?Page=Detail&DCNumber=430999&TypeSearch=IR,02/02/2018,EVERGLADES C.I.,Natural,Closed
"JACKSON, CARL",https://fdc.myflorida.com/OffenderSearch/detail.aspx?Page=Detail&DCNumber=049340&TypeSearch=IR,02/02/2018,ZEPHYRHILLS C.I.,Natural,Closed
"RODRIGUEZ-PACHECO, MIGUEL",https://fdc.myflorida.com/OffenderSearch/detail.aspx?Page=Detail&DCNumber=100739&TypeSearch=IR,02/02/2018,EVERGLADES C.I.,Natural,Closed
"DAVIS, WILLIAM",https://fdc.myflorida.com/OffenderSearch/detail.aspx?Page=Detail&DCNumber=477265&TypeSearch=IR,02/03/2018,R.M.C.- MAIN UNIT,Natural,Closed
"REYNOLDS, BRENDA",https://fdc.myflorida.com/OffenderSearch/detail.aspx?Page=Detail&DCNumber=152547&TypeSearch=IR,02/03/2018,R.M.C.- MAIN UNIT,Natural,Closed
"ROBERTS, DWIGHT",https://fdc.myflorida.com/OffenderSearch/detail.aspx?Page=Detail&DCNumber=234522&TypeSearch=IR,02/03/2018,TOMOKA C.I.,Natural,Closed
"PEPIN, JOSEPH",https://fdc.myflorida.com/OffenderSearch/detail.aspx?Page=Detail&DCNumber=I03571&TypeSearch=IR,02/03/2018,UNION C.I.,Homicide,Closed
"MEHRTENS, RICHARD",https://fdc.myflorida.com/OffenderSearch/detail.aspx?Page=Detail&DCNumber=J39801&TypeSearch=IR,02/03/2018,UNION C.I.,Homicide,Closed
"REYNOLDS, DUSTIN",https://fdc.myflorida.com/OffenderSearch/detail.aspx?Page=Detail&DCNumber=U53661&TypeSearch=IR,02/04/2018,BLACKWATER C.F.,Accident,Closed
"FENLEY, JAMIE",https://fdc.myflorida.com/OffenderSearch/detail.aspx?Page=Detail&DCNumber=H08787&TypeSearch=IR,02/04/2018,JACKSON C.I.,Homicide,Closed
"BEAIRD, JAMES",https://fdc.myflorida.com/OffenderSearch/detail.aspx?Page=Detail&DCNumber=G17851&TypeSearch=IR,02/05/2018,R.M.C.- MAIN UNIT,Natural,Closed
"WOODARD, KENNETH",https://fdc.myflorida.com/OffenderSearch/detail.aspx?Page=Detail&DCNumber=S32309&TypeSearch=IR,02/05/2018,COLUMBIA C.I.,Natural,Closed
"VEGA, FERNANDO",https://fdc.myflorida.com/OffenderSearch/detail.aspx?Page=Detail&DCNumber=P32217&TypeSearch=IR,02/05/2018,R.M.C.- MAIN UNIT,Natural,Closed
"BROWN, DAVID",https://fdc.myflorida.com/OffenderSearch/detail.aspx?Page=Detail&DCNumber=400464&TypeSearch=IR,02/06/2018,DESOTO ANNEX,Natural,Closed
"TAYLOR, ISREAL",https://fdc.myflorida.com/OffenderSearch/detail.aspx?Page=Detail&DCNumber=P17899&TypeSearch=IR,02/08/2018,R.M.C.- MAIN UNIT,Natural,Closed
"DUNSON, CLARENCE",https://fdc.myflorida.com/OffenderSearch/detail.aspx?Page=Detail&DCNumber=168282&TypeSearch=IR,02/09/2018,WAKULLA C.I.,Natural,Closed
"WASHINGTON, KEITH",https://fdc.myflorida.com/OffenderSearch/detail.aspx?Page=Detail&DCNumber=087693&TypeSearch=IR,02/09/2018,EVERGLADES C.I.,Natural,Closed
"GROSS, GUSTAVO",https://fdc.myflorida.com/OffenderSearch/detail.aspx?Page=Detail&DCNumber=097988&TypeSearch=IR,02/09/2018,S.F.R.C.,Natural,CLOSED
"RAVENELL, JAMES",https://fdc.myflorida.com/OffenderSearch/detail.aspx?Page=Detail&DCNumber=076148&TypeSearch=IR,02/09/2018,ZEPHYRHILLS C.I.,Natural,Closed
"HUBBARD, FREDERICK",https://fdc.myflorida.com/OffenderSearch/detail.aspx?Page=Detail&DCNumber=202664&TypeSearch=IR,02/10/2018,BLACKWATER C.F.,Accident,Closed
"ODOM, CYRIL",https://fdc.myflorida.com/OffenderSearch/detail.aspx?Page=Detail&DCNumber=277083&TypeSearch=IR,02/10/2018,R.M.C.- MAIN UNIT,Homicide,Closed
"RAMEY, JAMES",https://fdc.myflorida.com/OffenderSearch/detail.aspx?Page=Detail&DCNumber=M89550&TypeSearch=IR,02/10/2018,S.F.R.C.,Accident,Closed
"GREEN, CHRISTOPHER",https://fdc.myflorida.com/OffenderSearch/detail.aspx?Page=Detail&DCNumber=251279&TypeSearch=IR,02/11/2018,TAYLOR ANNEX,Natural,Closed
"YOUNG, RICKY",https://fdc.myflorida.com/OffenderSearch/detail.aspx?Page=Detail&DCNumber=031072&TypeSearch=IR,02/12/2018,OKEECHOBEE C.I.,Natural,Closed
"STANSBURY, NELSON",https://fdc.myflorida.com/OffenderSearch/detail.aspx?Page=Detail&DCNumber=S36049&TypeSearch=IR,02/12/2018,R.M.C.- MAIN UNIT,Natural,Closed
"WYNDS, SELLO",https://fdc.myflorida.com/OffenderSearch/detail.aspx?Page=Detail&DCNumber=W01575&TypeSearch=IR,02/12/2018,OKEECHOBEE C.I.,Accident,Closed (https://fdc.myflorida.com/pub/mortality/PDF/W01575.pdf)
"GRIFFIN, JOE",https://fdc.myflorida.com/OffenderSearch/detail.aspx?Page=Detail&DCNumber=058359&TypeSearch=IR,02/13/2018,R.M.C.- MAIN UNIT,Natural,Closed
"MCCOY, RONALD",https://fdc.myflorida.com/OffenderSearch/detail.aspx?Page=Detail&DCNumber=774261&TypeSearch=IR,02/13/2018,FLORIDA STATE PRISON,Natural,Closed
"JOHNSON, JOHNNY",https://fdc.myflorida.com/OffenderSearch/detail.aspx?Page=Detail&DCNumber=009095&TypeSearch=IR,02/15/2018,R.M.C.- MAIN UNIT,Natural,Closed
"THOMAS, JAVARIUS",https://fdc.myflorida.com/OffenderSearch/detail.aspx?Page=Detail&DCNumber=N28162&TypeSearch=IR,02/15/2018,BLACKWATER C.F.,Natural,Closed
"SUAH, WALTER",https://fdc.myflorida.com/OffenderSearch/detail.aspx?Page=Detail&DCNumber=M36158&TypeSearch=IR,02/16/2018,OKALOOSA C.I.,Accident,Closed
"ERWIN, JAMES",https://fdc.myflorida.com/OffenderSearch/detail.aspx?Page=Detail&DCNumber=V02368&TypeSearch=IR,02/16/2018,SOUTH BAY C.F.,Natural,Closed
"RICHARDS, GERALD",https://fdc.myflorida.com/OffenderSearch/detail.aspx?Page=Detail&DCNumber=J43281&TypeSearch=IR,02/18/2018,S.F.R.C.,Natural,Closed
"WILLIAMS, LARRY",https://fdc.myflorida.com/OffenderSearch/detail.aspx?Page=Detail&DCNumber=031979&TypeSearch=IR,02/18/2018,R.M.C.- MAIN UNIT,Natural,Closed
"CARVER, ARTHUR",https://fdc.myflorida.com/OffenderSearch/detail.aspx?Page=Detail&DCNumber=C05509&TypeSearch=IR,02/18/2018,R.M.C.- MAIN UNIT,Natural,Closed
"BENTON, MICHAEL",https://fdc.myflorida.com/OffenderSearch/detail.aspx?Page=Detail&DCNumber=040983&TypeSearch=IR,02/20/2018,JACKSON C.I.,Natural,Closed
"WILSON, JERRY",https://fdc.myflorida.com/OffenderSearch/detail.aspx?Page=Detail&DCNumber=278632&TypeSearch=IR,02/21/2018,SUWANNEE C.I,Natural,Closed
"BENTLEY, TAVARIS",https://fdc.myflorida.com/OffenderSearch/detail.aspx?Page=Detail&DCNumber=X76081&TypeSearch=IR,02/21/2018,CHARLOTTE C.I.,Accident,Closed
"MURR, TERRY",https://fdc.myflorida.com/OffenderSearch/detail.aspx?Page=Detail&DCNumber=Q28850&TypeSearch=IR,02/22/2018,NWFRC MAIN UNIT.,Accident,Closed (https://fdc.myflorida.com/pub/mortality/PDF/Q28850.pdf)
"NICKSON, ANDREW",https://fdc.myflorida.com/OffenderSearch/detail.aspx?Page=Detail&DCNumber=055695&TypeSearch=IR,02/22/2018,R.M.C.- MAIN UNIT,Natural,Closed
"DONALD, WILLIAM",https://fdc.myflorida.com/OffenderSearch/detail.aspx?Page=Detail&DCNumber=232323&TypeSearch=IR,02/23/2018,R.M.C.- MAIN UNIT,Natural,Closed
"CRAWFORD, ART",https://fdc.myflorida.com/OffenderSearch/detail.aspx?Page=Detail&DCNumber=018174&TypeSearch=IR,02/25/2018,R.M.C.- MAIN UNIT,Natural,Closed
"HICKSON, FRANKIE",https://fdc.myflorida.com/OffenderSearch/detail.aspx?Page=Detail&DCNumber=043331&TypeSearch=IR,02/25/2018,DADE C.I.,Accident,Closed
"AMOS, RODNEY",https://fdc.myflorida.com/OffenderSearch/detail.aspx?Page=Detail&DCNumber=067272&TypeSearch=IR,02/25/2018,TTH of BARSTOW,Natural,Closed
"MURTAUGH, DAVID",https://fdc.myflorida.com/OffenderSearch/detail.aspx?Page=Detail&DCNumber=084369&TypeSearch=IR,02/26/2018,R.M.C.- MAIN UNIT,Natural,Closed
"BISSON, ROBERT",https://fdc.myflorida.com/OffenderSearch/detail.aspx?Page=Detail&DCNumber=138936&TypeSearch=IR,02/27/2018,COLUMBIA ANNEX,Accident,Closed (https://fdc.myflorida.com/pub/mortality/PDF/138936.pdf)
"CARDONAS, JUAN",https://fdc.myflorida.com/OffenderSearch/detail.aspx?Page=Detail&DCNumber=M16558&TypeSearch=IR,02/28/2018,GULF C.I.- ANNEX,Homicide,Closed
"THIBAULT, RITA",https://fdc.myflorida.com/OffenderSearch/detail.aspx?Page=Detail&DCNumber=J20668&TypeSearch=IR,03/02/2018,FL.WOMENS RECPN.CTR,Natural,Closed
"DEPEW, THOMAS",https://fdc.myflorida.com/OffenderSearch/detail.aspx?Page=Detail&DCNumber=V14610&TypeSearch=IR,03/02/2018,Jacksonville Bridge,Natural,Closed
"ACOSTA, DAVID",https://fdc.myflorida.com/OffenderSearch/detail.aspx?Page=Detail&DCNumber=Y41477&TypeSearch=IR,03/03/2018,S.F.R.C SOUTH UNIT,Natural,Closed
"HAMM, DARRIN",https://fdc.myflorida.com/OffenderSearch/detail.aspx?Page=Detail&DCNumber=107931&TypeSearch=IR,03/03/2018,MARION C.I.,Natural,Closed
"MELVIN, ANTONY",https://fdc.myflorida.com/OffenderSearch/detail.aspx?Page=Detail&DCNumber=P52826&TypeSearch=IR,03/04/2018,R.M.C.- MAIN UNIT,Natural,Closed
"KENT, JARED",https://fdc.myflorida.com/OffenderSearch/detail.aspx?Page=Detail&DCNumber=Q01199&TypeSearch=IR,03/05/2018,R.M.C.- MAIN UNIT,Natural,Closed
"MCFAYDEN, PATRICIA",https://fdc.myflorida.com/OffenderSearch/detail.aspx?Page=Detail&DCNumber=Q10036&TypeSearch=IR,03/05/2018,R.M.C.- MAIN UNIT,Natural,Closed
"TAYLOR, WALTER",https://fdc.myflorida.com/OffenderSearch/detail.aspx?Page=Detail&DCNumber=121998&TypeSearch=IR,03/05/2018,CFRC-SOUTH,Natural,Closed
"THOMPSON, TOMMY",https://fdc.myflorida.com/OffenderSearch/detail.aspx?Page=Detail&DCNumber=081188&TypeSearch=IR,03/05/2018,JEFFERSON C.I.,Natural,Closed
"GARGANO, KENNETH",https://fdc.myflorida.com/OffenderSearch/detail.aspx?Page=Detail&DCNumber=B00102&TypeSearch=IR,03/05/2018,Mayo Work Camp,Natural,OPEN-FDLE
"BREWSTER, GREGORY",https://fdc.myflorida.com/OffenderSearch/detail.aspx?Page=Detail&DCNumber=792650&TypeSearch=IR,03/05/2018,BLACKWATER C.F.,Natural,Closed
"PENDER, LEONARD",https://fdc.myflorida.com/OffenderSearch/detail.aspx?Page=Detail&DCNumber=089725&TypeSearch=IR,03/07/2018,R.M.C.- MAIN UNIT,Natural,Closed
"JACKSON, TERRY",https://fdc.myflorida.com/OffenderSearch/detail.aspx?Page=Detail&DCNumber=510144&TypeSearch=IR,03/08/2018,LAKE C.I.,Accident,Closed
"BROWN, FRED",https://fdc.myflorida.com/OffenderSearch/detail.aspx?Page=Detail&DCNumber=035925&TypeSearch=IR,03/09/2018,R.M.C.- MAIN UNIT,Natural,Closed
"SANTOS, AMBROSE",https://fdc.myflorida.com/OffenderSearch/detail.aspx?Page=Detail&DCNumber=308451&TypeSearch=IR,03/09/2018,SANTA ROSA C.I.,Accident,Closed
"DESIR, JIM",https://fdc.myflorida.com/OffenderSearch/detail.aspx?Page=Detail&DCNumber=W09754&TypeSearch=IR,03/10/2018,SANTA ROSA C.I.,Accident,Closed
"KNAB, CHARLES",https://fdc.myflorida.com/OffenderSearch/detail.aspx?Page=Detail&DCNumber=763408&TypeSearch=IR,03/11/2018,JEFFERSON C.I.,Accident,Closed (https://fdc.myflorida.com/pub/mortality/PDF/763408.pdf)
"FATTON, MICHAEL",https://fdc.myflorida.com/OffenderSearch/detail.aspx?Page=Detail&DCNumber=C06595&TypeSearch=IR,03/13/2018,R.M.C.- MAIN UNIT,Natural,Closed
"WASHINGTON, EARNEST",https://fdc.myflorida.com/OffenderSearch/detail.aspx?Page=Detail&DCNumber=L73111&TypeSearch=IR,03/13/2018,R.M.C.- WEST UNIT,Accident,Closed
"LESLIE, WILLIAM",https://fdc.myflorida.com/OffenderSearch/detail.aspx?Page=Detail&DCNumber=058358&TypeSearch=IR,03/13/2018,R.M.C.- MAIN UNIT,Natural,Closed
"BURNS, STANLEY",https://fdc.myflorida.com/OffenderSearch/detail.aspx?Page=Detail&DCNumber=039930&TypeSearch=IR,03/14/2018,MOORE HAVEN C.F.,Natural,Closed
"WINSTEAD, GLENN",https://fdc.myflorida.com/OffenderSearch/detail.aspx?Page=Detail&DCNumber=P58791&TypeSearch=IR,03/14/2018,R.M.C.- MAIN UNIT,Natural,Closed
"RAIMBEAU, JAMES",https://fdc.myflorida.com/OffenderSearch/detail.aspx?Page=Detail&DCNumber=901953&TypeSearch=IR,03/15/2018,SANTA ROSA C.I.,Homicide,Closed
"ALEXANDER, ALVIN",https://fdc.myflorida.com/OffenderSearch/detail.aspx?Page=Detail&DCNumber=P46570&TypeSearch=IR,03/16/2018,OKALOOSA C.I.,Accident,Closed (https://fdc.myflorida.com/pub/mortality/PDF/P46570.pdf)
"HINES, CLEVELAND",https://fdc.myflorida.com/OffenderSearch/detail.aspx?Page=Detail&DCNumber=930180&TypeSearch=IR,03/17/2018,R.M.C.- MAIN UNIT,Natural,Closed
"ALVAREZ, JUAN",https://fdc.myflorida.com/OffenderSearch/detail.aspx?Page=Detail&DCNumber=107295&TypeSearch=IR,03/18/2018,EVERGLADES C.I.,Natural,Closed
"SNIDER, DAMON",https://fdc.myflorida.com/OffenderSearch/detail.aspx?Page=Detail&DCNumber=976316&TypeSearch=IR,03/19/2018,CHARLOTTE C.I.,Natural,Closed
"SMETHURST, CHARLES",https://fdc.myflorida.com/OffenderSearch/detail.aspx?Page=Detail&DCNumber=J12360&TypeSearch=IR,03/21/2018,R.M.C.- MAIN UNIT,Natural,Closed
"GREGORY, LARRY",https://fdc.myflorida.com/OffenderSearch/detail.aspx?Page=Detail&DCNumber=066957&TypeSearch=IR,03/21/2018,WALTON C.I.,Natural,Closed
"DASSAU, RONNIE",https://fdc.myflorida.com/OffenderSearch/detail.aspx?Page=Detail&DCNumber=409703&TypeSearch=IR,03/21/2018,MOORE HAVEN C.F.,Natural,Closed
"HOFFER, CARL",https://fdc.myflorida.com/OffenderSearch/detail.aspx?Page=Detail&DCNumber=111369&TypeSearch=IR,03/21/2018,R.M.C.- MAIN UNIT,Natural,Closed
"MUHAMMAD, AKEEM",https://fdc.myflorida.com/OffenderSearch/detail.aspx?Page=Detail&DCNumber=193906&TypeSearch=IR,03/22/2018,JACKSON C.I.,Accident,Closed
"JENSEN, PETE",https://fdc.myflorida.com/OffenderSearch/detail.aspx?Page=Detail&DCNumber=203844&TypeSearch=IR,03/22/2018,COLUMBIA C.I.,Natural,Closed
"IVEY, TERRY",https://fdc.myflorida.com/OffenderSearch/detail.aspx?Page=Detail&DCNumber=095121&TypeSearch=IR,03/22/2018,R.M.C.- MAIN UNIT,Natural,Closed
"HICKORY, BRIAN",https://fdc.myflorida.com/OffenderSearch/detail.aspx?Page=Detail&DCNumber=K66089&TypeSearch=IR,03/22/2018,DESOTO ANNEX,Accident,Closed (https://fdc.myflorida.com/pub/mortality/PDF/K66089.pdf)
"ROBLES, GEREMIAS",https://fdc.myflorida.com/OffenderSearch/detail.aspx?Page=Detail&DCNumber=T74335&TypeSearch=IR,03/23/2018,S.F.R.C.,Natural,Closed
"WESTON, JOSEPHINE",https://fdc.myflorida.com/OffenderSearch/detail.aspx?Page=Detail&DCNumber=U42370&TypeSearch=IR,03/23/2018,R.M.C.- MAIN UNIT,Natural,Closed
"GREEN, ANTHONY",https://fdc.myflorida.com/OffenderSearch/detail.aspx?Page=Detail&DCNumber=E25656&TypeSearch=IR,03/25/2018,WALTON C.I.,Accident,Closed
"CHAMBERS, THOMAS",https://fdc.myflorida.com/OffenderSearch/detail.aspx?Page=Detail&DCNumber=037147&TypeSearch=IR,03/27/2018,ZEPHYRHILLS C.I.,Natural,Closed
"STANLEY, GREGORY",https://fdc.myflorida.com/OffenderSearch/detail.aspx?Page=Detail&DCNumber=759073&TypeSearch=IR,03/28/2018,R.M.C.- MAIN UNIT,Natural,Closed
"WEST, FREDERICK",https://fdc.myflorida.com/OffenderSearch/detail.aspx?Page=Detail&DCNumber=719101&TypeSearch=IR,03/29/2018,GULF C.I.- ANNEX,Accident,Closed (https://fdc.myflorida.com/pub/mortality/PDF/719101.pdf)
"MANSO, GERARDO",https://fdc.myflorida.com/OffenderSearch/detail.aspx?Page=Detail&DCNumber=459141&TypeSearch=IR,03/29/2018,DADE C.I.,Suicide,OPEN-FDLE
"DORSEY, CHARLES",https://fdc.myflorida.com/OffenderSearch/detail.aspx?Page=Detail&DCNumber=036001&TypeSearch=IR,03/30/2018,CHARLOTTE C.I.,Natural,Closed
"NEALE, RUSSELL",https://fdc.myflorida.com/OffenderSearch/detail.aspx?Page=Detail&DCNumber=K53460&TypeSearch=IR,03/30/2018,MAYO C.I. ANNEX,Accident,Closed
"ROGERS, MICHAEL",https://fdc.myflorida.com/OffenderSearch/detail.aspx?Page=Detail&DCNumber=189321&TypeSearch=IR,03/31/2018,APALACHEE EAST UNIT,Accident,Closed (https://fdc.myflorida.com/pub/mortality/PDF/189321.pdf)
,,04/01/2018,R.M.C.- MAIN UNIT,Pending,OPEN-FDLE
"GARCIA, ARMANDO",https://fdc.myflorida.com/OffenderSearch/detail.aspx?Page=Detail&DCNumber=576408&TypeSearch=IR,04/01/2018,MAYO C.I. ANNEX,Natural,Closed
"MATTHEWS, KITTRELL",https://fdc.myflorida.com/OffenderSearch/detail.aspx?Page=Detail&DCNumber=303249&TypeSearch=IR,04/02/2018,R.M.C.- MAIN UNIT,Natural,Closed
"HAYS, BOBBY",https://fdc.myflorida.com/OffenderSearch/detail.aspx?Page=Detail&DCNumber=Q29098&TypeSearch=IR,04/04/2018,SANTA ROSA C.I.,Natural,Closed
"BRINSON, DENICE",https://fdc.myflorida.com/OffenderSearch/detail.aspx?Page=Detail&DCNumber=J30658&TypeSearch=IR,04/05/2018,LOWELL ANNEX,Natural,Closed
"OLEAR, REGGIE",https://fdc.myflorida.com/OffenderSearch/detail.aspx?Page=Detail&DCNumber=268618&TypeSearch=IR,04/06/2018,R.M.C.- MAIN UNIT,Natural,OPEN-INACTIVE
"MCARTHUR, MORRIS",https://fdc.myflorida.com/OffenderSearch/detail.aspx?Page=Detail&DCNumber=790094&TypeSearch=IR,04/07/2018,NWFRC ANNEX.,Accident,Closed
"UNDERWOOD, ANDREW",https://fdc.myflorida.com/OffenderSearch/detail.aspx?Page=Detail&DCNumber=N23443&TypeSearch=IR,04/07/2018,R.M.C.- MAIN UNIT,Natural,Closed
"MCINTYRE, MILTON",https://fdc.myflorida.com/OffenderSearch/detail.aspx?Page=Detail&DCNumber=805358&TypeSearch=IR,04/08/2018,R.M.C.- MAIN UNIT,Natural,Closed
"HARRIS, BRUCE",https://fdc.myflorida.com/OffenderSearch/detail.aspx?Page=Detail&DCNumber=284489&TypeSearch=IR,04/09/2018,R.M.C.- MAIN UNIT,Natural,Closed
"STANWAY, PETER",https://fdc.myflorida.com/OffenderSearch/detail.aspx?Page=Detail&DCNumber=K76304&TypeSearch=IR,04/09/2018,WAKULLA C.I.,Natural,Closed
"BANKS, EDDIE",https://fdc.myflorida.com/OffenderSearch/detail.aspx?Page=Detail&DCNumber=210551&TypeSearch=IR,04/11/2018,R.M.C.- WEST UNIT,Accident,Closed (https://fdc.myflorida.com/pub/mortality/PDF/210551.pdf)
"STOSSEL, CRAIG",https://fdc.myflorida.com/OffenderSearch/detail.aspx?Page=Detail&DCNumber=645674&TypeSearch=IR,04/11/2018,MOORE HAVEN C.F.,Natural,Closed
"THOMPSON, SPENCER",https://fdc.myflorida.com/OffenderSearch/detail.aspx?Page=Detail&DCNumber=C11521&TypeSearch=IR,04/14/2018,LANCASTER WC,CLOSED,OPEN
"PASSAGE, EDWARD",https://fdc.myflorida.com/OffenderSearch/detail.aspx?Page=Detail&DCNumber=U01986&TypeSearch=IR,04/14/2018,WAKULLA C.I.,Natural,Closed
"CUNNINGHAM, WILLIAM",https://fdc.myflorida.com/OffenderSearch/detail.aspx?Page=Detail&DCNumber=Y18211&TypeSearch=IR,04/14/2018,ZEPHYRHILLS C.I.,Natural,Closed
"SHIRLEY, THEODORE",https://fdc.myflorida.com/OffenderSearch/detail.aspx?Page=Detail&DCNumber=I44886&TypeSearch=IR,04/16/2018,MAYO C.I. ANNEX,Accident,Closed (https://fdc.myflorida.com/pub/mortality/PDF/I44886.pdf)
"REESE, JOHN",https://fdc.myflorida.com/OffenderSearch/detail.aspx?Page=Detail&DCNumber=K53248&TypeSearch=IR,04/17/2018,CFRC-MAIN,Suicide,Closed (https://fdc.myflorida.com/pub/mortality/PDF/K53248.pdf)
"OLIVEROS, SERGIO",https://fdc.myflorida.com/OffenderSearch/detail.aspx?Page=Detail&DCNumber=Y63040&TypeSearch=IR,04/18/2018,R.M.C.- MAIN UNIT,Natural,Closed
"ACCORDINO, CHARLES",https://fdc.myflorida.com/OffenderSearch/detail.aspx?Page=Detail&DCNumber=158318&TypeSearch=IR,04/18/2018,S.F.R.C.,Natural,Closed
"TRUBAC, DOUGLAS",https://fdc.myflorida.com/OffenderSearch/detail.aspx?Page=Detail&DCNumber=M35365&TypeSearch=IR,04/19/2018,S.F.R.C.,Accident,Closed
"FOLKER, GERALD",https://fdc.myflorida.com/OffenderSearch/detail.aspx?Page=Detail&DCNumber=C00808&TypeSearch=IR,04/20/2018,JACKSON C.I.,Accident,Closed (https://fdc.myflorida.com/pub/mortality/PDF/C00808.pdf)
"WATERS, EDWARD",https://fdc.myflorida.com/OffenderSearch/detail.aspx?Page=Detail&DCNumber=050081&TypeSearch=IR,04/20/2018,HOLMES C.I.,Accident,Closed (https://fdc.myflorida.com/pub/mortality/PDF/050081.pdf)
"HALL, GREGORY",https://fdc.myflorida.com/OffenderSearch/detail.aspx?Page=Detail&DCNumber=073684&TypeSearch=IR,04/22/2018,R.M.C.- MAIN UNIT,Natural,Closed
"JUSTICE, ERICH",https://fdc.myflorida.com/OffenderSearch/detail.aspx?Page=Detail&DCNumber=A51686&TypeSearch=IR,04/24/2018,HOLMES C.I.,Accident,Closed
"CASEY, NATHANIEL",https://fdc.myflorida.com/OffenderSearch/detail.aspx?Page=Detail&DCNumber=X44633&TypeSearch=IR,04/26/2018,R.M.C.- MAIN UNIT,Natural,Closed
"GILYARD, JOE",https://fdc.myflorida.com/OffenderSearch/detail.aspx?Page=Detail&DCNumber=312127&TypeSearch=IR,04/27/2018,DADE C.I.,Suicide,Closed (https://fdc.myflorida.com/pub/mortality/PDF/312127.pdf)
"BUTLER, MICHAEL",https://fdc.myflorida.com/OffenderSearch/detail.aspx?Page=Detail&DCNumber=341751&TypeSearch=IR,04/27/2018,MAYO C.I. ANNEX,Accident,Closed
"MARLATT, ROGER",https://fdc.myflorida.com/OffenderSearch/detail.aspx?Page=Detail&DCNumber=Y05759&TypeSearch=IR,04/29/2018,S.F.R.C SOUTH UNIT,Natural,Closed
"CLAYSON, ALAN",https://fdc.myflorida.com/OffenderSearch/detail.aspx?Page=Detail&DCNumber=U37917&TypeSearch=IR,04/29/2018,R.M.C.- MAIN UNIT,Natural,Closed
"LAMKIN, ROGER",https://fdc.myflorida.com/OffenderSearch/detail.aspx?Page=Detail&DCNumber=U04727&TypeSearch=IR,04/30/2018,MADISON C.I.,Accident,Closed
"TORRES, ALFRED",https://fdc.myflorida.com/OffenderSearch/detail.aspx?Page=Detail&DCNumber=T10617&TypeSearch=IR,04/30/2018,AVON PARK C.I.,Natural,Closed
"WITTENBERG, SHANE",https://fdc.myflorida.com/OffenderSearch/detail.aspx?Page=Detail&DCNumber=C04132&TypeSearch=IR,05/01/2018,GRACEVILLE C.F.,Suicide,Closed (https://fdc.myflorida.com/pub/mortality/PDF/C04132.pdf)
"COOPER, JAMES",https://fdc.myflorida.com/OffenderSearch/detail.aspx?Page=Detail&DCNumber=Q17477&TypeSearch=IR,05/02/2018,SUWANNEE C.I,Accident,Closed (https://fdc.myflorida.com/pub/mortality/PDF/Q17477.pdf)
"COOK, RONALD",https://fdc.myflorida.com/OffenderSearch/detail.aspx?Page=Detail&DCNumber=051016&TypeSearch=IR,05/02/2018,R.M.C.- MAIN UNIT,Natural,Closed
"CALVIN, THOMAS",https://fdc.myflorida.com/OffenderSearch/detail.aspx?Page=Detail&DCNumber=028785&TypeSearch=IR,05/03/2018,R.M.C.- MAIN UNIT,Natural,Closed
"CARDALI, PAUL",https://fdc.myflorida.com/OffenderSearch/detail.aspx?Page=Detail&DCNumber=456415&TypeSearch=IR,05/03/2018,R.M.C.- MAIN UNIT,Natural,Closed
"HINES, WILLIE",https://fdc.myflorida.com/OffenderSearch/detail.aspx?Page=Detail&DCNumber=042991&TypeSearch=IR,05/04/2018,DADE C.I.,Natural,Closed
"BRECKLE, STEVE",https://fdc.myflorida.com/OffenderSearch/detail.aspx?Page=Detail&DCNumber=100083&TypeSearch=IR,05/04/2018,R.M.C.- MAIN UNIT,Natural,Closed
"DORISMOND, ANDRE",https://fdc.myflorida.com/OffenderSearch/detail.aspx?Page=Detail&DCNumber=K84306&TypeSearch=IR,05/04/2018,DADE C.I.,Natural,Closed
"MORRIS, MICHAEL",https://fdc.myflorida.com/OffenderSearch/detail.aspx?Page=Detail&DCNumber=915085&TypeSearch=IR,05/07/2018,R.M.C.- MAIN UNIT,Accident,Closed (https://fdc.myflorida.com/pub/mortality/PDF/915085.pdf)
"GREGORY, ARDEN",https://fdc.myflorida.com/OffenderSearch/detail.aspx?Page=Detail&DCNumber=V18648&TypeSearch=IR,05/07/2018,BRIDGES OF ORLANDO,Accident,OPEN-FHP
"RIVERA, LUIS",https://fdc.myflorida.com/OffenderSearch/detail.aspx?Page=Detail&DCNumber=T59699&TypeSearch=IR,05/09/2018,R.M.C.- MAIN UNIT,Natural,Closed
"SHUMAN, JAMES",https://fdc.myflorida.com/OffenderSearch/detail.aspx?Page=Detail&DCNumber=U56044&TypeSearch=IR,05/09/2018,HOLMES C.I.,Accident,Closed
"HERNANDEZ, RAMON",https://fdc.myflorida.com/OffenderSearch/detail.aspx?Page=Detail&DCNumber=192702&TypeSearch=IR,05/09/2018,S.F.R.C.,Natural,Closed
"NOVAK, RONALD",https://fdc.myflorida.com/OffenderSearch/detail.aspx?Page=Detail&DCNumber=354250&TypeSearch=IR,05/10/2018,R.M.C.- MAIN UNIT,Accident,Closed
"GREEN, WILLIAM",https://fdc.myflorida.com/OffenderSearch/detail.aspx?Page=Detail&DCNumber=711119&TypeSearch=IR,05/10/2018,SANTA ROSA C.I.,Natural,Closed
"SMITH, NATHANIEL",https://fdc.myflorida.com/OffenderSearch/detail.aspx?Page=Detail&DCNumber=117320&TypeSearch=IR,05/15/2018,CFRC-SOUTH,Natural,Closed
"SALADRIGAS, PEDRO",https://fdc.myflorida.com/OffenderSearch/detail.aspx?Page=Detail&DCNumber=101780&TypeSearch=IR,05/16/2018,S.F.R.C.,Natural,Closed
"BROWN, JOE",https://fdc.myflorida.com/OffenderSearch/detail.aspx?Page=Detail&DCNumber=808163&TypeSearch=IR,05/16/2018,MADISON C.I.,Natural,Closed (https://fdc.myflorida.com/pub/mortality/PDF/808163.pdf)
"SHIRA, DARREN",https://fdc.myflorida.com/OffenderSearch/detail.aspx?Page=Detail&DCNumber=D38524&TypeSearch=IR,05/16/2018,COLUMBIA ANNEX,Homicide,Closed (https://fdc.myflorida.com/pub/mortality/PDF/D38524.pdf)
"ROCA, JOHN",https://fdc.myflorida.com/OffenderSearch/detail.aspx?Page=Detail&DCNumber=V45606&TypeSearch=IR,05/16/2018,SANTA ROSA C.I.,Natural,Closed
"DAVIS, PRINCE",https://fdc.myflorida.com/OffenderSearch/detail.aspx?Page=Detail&DCNumber=L06116&TypeSearch=IR,05/19/2018,DADE C.I.,Accident,Closed (https://fdc.myflorida.com/pub/mortality/PDF/L06116.pdf)
"SHEVLIN, FRANCIS",https://fdc.myflorida.com/OffenderSearch/detail.aspx?Page=Detail&DCNumber=169502&TypeSearch=IR,05/19/2018,S.F.R.C.,Natural,Closed
"STEELMAN, LEONARD",https://fdc.myflorida.com/OffenderSearch/detail.aspx?Page=Detail&DCNumber=363213&TypeSearch=IR,05/19/2018,SANTA ROSA ANNEX,Accident,Closed
"GILBERT, TONY",https://fdc.myflorida.com/OffenderSearch/detail.aspx?Page=Detail&DCNumber=540688&TypeSearch=IR,05/20/2018,R.M.C.- MAIN UNIT,Natural,Closed
"HARRIS, WALTER",https://fdc.myflorida.com/OffenderSearch/detail.aspx?Page=Detail&DCNumber=063628&TypeSearch=IR,05/20/2018,UNION C.I.,Natural,Closed
"ARACENA, LUIS",https://fdc.myflorida.com/OffenderSearch/detail.aspx?Page=Detail&DCNumber=B03643&TypeSearch=IR,05/20/2018,DADE C.I.,Natural,Closed
"SHAVERS, LAVONE",https://fdc.myflorida.com/OffenderSearch/detail.aspx?Page=Detail&DCNumber=A50916&TypeSearch=IR,05/21/2018,S.F.R.C.,Natural,Closed
"FELLS, JESSIE",https://fdc.myflorida.com/OffenderSearch/detail.aspx?Page=Detail&DCNumber=030027&TypeSearch=IR,05/21/2018,NWFRC MAIN UNIT.,Natural,Closed
"HOGAN, ROBERT",https://fdc.myflorida.com/OffenderSearch/detail.aspx?Page=Detail&DCNumber=X77236&TypeSearch=IR,05/21/2018,ORLANDO BRIDGE,Accident,Closed (https://fdc.myflorida.com/pub/mortality/PDF/X77236.pdf)
"THURWANGER, PAUL",https://fdc.myflorida.com/OffenderSearch/detail.aspx?Page=Detail&DCNumber=K86223&TypeSearch=IR,05/24/2018,NWFRC MAIN UNIT.,Suicide,Closed (https://fdc.myflorida.com/pub/mortality/PDF/K86223.pdf)
"KRAMER, LARRY",https://fdc.myflorida.com/OffenderSearch/detail.aspx?Page=Detail&DCNumber=109626&TypeSearch=IR,05/25/2018,R.M.C.- MAIN UNIT,Natural,Closed
"HAINES, LINDA",https://fdc.myflorida.com/OffenderSearch/detail.aspx?Page=Detail&DCNumber=227876&TypeSearch=IR,05/26/2018,R.M.C.- MAIN UNIT,Natural,Closed
"HICKS, BRADFORD",https://fdc.myflorida.com/OffenderSearch/detail.aspx?Page=Detail&DCNumber=966509&TypeSearch=IR,05/26/2018,CFRC-SOUTH,Natural,Closed
"JOHNSON, TERRELL",https://fdc.myflorida.com/OffenderSearch/detail.aspx?Page=Detail&DCNumber=010796&TypeSearch=IR,05/26/2018,CFRC-SOUTH,Natural,Closed
"HOWARD, VASCO",https://fdc.myflorida.com/OffenderSearch/detail.aspx?Page=Detail&DCNumber=720692&TypeSearch=IR,05/26/2018,SANTA ROSA C.I.,Accident,Closed
"WEATHERBY, JEFFREY",https://fdc.myflorida.com/OffenderSearch/detail.aspx?Page=Detail&DCNumber=R22785&TypeSearch=IR,05/27/2018,TAYLOR C.I.,Accident,Closed
"BRIGGS, ROBERT",https://fdc.myflorida.com/OffenderSearch/detail.aspx?Page=Detail&DCNumber=Y15156&TypeSearch=IR,05/28/2018,R.M.C.- MAIN UNIT,Natural,Closed
"JOHNSON, JAHZWAH",https://fdc.myflorida.com/OffenderSearch/detail.aspx?Page=Detail&DCNumber=Y01704&TypeSearch=IR,05/30/2018,JACKSON C.I.,Accident,Closed (https://fdc.myflorida.com/pub/mortality/PDF/Y01704.pdf)
"MEDINA, LUIS",https://fdc.myflorida.com/OffenderSearch/detail.aspx?Page=Detail&DCNumber=M13178&TypeSearch=IR,05/31/2018,R.M.C.- MAIN UNIT,Natural,Closed
"CLEMON, TIM",https://fdc.myflorida.com/OffenderSearch/detail.aspx?Page=Detail&DCNumber=049944&TypeSearch=IR,05/31/2018,R.M.C.- WEST UNIT,Natural,Closed
"MONTES DE OCA, NELSON",https://fdc.myflorida.com/OffenderSearch/detail.aspx?Page=Detail&DCNumber=448948&TypeSearch=IR,06/02/2018,EVERGLADES C.I.,Natural,Closed
"DICKESON, DAVID",https://fdc.myflorida.com/OffenderSearch/detail.aspx?Page=Detail&DCNumber=C09793&TypeSearch=IR,06/02/2018,R.M.C.- MAIN UNIT,Natural,Closed
"LELAND, COREY",https://fdc.myflorida.com/OffenderSearch/detail.aspx?Page=Detail&DCNumber=787237&TypeSearch=IR,06/03/2018,CENTURY C.I.,Accident,CLOSED
"SOLOMON, WILLIE",https://fdc.myflorida.com/OffenderSearch/detail.aspx?Page=Detail&DCNumber=026144&TypeSearch=IR,06/03/2018,R.M.C.- MAIN UNIT,Natural,Closed
"MILLER, JOHNNY",https://fdc.myflorida.com/OffenderSearch/detail.aspx?Page=Detail&DCNumber=094717&TypeSearch=IR,06/03/2018,CROSS CITY C.I.,Accident,Closed (https://fdc.myflorida.com/pub/mortality/PDF/094717.pdf)
"YOUNG, BRUCE",https://fdc.myflorida.com/OffenderSearch/detail.aspx?Page=Detail&DCNumber=567551&TypeSearch=IR,06/05/2018,MADISON C.I.,Natural,Closed
"WESTBROOK, JOHN",https://fdc.myflorida.com/OffenderSearch/detail.aspx?Page=Detail&DCNumber=N07754&TypeSearch=IR,06/06/2018,COLUMBIA C.I.,Accident,Closed
"ROSASSANCHEZ, YHAMPIERRE",https://fdc.myflorida.com/OffenderSearch/detail.aspx?Page=Detail&DCNumber=S40104&TypeSearch=IR,06/07/2018,TTH of Kissimmee,Accident,Closed
"STEPHENS, JESSE",https://fdc.myflorida.com/OffenderSearch/detail.aspx?Page=Detail&DCNumber=066457&TypeSearch=IR,06/07/2018,R.M.C.- MAIN UNIT,Natural,Closed
"DEVNEW, JOSHUA",https://fdc.myflorida.com/OffenderSearch/detail.aspx?Page=Detail&DCNumber=Y16065&TypeSearch=IR,06/07/2018,APALACHEE EAST UNIT,Suicide,Closed
"MCCLENDON, BERNARD",https://fdc.myflorida.com/OffenderSearch/detail.aspx?Page=Detail&DCNumber=032020&TypeSearch=IR,06/08/2018,S.F.R.C.,Natural,Closed
"JOHNSON, MARCUS",https://fdc.myflorida.com/OffenderSearch/detail.aspx?Page=Detail&DCNumber=335460&TypeSearch=IR,06/08/2018,R.M.C.- MAIN UNIT,Natural,Closed
"SMITH, JERELLE",https://fdc.myflorida.com/OffenderSearch/detail.aspx?Page=Detail&DCNumber=K86846&TypeSearch=IR,06/08/2018,HAMILTON Work Camp,Natural,Closed
"BARBER, HENRY",https://fdc.myflorida.com/OffenderSearch/detail.aspx?Page=Detail&DCNumber=987162&TypeSearch=IR,06/10/2018,R.M.C.- MAIN UNIT,Natural,Closed
"BUTLER, BILLY",https://fdc.myflorida.com/OffenderSearch/detail.aspx?Page=Detail&DCNumber=836668&TypeSearch=IR,06/10/2018,R.M.C.- MAIN UNIT,Natural,Closed
"WRIGHT, WILLIAM",https://fdc.myflorida.com/OffenderSearch/detail.aspx?Page=Detail&DCNumber=865668&TypeSearch=IR,06/12/2018,R.M.C.- MAIN UNIT,Natural,Closed
"ARNOLD, BERT",https://fdc.myflorida.com/OffenderSearch/detail.aspx?Page=Detail&DCNumber=T79232&TypeSearch=IR,06/12/2018,CFRC-SOUTH,Natural,Closed
"POPE, HARRY",https://fdc.myflorida.com/OffenderSearch/detail.aspx?Page=Detail&DCNumber=135686&TypeSearch=IR,06/14/2018,CROSS CITY C.I.,Natural,Closed
"WILLIS, TERRY",https://fdc.myflorida.com/OffenderSearch/detail.aspx?Page=Detail&DCNumber=087161&TypeSearch=IR,06/16/2018,SUWANNEE C.I. ANNEX,Natural,Closed
"CURRY, OMAR",https://fdc.myflorida.com/OffenderSearch/detail.aspx?Page=Detail&DCNumber=U43659&TypeSearch=IR,06/18/2018,LAKE C.I.,Natural,Closed
"DANIELS, LARRY",https://fdc.myflorida.com/OffenderSearch/detail.aspx?Page=Detail&DCNumber=850136&TypeSearch=IR,06/18/2018,R.M.C.- MAIN UNIT,Natural,Closed
"ALDERMAN, WAYNE",https://fdc.myflorida.com/OffenderSearch/detail.aspx?Page=Detail&DCNumber=971195&TypeSearch=IR,06/19/2018,R.M.C.- MAIN UNIT,Natural,Closed
"YOUNG, ALEX",https://fdc.myflorida.com/OffenderSearch/detail.aspx?Page=Detail&DCNumber=066575&TypeSearch=IR,06/19/2018,R.M.C.- MAIN UNIT,Natural,Closed
"ODOM, FREDDIE",https://fdc.myflorida.com/OffenderSearch/detail.aspx?Page=Detail&DCNumber=028835&TypeSearch=IR,06/22/2018,BLACKWATER C.F.,Natural,Closed
"RUSSELL, LYNN",https://fdc.myflorida.com/OffenderSearch/detail.aspx?Page=Detail&DCNumber=330119&TypeSearch=IR,06/22/2018,R.M.C.- MAIN UNIT,Natural,Closed
"MOORE, WESLEY",https://fdc.myflorida.com/OffenderSearch/detail.aspx?Page=Detail&DCNumber=P20444&TypeSearch=IR,06/23/2018,CENTURY C.I.,Homicide,Closed
"HAGANS, JIJUAN",https://fdc.myflorida.com/OffenderSearch/detail.aspx?Page=Detail&DCNumber=119731&TypeSearch=IR,06/24/2018,COLUMBIA C.I.,Natural,Closed
"VESTAL, CHARLES",https://fdc.myflorida.com/OffenderSearch/detail.aspx?Page=Detail&DCNumber=312931&TypeSearch=IR,06/24/2018,WAKULLA ANNEX,Suicide,Closed (https://fdc.myflorida.com/pub/mortality/PDF/312931.pdf)
"RUSSELL, WILLIE",https://fdc.myflorida.com/OffenderSearch/detail.aspx?Page=Detail&DCNumber=030388&TypeSearch=IR,06/24/2018,HOLMES C.I.,Natural,Closed
"WILSON, JAMES",https://fdc.myflorida.com/OffenderSearch/detail.aspx?Page=Detail&DCNumber=030687&TypeSearch=IR,06/24/2018,R.M.C.- MAIN UNIT,Natural,Closed
"SIMMONS, JEMAL",https://fdc.myflorida.com/OffenderSearch/detail.aspx?Page=Detail&DCNumber=101184&TypeSearch=IR,06/26/2018,S.F.R.C SOUTH UNIT,Accident,Closed (https://fdc.myflorida.com/pub/mortality/PDF/101184.pdf)
"SMITH, VINCENT",https://fdc.myflorida.com/OffenderSearch/detail.aspx?Page=Detail&DCNumber=115893&TypeSearch=IR,06/26/2018,R.M.C.- MAIN UNIT,Natural,Closed
"QUINONES, ANTHONY",https://fdc.myflorida.com/OffenderSearch/detail.aspx?Page=Detail&DCNumber=423368&TypeSearch=IR,06/26/2018,S.F.R.C.,Accident,Closed (https://fdc.myflorida.com/pub/mortality/PDF/423368.pdf)
"HIGGINS, CHESTLEY",https://fdc.myflorida.com/OffenderSearch/detail.aspx?Page=Detail&DCNumber=W05325&TypeSearch=IR,06/27/2018,S.F.R.C.,Natural,Closed
"KLINE, LACY",https://fdc.myflorida.com/OffenderSearch/detail.aspx?Page=Detail&DCNumber=R37490&TypeSearch=IR,06/28/2018,CFRC-MAIN,Natural,Closed
"MONTOGOMERY, BARRY",https://fdc.myflorida.com/OffenderSearch/detail.aspx?Page=Detail&DCNumber=747388&TypeSearch=IR,06/28/2018,R.M.C.- MAIN UNIT,Accident,Closed (https://fdc.myflorida.com/pub/mortality/PDF/747388.pdf)
"MORGAN, IVAN",https://fdc.myflorida.com/OffenderSearch/detail.aspx?Page=Detail&DCNumber=C11617&TypeSearch=IR,06/30/2018,S.F.R.C.,Natural,Closed