﻿Title,Column 1,Column 2,Column 3,Column 4,Column 5
Name,DC Number,Date of Death,Institution Name,Manner of DeathDetermined by ME,Investigative Status
"NORMAN, ROBERT",https://fdc.myflorida.com/OffenderSearch/detail.aspx?Page=Detail&DCNumber=113025&TypeSearch=IR,07/03/2021,MOORE HAVEN C.F.,Natural,Closed
"SUMMERALL, ARCHIE",https://fdc.myflorida.com/OffenderSearch/detail.aspx?Page=Detail&DCNumber=192604&TypeSearch=IR,07/04/2021,WAKULLA ANNEX,Natural,Closed
"MURRAY, JOSEPH",https://fdc.myflorida.com/OffenderSearch/detail.aspx?Page=Detail&DCNumber=395369&TypeSearch=IR,07/04/2021,R.M.C.- MAIN UNIT,Natural,Closed
"WAKEFIELD, ELVIA",https://fdc.myflorida.com/OffenderSearch/detail.aspx?Page=Detail&DCNumber=U07051&TypeSearch=IR,07/04/2021,LOWELL ANNEX,Natural,Closed
"ALBERT, MICHAEL",https://fdc.myflorida.com/OffenderSearch/detail.aspx?Page=Detail&DCNumber=975607&TypeSearch=IR,07/05/2021,NWFRC MAIN UNIT.,Natural,CLOSED
"CRITTENDON, GORDON",https://fdc.myflorida.com/OffenderSearch/detail.aspx?Page=Detail&DCNumber=B02587&TypeSearch=IR,07/06/2021,WALTON C.I.,Natural,Closed
"RUSSELL, MARION",https://fdc.myflorida.com/OffenderSearch/detail.aspx?Page=Detail&DCNumber=046640&TypeSearch=IR,07/06/2021,BLACKWATER C.F.,Natural,Closed
"BELCHER, DENMAR",https://fdc.myflorida.com/OffenderSearch/detail.aspx?Page=Detail&DCNumber=X76532&TypeSearch=IR,07/07/2021,MARION C.I.,Natural,Closed
"MCCLAIN, ALAN",https://fdc.myflorida.com/OffenderSearch/detail.aspx?Page=Detail&DCNumber=808469&TypeSearch=IR,07/07/2021,MARTIN C.I.,Natural,Closed
"KNOWLES, RICKY",https://fdc.myflorida.com/OffenderSearch/detail.aspx?Page=Detail&DCNumber=016452&TypeSearch=IR,07/08/2021,DADE C.I.,Natural,Closed
"CABRERA, VICTOR",https://fdc.myflorida.com/OffenderSearch/detail.aspx?Page=Detail&DCNumber=C11801&TypeSearch=IR,07/09/2021,CFRC-SOUTH,Natural,Closed
"GRIFFIN, SAM",https://fdc.myflorida.com/OffenderSearch/detail.aspx?Page=Detail&DCNumber=Q12583&TypeSearch=IR,07/10/2021,BLACKWATER C.F.,Natural,Closed
"PHILLIPS, WILLIAM",https://fdc.myflorida.com/OffenderSearch/detail.aspx?Page=Detail&DCNumber=558024&TypeSearch=IR,07/10/2021,OKEECHOBEE C.I.,Accident,Closed
"ANDERSON, DUANE",https://fdc.myflorida.com/OffenderSearch/detail.aspx?Page=Detail&DCNumber=268945&TypeSearch=IR,07/11/2021,R.M.C.- MAIN UNIT,Natural,Closed
,,07/11/2021,W.PALM BEACH C.R.C.,Pending,Closed
"BRAMWELL, CHAPLIN",https://fdc.myflorida.com/OffenderSearch/detail.aspx?Page=Detail&DCNumber=429369&TypeSearch=IR,07/11/2021,CHARLOTTE C.I.,Natural,Closed
"JENKINS, LIONELL",https://fdc.myflorida.com/OffenderSearch/detail.aspx?Page=Detail&DCNumber=716439&TypeSearch=IR,07/12/2021,GRACEVILLE C.F.,Accident,Closed
"STRICKLAND, CLIFFORD",https://fdc.myflorida.com/OffenderSearch/detail.aspx?Page=Detail&DCNumber=024977&TypeSearch=IR,07/13/2021,R.M.C.- MAIN UNIT,Natural,Closed
"PERRY, JOHN",https://fdc.myflorida.com/OffenderSearch/detail.aspx?Page=Detail&DCNumber=298367&TypeSearch=IR,07/13/2021,R.M.C.- MAIN UNIT,Natural,Closed
"MITCHELL, WILLIE",https://fdc.myflorida.com/OffenderSearch/detail.aspx?Page=Detail&DCNumber=514653&TypeSearch=IR,07/13/2021,CFRC-MAIN,Natural,Closed
"DUNFEE, SAMUEL",https://fdc.myflorida.com/OffenderSearch/detail.aspx?Page=Detail&DCNumber=075517&TypeSearch=IR,07/13/2021,DADE C.I.,Natural,Closed
"KEITH, RAY",https://fdc.myflorida.com/OffenderSearch/detail.aspx?Page=Detail&DCNumber=D90607&TypeSearch=IR,07/14/2021,SANTA ROSA C.I.,Natural,Closed
"RIVERS, CHARLIE",https://fdc.myflorida.com/OffenderSearch/detail.aspx?Page=Detail&DCNumber=804735&TypeSearch=IR,07/14/2021,R.M.C.- MAIN UNIT,Natural,Closed
,,07/15/2021,CALHOUN C.I.,Homicide,Closed
"EDWARDS, ROBERT",https://fdc.myflorida.com/OffenderSearch/detail.aspx?Page=Detail&DCNumber=092864&TypeSearch=IR,07/17/2021,MADISON C.I.,Natural,Closed
"SINGLETON, JESSIE",https://fdc.myflorida.com/OffenderSearch/detail.aspx?Page=Detail&DCNumber=041834&TypeSearch=IR,07/18/2021,S.F.R.C.,Natural,Closed
"HORNSBY, ANTONIO",https://fdc.myflorida.com/OffenderSearch/detail.aspx?Page=Detail&DCNumber=063604&TypeSearch=IR,07/19/2021,SUMTER  C.I.,Natural,Closed
"FOSTER, LEROY",https://fdc.myflorida.com/OffenderSearch/detail.aspx?Page=Detail&DCNumber=022256&TypeSearch=IR,07/20/2021,R.M.C.- MAIN UNIT,Natural,Closed
"SHREVE, PRESTON",https://fdc.myflorida.com/OffenderSearch/detail.aspx?Page=Detail&DCNumber=H30860&TypeSearch=IR,07/22/2021,JACKSON C.I.,Natural,Closed
"GORDON, MALEK",https://fdc.myflorida.com/OffenderSearch/detail.aspx?Page=Detail&DCNumber=P54386&TypeSearch=IR,07/23/2021,SANTA ROSA ANNEX,Suicide,Closed
"ROGERS, DONALD",https://fdc.myflorida.com/OffenderSearch/detail.aspx?Page=Detail&DCNumber=061519&TypeSearch=IR,07/24/2021,CROSS CITY C.I.,Natural,Closed
"SHELTON, VAUGHN",https://fdc.myflorida.com/OffenderSearch/detail.aspx?Page=Detail&DCNumber=157343&TypeSearch=IR,07/25/2021,SUWANNEE C.I. ANNEX,Natural,Closed
"MCDONALD, STEVEN",https://fdc.myflorida.com/OffenderSearch/detail.aspx?Page=Detail&DCNumber=195949&TypeSearch=IR,07/26/2021,WAKULLA ANNEX,Accident,OPEN
"NEVINS, HOMER",https://fdc.myflorida.com/OffenderSearch/detail.aspx?Page=Detail&DCNumber=X06474&TypeSearch=IR,07/26/2021,R.M.C.- MAIN UNIT,Natural,Closed
"SMITH, JOSEPH",https://fdc.myflorida.com/OffenderSearch/detail.aspx?Page=Detail&DCNumber=899500&TypeSearch=IR,07/26/2021,UNION C.I.,Natural,Closed
,,07/29/2021,TOMOKA C.I.,Pending,Closed
"WESLEY, EDWIN",https://fdc.myflorida.com/OffenderSearch/detail.aspx?Page=Detail&DCNumber=W53443&TypeSearch=IR,07/31/2021,R.M.C.- MAIN UNIT,Natural,Closed
"BELL, JAMES",https://fdc.myflorida.com/OffenderSearch/detail.aspx?Page=Detail&DCNumber=795172&TypeSearch=IR,08/01/2021,SUWANNEE C.I. ANNEX,Natural,OPEN
,,08/04/2021,CENTURY C.I.,Pending,Closed
"BLAKELY, FREDDY",https://fdc.myflorida.com/OffenderSearch/detail.aspx?Page=Detail&DCNumber=633614&TypeSearch=IR,08/04/2021,R.M.C.- MAIN UNIT,Natural,Closed
"SANCHEZ-LINARES, CIRILO",https://fdc.myflorida.com/OffenderSearch/detail.aspx?Page=Detail&DCNumber=H44461&TypeSearch=IR,08/04/2021,R.M.C.- MAIN UNIT,Natural,Closed
"KINDER, LARRY",https://fdc.myflorida.com/OffenderSearch/detail.aspx?Page=Detail&DCNumber=055673&TypeSearch=IR,08/04/2021,S.F.R.C.,Natural,OPEN
"LYNCH, RICHARD",https://fdc.myflorida.com/OffenderSearch/detail.aspx?Page=Detail&DCNumber=E08942&TypeSearch=IR,08/05/2021,UNION C.I.,Natural,Closed
"LANE, KEITH",https://fdc.myflorida.com/OffenderSearch/detail.aspx?Page=Detail&DCNumber=R59711&TypeSearch=IR,08/05/2021,SUWANNEE C.I. ANNEX,Natural,Closed
"COCUZZA, STEVEN",https://fdc.myflorida.com/OffenderSearch/detail.aspx?Page=Detail&DCNumber=787439&TypeSearch=IR,08/06/2021,CENTURY C.I.,Natural,Closed
"JAMES, DOUGLAS",https://fdc.myflorida.com/OffenderSearch/detail.aspx?Page=Detail&DCNumber=052983&TypeSearch=IR,08/06/2021,GRACEVILLE C.F.,Natural,Closed
"GREEN, MICHAEL",https://fdc.myflorida.com/OffenderSearch/detail.aspx?Page=Detail&DCNumber=101922&TypeSearch=IR,08/06/2021,OKEECHOBEE C.I.,Natural,Closed
"GONZALEZ, CANDIDO",https://fdc.myflorida.com/OffenderSearch/detail.aspx?Page=Detail&DCNumber=M53300&TypeSearch=IR,08/08/2021,DADE C.I.,Natural,CLOSED
"HERRINGTON, DOLPH",https://fdc.myflorida.com/OffenderSearch/detail.aspx?Page=Detail&DCNumber=P04176&TypeSearch=IR,08/09/2021,S.F.R.C.,Natural,Closed
"CRAMER, MARK",https://fdc.myflorida.com/OffenderSearch/detail.aspx?Page=Detail&DCNumber=757711&TypeSearch=IR,08/09/2021,ZEPHYRHILLS C.I.,Natural,Closed
"SMITH, GEORGE",https://fdc.myflorida.com/OffenderSearch/detail.aspx?Page=Detail&DCNumber=064323&TypeSearch=IR,08/10/2021,R.M.C.- MAIN UNIT,Natural,Closed
"MIGLIORE, JAMES",https://fdc.myflorida.com/OffenderSearch/detail.aspx?Page=Detail&DCNumber=879897&TypeSearch=IR,08/10/2021,TAYLOR C.I.,Natural,Closed
"APONTESERRANO, MIGUEL",https://fdc.myflorida.com/OffenderSearch/detail.aspx?Page=Detail&DCNumber=391192&TypeSearch=IR,08/11/2021,COLUMBIA CI,Natural,Closed
"PATTISON, MICHAEL",https://fdc.myflorida.com/OffenderSearch/detail.aspx?Page=Detail&DCNumber=653319&TypeSearch=IR,08/12/2021,OKEECHOBEE C.I.,Natural,Closed
"MITCHELL, MELVIN",https://fdc.myflorida.com/OffenderSearch/detail.aspx?Page=Detail&DCNumber=082224&TypeSearch=IR,08/14/2021,FRANKLIN C.I.,Natural,Closed
"DADABO, ANTHONY",https://fdc.myflorida.com/OffenderSearch/detail.aspx?Page=Detail&DCNumber=C04043&TypeSearch=IR,08/14/2021,GRACEVILLE C.F.,Natural,Closed
"EDENS, BENNY",https://fdc.myflorida.com/OffenderSearch/detail.aspx?Page=Detail&DCNumber=X16369&TypeSearch=IR,08/15/2021,JEFFERSON C.I.,Natural,Closed
"PATRICK, KEVIN",https://fdc.myflorida.com/OffenderSearch/detail.aspx?Page=Detail&DCNumber=186646&TypeSearch=IR,08/15/2021,COLUMBIA ANNEX,Natural,Closed
"VALMOND, YVES",https://fdc.myflorida.com/OffenderSearch/detail.aspx?Page=Detail&DCNumber=M04553&TypeSearch=IR,08/15/2021,S.F.R.C.,Natural,Closed
"WISE, PERCELL",https://fdc.myflorida.com/OffenderSearch/detail.aspx?Page=Detail&DCNumber=246839&TypeSearch=IR,08/15/2021,DADE C.I.,Natural,OPEN-MDPD
"GRAHAM, JOHN",https://fdc.myflorida.com/OffenderSearch/detail.aspx?Page=Detail&DCNumber=507314&TypeSearch=IR,08/16/2021,TAYLOR C.I.,Natural,Closed
,,08/16/2021,MARTIN C.I.,Pending,OPEN-FDLE
"COSTA, JAMES",https://fdc.myflorida.com/OffenderSearch/detail.aspx?Page=Detail&DCNumber=R19813&TypeSearch=IR,08/17/2021,LIBERTY C.I.,Suicide,Closed
"BELL, JAMES",https://fdc.myflorida.com/OffenderSearch/detail.aspx?Page=Detail&DCNumber=751249&TypeSearch=IR,08/17/2021,GRACEVILLE C.F.,Natural,Closed
"BECKHAM, SAMPSON",https://fdc.myflorida.com/OffenderSearch/detail.aspx?Page=Detail&DCNumber=001988&TypeSearch=IR,08/17/2021,UNION C.I.,Natural,Closed
,,08/17/2021,SUWANNEE C.I. ANNEX,Pending,Closed
"CRIMINS, JOHN",https://fdc.myflorida.com/OffenderSearch/detail.aspx?Page=Detail&DCNumber=133921&TypeSearch=IR,08/17/2021,LAKE C.I.,Suicide,Closed
"BRUNSON, HENRY",https://fdc.myflorida.com/OffenderSearch/detail.aspx?Page=Detail&DCNumber=168593&TypeSearch=IR,08/18/2021,DADE C.I.,Natural,Closed
"GRIFFIN, JOSEPH",https://fdc.myflorida.com/OffenderSearch/detail.aspx?Page=Detail&DCNumber=632433&TypeSearch=IR,08/20/2021,UNION C.I.,Natural,Closed
"SIMPSON, DOUGLAS",https://fdc.myflorida.com/OffenderSearch/detail.aspx?Page=Detail&DCNumber=056352&TypeSearch=IR,08/22/2021,HAMILTON ANNEX,Natural,Closed
"WHITTY, KEVIN",https://fdc.myflorida.com/OffenderSearch/detail.aspx?Page=Detail&DCNumber=U39550&TypeSearch=IR,08/23/2021,R.M.C.- MAIN UNIT,Natural,Closed
"VANDENBURGH, CHARLES",https://fdc.myflorida.com/OffenderSearch/detail.aspx?Page=Detail&DCNumber=112691&TypeSearch=IR,08/23/2021,S.F.R.C.,Natural,Closed
"SANCHES, ISITRO",https://fdc.myflorida.com/OffenderSearch/detail.aspx?Page=Detail&DCNumber=Q15301&TypeSearch=IR,08/24/2021,R.M.C.- MAIN UNIT,Natural,Closed
"ORAMAS, JESUS",https://fdc.myflorida.com/OffenderSearch/detail.aspx?Page=Detail&DCNumber=114492&TypeSearch=IR,08/24/2021,S.F.R.C.,Natural,Closed
"GIBSON, WILLIAM",https://fdc.myflorida.com/OffenderSearch/detail.aspx?Page=Detail&DCNumber=K76168&TypeSearch=IR,08/25/2021,MOORE HAVEN C.F.,Natural,Closed
"WILLIAMS, LISA",https://fdc.myflorida.com/OffenderSearch/detail.aspx?Page=Detail&DCNumber=152610&TypeSearch=IR,08/26/2021,LOWELL ANNEX,Natural,Closed
"ANDUJAR, JOSE",https://fdc.myflorida.com/OffenderSearch/detail.aspx?Page=Detail&DCNumber=056629&TypeSearch=IR,08/27/2021,UNION C.I.,Natural,Closed
"VANDERSNICK, CHARLES",https://fdc.myflorida.com/OffenderSearch/detail.aspx?Page=Detail&DCNumber=D40335&TypeSearch=IR,08/27/2021,TAYLOR C.I.,Natural,Closed
"WILLIAMS, MICHAEL",https://fdc.myflorida.com/OffenderSearch/detail.aspx?Page=Detail&DCNumber=C12027&TypeSearch=IR,08/27/2021,SUWANNEE C.I. ANNEX,Natural,Closed
"ROYCE, DONALD",https://fdc.myflorida.com/OffenderSearch/detail.aspx?Page=Detail&DCNumber=Y62923&TypeSearch=IR,08/28/2021,COLUMBIA C.I.,Natural,Closed
"DAWSON, RICKY",https://fdc.myflorida.com/OffenderSearch/detail.aspx?Page=Detail&DCNumber=881797&TypeSearch=IR,08/29/2021,COLUMBIA C.I.,Natural,Closed
"SHANKS, PAUL",https://fdc.myflorida.com/OffenderSearch/detail.aspx?Page=Detail&DCNumber=065949&TypeSearch=IR,08/30/2021,R.M.C.- MAIN UNIT,Natural,Closed
"GARCIA, ROBERT",https://fdc.myflorida.com/OffenderSearch/detail.aspx?Page=Detail&DCNumber=G21878&TypeSearch=IR,08/30/2021,ZEPHYRHILLS C.I.,Natural,Closed
"STRAYHORN, GEORGE",https://fdc.myflorida.com/OffenderSearch/detail.aspx?Page=Detail&DCNumber=118523&TypeSearch=IR,08/31/2021,POLK C.I.,Natural,Closed
"COOK, STEVEN",https://fdc.myflorida.com/OffenderSearch/detail.aspx?Page=Detail&DCNumber=130448&TypeSearch=IR,09/02/2021,APALACHEE WEST UNIT,Natural,Closed
"RODRIGUEZ, MANUEL",https://fdc.myflorida.com/OffenderSearch/detail.aspx?Page=Detail&DCNumber=T28231&TypeSearch=IR,09/02/2021,GRACEVILLE C.F.,Natural,Closed
"MACK, DONALD",https://fdc.myflorida.com/OffenderSearch/detail.aspx?Page=Detail&DCNumber=808187&TypeSearch=IR,09/03/2021,MOORE HAVEN C.F.,Natural,Closed
"WILLIAMS, CLARENCE",https://fdc.myflorida.com/OffenderSearch/detail.aspx?Page=Detail&DCNumber=056139&TypeSearch=IR,09/04/2021,SOUTH BAY C.F.,Natural,Closed
"MORALES, CARLOS",https://fdc.myflorida.com/OffenderSearch/detail.aspx?Page=Detail&DCNumber=B00264&TypeSearch=IR,09/05/2021,HAMILTON ANNEX,Accident,Closed
"ABERCROMBIE, DERYL",https://fdc.myflorida.com/OffenderSearch/detail.aspx?Page=Detail&DCNumber=044321&TypeSearch=IR,09/05/2021,MARTIN C.I.,Natural,Closed
"DAVIS, SHELBY",https://fdc.myflorida.com/OffenderSearch/detail.aspx?Page=Detail&DCNumber=128386&TypeSearch=IR,09/06/2021,BAY C.F.,Accident,Closed
"MILSON, SAMUEL",https://fdc.myflorida.com/OffenderSearch/detail.aspx?Page=Detail&DCNumber=430778&TypeSearch=IR,09/06/2021,SOUTH BAY C.F.,Natural,Closed
"MONDEJAR-RODRIGUEZ, ANDRES",https://fdc.myflorida.com/OffenderSearch/detail.aspx?Page=Detail&DCNumber=B51092&TypeSearch=IR,09/07/2021,UNION C.I.,Suicide,Closed
"EVERETTE, GREGORY",https://fdc.myflorida.com/OffenderSearch/detail.aspx?Page=Detail&DCNumber=484325&TypeSearch=IR,09/07/2021,AVON PARK C.I.,Natural,Closed
"BRUTON, JOSEPH",https://fdc.myflorida.com/OffenderSearch/detail.aspx?Page=Detail&DCNumber=048804&TypeSearch=IR,09/08/2021,R.M.C.- MAIN UNIT,Natural,Closed
"PARRISH, RANDALL",https://fdc.myflorida.com/OffenderSearch/detail.aspx?Page=Detail&DCNumber=499682&TypeSearch=IR,09/08/2021,ZEPHYRHILLS C.I.,Natural,Closed
"THITCHENER, CONRAD",https://fdc.myflorida.com/OffenderSearch/detail.aspx?Page=Detail&DCNumber=K62422&TypeSearch=IR,09/09/2021,SOUTH BAY C.F.,Natural,Closed
"MARTIN, DAVID",https://fdc.myflorida.com/OffenderSearch/detail.aspx?Page=Detail&DCNumber=366771&TypeSearch=IR,09/10/2021,ZEPHYRHILLS C.I.,Natural,Closed
"GUDGER, QUINN",https://fdc.myflorida.com/OffenderSearch/detail.aspx?Page=Detail&DCNumber=079173&TypeSearch=IR,09/11/2021,SUWANNEE C.I,Accident,Closed
"PAGE, HENRY",https://fdc.myflorida.com/OffenderSearch/detail.aspx?Page=Detail&DCNumber=062811&TypeSearch=IR,09/11/2021,LAKE C.I.,Natural,Closed
"BUTLER, RODGER",https://fdc.myflorida.com/OffenderSearch/detail.aspx?Page=Detail&DCNumber=I12252&TypeSearch=IR,09/12/2021,CFRC-SOUTH,Natural,Closed
"MOREJON, EDUARDO",https://fdc.myflorida.com/OffenderSearch/detail.aspx?Page=Detail&DCNumber=415734&TypeSearch=IR,09/13/2021,FRANKLIN C.I.,Natural,Closed
"ALKHOURY, MOURHAF",https://fdc.myflorida.com/OffenderSearch/detail.aspx?Page=Detail&DCNumber=148426&TypeSearch=IR,09/13/2021,LAKE C.I.,Natural,Closed
"WELLS, KENNETH",https://fdc.myflorida.com/OffenderSearch/detail.aspx?Page=Detail&DCNumber=054811&TypeSearch=IR,09/15/2021,SUMTER  C.I.,Suicide,Closed
,,09/16/2021,CENTURY C.I.,Pending,Closed
"CRAWFORD, DAVID",https://fdc.myflorida.com/OffenderSearch/detail.aspx?Page=Detail&DCNumber=028107&TypeSearch=IR,09/16/2021,R.M.C.- MAIN UNIT,Natural,Closed
"ROBINSON, CHESTER",https://fdc.myflorida.com/OffenderSearch/detail.aspx?Page=Detail&DCNumber=140565&TypeSearch=IR,09/16/2021,R.M.C.- MAIN UNIT,Natural,Closed
"LEGUN, JORGE",https://fdc.myflorida.com/OffenderSearch/detail.aspx?Page=Detail&DCNumber=M29193&TypeSearch=IR,09/16/2021,R.M.C.- MAIN UNIT,Natural,OPEN
"MURPHY, TRISTIN",https://fdc.myflorida.com/OffenderSearch/detail.aspx?Page=Detail&DCNumber=Y27252&TypeSearch=IR,09/16/2021,S.F.R.C SOUTH UNIT,Suicide,OPEN
"WILLIAMS, LOUIS",https://fdc.myflorida.com/OffenderSearch/detail.aspx?Page=Detail&DCNumber=819072&TypeSearch=IR,09/17/2021,R.M.C.- MAIN UNIT,Natural,Closed
"GRAYSON, GEORGE",https://fdc.myflorida.com/OffenderSearch/detail.aspx?Page=Detail&DCNumber=026313&TypeSearch=IR,09/18/2021,R.M.C.- MAIN UNIT,Natural,Closed
"DAVIS, ANTWOINE",https://fdc.myflorida.com/OffenderSearch/detail.aspx?Page=Detail&DCNumber=145129&TypeSearch=IR,09/20/2021,BAY C.F.,Natural,Closed
"BARAJAS, JOSE",https://fdc.myflorida.com/OffenderSearch/detail.aspx?Page=Detail&DCNumber=U08464&TypeSearch=IR,09/20/2021,BLACKWATER C.F.,Natural,Closed
"WRIGHT, TRACY",https://fdc.myflorida.com/OffenderSearch/detail.aspx?Page=Detail&DCNumber=361209&TypeSearch=IR,09/20/2021,R.M.C.- MAIN UNIT,Natural,Closed
"SMITH, CARLTON",https://fdc.myflorida.com/OffenderSearch/detail.aspx?Page=Detail&DCNumber=750354&TypeSearch=IR,09/20/2021,R.M.C.- MAIN UNIT,Natural,Closed
"ENRIQUEZ, AARON",https://fdc.myflorida.com/OffenderSearch/detail.aspx?Page=Detail&DCNumber=X70023&TypeSearch=IR,09/21/2021,R.M.C.- MAIN UNIT,Natural,Closed
"MYERS, ERIC",https://fdc.myflorida.com/OffenderSearch/detail.aspx?Page=Detail&DCNumber=P18686&TypeSearch=IR,09/22/2021,BLACKWATER C.F.,Natural,Closed
"COOPER, CHARLES",https://fdc.myflorida.com/OffenderSearch/detail.aspx?Page=Detail&DCNumber=Y34891&TypeSearch=IR,09/22/2021,R.M.C.- MAIN UNIT,Natural,Closed
"RIVERA, ANGEL",https://fdc.myflorida.com/OffenderSearch/detail.aspx?Page=Detail&DCNumber=945983&TypeSearch=IR,09/22/2021,CFRC-MAIN,Natural,Closed
"WENGENDER, DAVID",https://fdc.myflorida.com/OffenderSearch/detail.aspx?Page=Detail&DCNumber=W43029&TypeSearch=IR,09/23/2021,WAKULLA C.I.,Natural,Closed
"HARRIS, ANTHONY",https://fdc.myflorida.com/OffenderSearch/detail.aspx?Page=Detail&DCNumber=N00983&TypeSearch=IR,09/25/2021,SANTA ROSA C.I.,Natural,Closed
,,09/25/2021,SANTA ROSA ANNEX,Pending,OPEN
"PARKER, VICTOR",https://fdc.myflorida.com/OffenderSearch/detail.aspx?Page=Detail&DCNumber=110847&TypeSearch=IR,09/25/2021,R.M.C.- MAIN UNIT,Natural,Closed
"GOLDWIRE, LEVON",https://fdc.myflorida.com/OffenderSearch/detail.aspx?Page=Detail&DCNumber=112584&TypeSearch=IR,09/25/2021,R.M.C.- MAIN UNIT,Natural,Closed
"SMITH, STEPHEN",https://fdc.myflorida.com/OffenderSearch/detail.aspx?Page=Detail&DCNumber=189262&TypeSearch=IR,09/25/2021,UNION C.I.,Natural,Closed
"VALDEZ, ARCADIO",https://fdc.myflorida.com/OffenderSearch/detail.aspx?Page=Detail&DCNumber=092267&TypeSearch=IR,09/25/2021,SUWANNEE C.I. ANNEX,Natural,Closed
"POTTER, TAYLOR",https://fdc.myflorida.com/OffenderSearch/detail.aspx?Page=Detail&DCNumber=G90839&TypeSearch=IR,09/26/2021,NWFRC ANNEX.,Natural,Closed
"WILLIAMS, JOSEPH",https://fdc.myflorida.com/OffenderSearch/detail.aspx?Page=Detail&DCNumber=115924&TypeSearch=IR,09/26/2021,DADE C.I.,Natural,Closed
"CONSTANTINO, ANTHONY",https://fdc.myflorida.com/OffenderSearch/detail.aspx?Page=Detail&DCNumber=A01097&TypeSearch=IR,09/27/2021,BLACKWATER C.F.,Natural,Closed
"AQUILERA, ALBERT",https://fdc.myflorida.com/OffenderSearch/detail.aspx?Page=Detail&DCNumber=864205&TypeSearch=IR,09/27/2021,ZEPHYRHILLS C.I.,Natural,Closed
"GREEN, TERRANCE",https://fdc.myflorida.com/OffenderSearch/detail.aspx?Page=Detail&DCNumber=194280&TypeSearch=IR,09/29/2021,SOUTH BAY C.F.,Natural,Closed
"CASTRO, ALCIDES",https://fdc.myflorida.com/OffenderSearch/detail.aspx?Page=Detail&DCNumber=094192&TypeSearch=IR,09/29/2021,DADE C.I.,Natural,OPEN-MDPD
"MARTINEZ-GAMA, MIGUEL",https://fdc.myflorida.com/OffenderSearch/detail.aspx?Page=Detail&DCNumber=C03187&TypeSearch=IR,09/30/2021,LAKE C.I.,Suicide,Closed
"HOGAN, SAMMY",https://fdc.myflorida.com/OffenderSearch/detail.aspx?Page=Detail&DCNumber=E14539&TypeSearch=IR,10/03/2021,R.M.C.- MAIN UNIT,Natural,Closed
"WHITE, MARCUS",https://fdc.myflorida.com/OffenderSearch/detail.aspx?Page=Detail&DCNumber=N02450&TypeSearch=IR,10/04/2021,NWFRC ANNEX.,Natural,Closed
"WATTS, DONNIE",https://fdc.myflorida.com/OffenderSearch/detail.aspx?Page=Detail&DCNumber=139096&TypeSearch=IR,10/05/2021,ZEPHYRHILLS C.I.,Natural,Closed
,,10/06/2021,SANTA ROSA C.I.,Homicide,Closed
"MILLS, ARLINGTON",https://fdc.myflorida.com/OffenderSearch/detail.aspx?Page=Detail&DCNumber=948068&TypeSearch=IR,10/07/2021,LIBERTY C.I.,Natural,Closed
"CORTINA, JEFFREY",https://fdc.myflorida.com/OffenderSearch/detail.aspx?Page=Detail&DCNumber=757188&TypeSearch=IR,10/07/2021,ZEPHYRHILLS C.I.,Natural,Closed
"VALDRICHE, JUAN",https://fdc.myflorida.com/OffenderSearch/detail.aspx?Page=Detail&DCNumber=M14241&TypeSearch=IR,10/07/2021,ZEPHYRHILLS C.I.,Natural,Closed
"HARRIS, ROBERT",https://fdc.myflorida.com/OffenderSearch/detail.aspx?Page=Detail&DCNumber=134498&TypeSearch=IR,10/08/2021,R.M.C.- MAIN UNIT,Natural,Closed
"PARKER, ROBERT",https://fdc.myflorida.com/OffenderSearch/detail.aspx?Page=Detail&DCNumber=032126&TypeSearch=IR,10/08/2021,S.F.R.C.,Natural,Closed
"DANIELS, DANNY",https://fdc.myflorida.com/OffenderSearch/detail.aspx?Page=Detail&DCNumber=277730&TypeSearch=IR,10/09/2021,HAMILTON ANNEX,Natural,Closed
"MUGFORD, PHILLIP",https://fdc.myflorida.com/OffenderSearch/detail.aspx?Page=Detail&DCNumber=D55921&TypeSearch=IR,10/10/2021,CHARLOTTE C.I.,Suicide,OPEN-FDLE
"LAFLEUR, JOECEPHUS",https://fdc.myflorida.com/OffenderSearch/detail.aspx?Page=Detail&DCNumber=K63466&TypeSearch=IR,10/11/2021,LIBERTY C.I.,Accident,Closed
,,10/12/2021,OKEECHOBEE C.I.,Pending,OPEN-FDLE
"MCINTYRE, LAMARR",https://fdc.myflorida.com/OffenderSearch/detail.aspx?Page=Detail&DCNumber=064646&TypeSearch=IR,10/13/2021,WAKULLA C.I.,Natural,Closed
"BROWN, RICHARD",https://fdc.myflorida.com/OffenderSearch/detail.aspx?Page=Detail&DCNumber=729117&TypeSearch=IR,10/13/2021,R.M.C.- MAIN UNIT,Natural,Closed
"LUCIANO, NICHOLAS",https://fdc.myflorida.com/OffenderSearch/detail.aspx?Page=Detail&DCNumber=C11038&TypeSearch=IR,10/13/2021,SOUTH BAY C.F.,Suicide,Closed
"GARCIA, JOSE",https://fdc.myflorida.com/OffenderSearch/detail.aspx?Page=Detail&DCNumber=L61267&TypeSearch=IR,10/14/2021,S.F.R.C.,Natural,Closed
"MORGAN, STANLEY",https://fdc.myflorida.com/OffenderSearch/detail.aspx?Page=Detail&DCNumber=051395&TypeSearch=IR,10/17/2021,DADE C.I.,Natural,Closed
"SANCHEZNIEVES, LUIS",https://fdc.myflorida.com/OffenderSearch/detail.aspx?Page=Detail&DCNumber=K21089&TypeSearch=IR,10/18/2021,CENTURY C.I.,Natural,Closed
"LEBLANC, ANTHONY",https://fdc.myflorida.com/OffenderSearch/detail.aspx?Page=Detail&DCNumber=N70855&TypeSearch=IR,10/18/2021,LAKE C.I.,Natural,Closed
"PADGETT, LEWIS",https://fdc.myflorida.com/OffenderSearch/detail.aspx?Page=Detail&DCNumber=I00721&TypeSearch=IR,10/20/2021,LIBERTY C.I.,Suicide,Closed
"CHARLES, JIBRI",https://fdc.myflorida.com/OffenderSearch/detail.aspx?Page=Detail&DCNumber=V31402&TypeSearch=IR,10/20/2021,BLACKWATER C.F.,Suicide,Closed
"HAWK, WILLIAM",https://fdc.myflorida.com/OffenderSearch/detail.aspx?Page=Detail&DCNumber=A52094&TypeSearch=IR,10/20/2021,DADE C.I.,Natural,Closed
"JONES, GEORGE",https://fdc.myflorida.com/OffenderSearch/detail.aspx?Page=Detail&DCNumber=J28984&TypeSearch=IR,10/22/2021,LIBERTY C.I.,Natural,Closed
"STRATTON, STEVEN",https://fdc.myflorida.com/OffenderSearch/detail.aspx?Page=Detail&DCNumber=710639&TypeSearch=IR,10/24/2021,NWFRC ANNEX.,Natural,Closed
"GILLEY, WILLIAM",https://fdc.myflorida.com/OffenderSearch/detail.aspx?Page=Detail&DCNumber=781745&TypeSearch=IR,10/24/2021,UNION C.I.,Natural,Closed
"GORE, BOBBY",https://fdc.myflorida.com/OffenderSearch/detail.aspx?Page=Detail&DCNumber=V53493&TypeSearch=IR,10/24/2021,SUWANNEE C.I. ANNEX,Natural,Closed
"CRABTREE, BOBBY",https://fdc.myflorida.com/OffenderSearch/detail.aspx?Page=Detail&DCNumber=009200&TypeSearch=IR,10/24/2021,S.F.R.C.,Natural,Closed
"ENGLAND, HOWARD",https://fdc.myflorida.com/OffenderSearch/detail.aspx?Page=Detail&DCNumber=620897&TypeSearch=IR,10/25/2021,R.M.C.- MAIN UNIT,Natural,Closed
"JACKSON, JAMES",https://fdc.myflorida.com/OffenderSearch/detail.aspx?Page=Detail&DCNumber=036165&TypeSearch=IR,10/25/2021,DADE C.I.,Natural,Closed
"POPE, ROGER",https://fdc.myflorida.com/OffenderSearch/detail.aspx?Page=Detail&DCNumber=076921&TypeSearch=IR,10/26/2021,HAMILTON ANNEX,Accident,Closed
"HAZELWOOD, SHERMAN",https://fdc.myflorida.com/OffenderSearch/detail.aspx?Page=Detail&DCNumber=C10452&TypeSearch=IR,10/26/2021,S.F.R.C.,Natural,Closed
"FERNANDEZ, MANUEL",https://fdc.myflorida.com/OffenderSearch/detail.aspx?Page=Detail&DCNumber=094242&TypeSearch=IR,10/26/2021,DADE C.I.,Natural,Closed
"BUTLER, DONALD",https://fdc.myflorida.com/OffenderSearch/detail.aspx?Page=Detail&DCNumber=053394&TypeSearch=IR,10/27/2021,R.M.C.- MAIN UNIT,Natural,Closed
"JAMES, ROOSEVELT",https://fdc.myflorida.com/OffenderSearch/detail.aspx?Page=Detail&DCNumber=029896&TypeSearch=IR,10/28/2021,R.M.C.- MAIN UNIT,Natural,Closed
"GLENN, MICHAEL",https://fdc.myflorida.com/OffenderSearch/detail.aspx?Page=Detail&DCNumber=T26564&TypeSearch=IR,10/28/2021,R.M.C.- MAIN UNIT,Natural,Closed
"BUTLER, MARTY",https://fdc.myflorida.com/OffenderSearch/detail.aspx?Page=Detail&DCNumber=100952&TypeSearch=IR,10/28/2021,SUWANNEE C.I,Natural,Closed
,,10/28/2021,HARDEE C.I.,Homicide,OPEN-FDLE
"MYLES, DARRYL",https://fdc.myflorida.com/OffenderSearch/detail.aspx?Page=Detail&DCNumber=560322&TypeSearch=IR,11/01/2021,GULF C.I.,Natural,Closed
"MARQUEZ, RENE",https://fdc.myflorida.com/OffenderSearch/detail.aspx?Page=Detail&DCNumber=187730&TypeSearch=IR,11/01/2021,WAKULLA C.I.,Natural,Closed
"RIVAS, JOSE",https://fdc.myflorida.com/OffenderSearch/detail.aspx?Page=Detail&DCNumber=081395&TypeSearch=IR,11/02/2021,NWFRC MAIN UNIT.,Natural,Closed
"CIOETA, DON",https://fdc.myflorida.com/OffenderSearch/detail.aspx?Page=Detail&DCNumber=061375&TypeSearch=IR,11/04/2021,R.M.C.- MAIN UNIT,Natural,Closed
"OJEDA, REYNOLD",https://fdc.myflorida.com/OffenderSearch/detail.aspx?Page=Detail&DCNumber=636223&TypeSearch=IR,11/04/2021,R.M.C.- MAIN UNIT,Natural,Closed
"DIAZ, ANTHONY",https://fdc.myflorida.com/OffenderSearch/detail.aspx?Page=Detail&DCNumber=T37770&TypeSearch=IR,11/04/2021,S.F.R.C.,Suicide,Closed
"STRINGER, KENNETH",https://fdc.myflorida.com/OffenderSearch/detail.aspx?Page=Detail&DCNumber=032704&TypeSearch=IR,11/06/2021,ZEPHYRHILLS C.I.,Natural,CLOSED
"ROBINSON, DAVID",https://fdc.myflorida.com/OffenderSearch/detail.aspx?Page=Detail&DCNumber=113051&TypeSearch=IR,11/08/2021,R.M.C.- MAIN UNIT,Natural,Closed
"EVANS, TIMOTHY",https://fdc.myflorida.com/OffenderSearch/detail.aspx?Page=Detail&DCNumber=218237&TypeSearch=IR,11/09/2021,OKALOOSA C.I.,Natural,CLOSED
"GEISSLER, ROBERT",https://fdc.myflorida.com/OffenderSearch/detail.aspx?Page=Detail&DCNumber=C04104&TypeSearch=IR,11/10/2021,R.M.C.- MAIN UNIT,Natural,CLOSED
"MOORE, THOMAS",https://fdc.myflorida.com/OffenderSearch/detail.aspx?Page=Detail&DCNumber=P30610&TypeSearch=IR,11/10/2021,R.M.C.- MAIN UNIT,Natural,Closed
"ELLIS, BARRY",https://fdc.myflorida.com/OffenderSearch/detail.aspx?Page=Detail&DCNumber=A51739&TypeSearch=IR,11/11/2021,BLACKWATER C.F.,Natural,Closed
"MEDLIN, THOMAS",https://fdc.myflorida.com/OffenderSearch/detail.aspx?Page=Detail&DCNumber=133452&TypeSearch=IR,11/12/2021,R.M.C.- MAIN UNIT,Natural,CLOSED
"DINKINS, TERRY",https://fdc.myflorida.com/OffenderSearch/detail.aspx?Page=Detail&DCNumber=C11782&TypeSearch=IR,11/12/2021,TOMOKA C.I.,Natural,CLOSED
,,11/12/2021,SUNCOAST C.R.C.(FEM),Accident,OPEN
"CURRY, JAMES",https://fdc.myflorida.com/OffenderSearch/detail.aspx?Page=Detail&DCNumber=111456&TypeSearch=IR,11/13/2021,LIBERTY C.I.,Suicide,CLOSED
"SLIDER, WILLIAM",https://fdc.myflorida.com/OffenderSearch/detail.aspx?Page=Detail&DCNumber=H70716&TypeSearch=IR,11/16/2021,R.M.C.- MAIN UNIT,Natural,Closed
"HOUSER, LEROY",https://fdc.myflorida.com/OffenderSearch/detail.aspx?Page=Detail&DCNumber=045232&TypeSearch=IR,11/16/2021,SUMTER  C.I.,Natural,CLOSED
"DELIDLE, ARTHUR",https://fdc.myflorida.com/OffenderSearch/detail.aspx?Page=Detail&DCNumber=047157&TypeSearch=IR,11/19/2021,GRACEVILLE C.F.,Natural,CLOSED
"KE, QUI",https://fdc.myflorida.com/OffenderSearch/detail.aspx?Page=Detail&DCNumber=H60573&TypeSearch=IR,11/19/2021,R.M.C.- MAIN UNIT,Natural,CLOSED
"HELLEN, MICHAEL",https://fdc.myflorida.com/OffenderSearch/detail.aspx?Page=Detail&DCNumber=P59605&TypeSearch=IR,11/22/2021,R.M.C.- MAIN UNIT,Natural,CLOSED
"MORRIS, VERBENA",https://fdc.myflorida.com/OffenderSearch/detail.aspx?Page=Detail&DCNumber=888871&TypeSearch=IR,11/23/2021,FL.WOMENS RECPN.CTR,Natural,Closed
"WILLIAMS, ROBERT",https://fdc.myflorida.com/OffenderSearch/detail.aspx?Page=Detail&DCNumber=W15871&TypeSearch=IR,11/24/2021,FLORIDA STATE PRISON,Natural,OPEN
"MACKEY, DOUGLAS",https://fdc.myflorida.com/OffenderSearch/detail.aspx?Page=Detail&DCNumber=688139&TypeSearch=IR,11/24/2021,SUMTER  C.I.,Accident,CLOSED
"GEER, DARYL",https://fdc.myflorida.com/OffenderSearch/detail.aspx?Page=Detail&DCNumber=827600&TypeSearch=IR,11/25/2021,R.M.C.- MAIN UNIT,Natural,Closed
"DIAZ-RODRIGUEZ, HECTOR",https://fdc.myflorida.com/OffenderSearch/detail.aspx?Page=Detail&DCNumber=C01180&TypeSearch=IR,11/26/2021,JEFFERSON C.I.,Natural,Closed
"GARRETT, JOSEPH",https://fdc.myflorida.com/OffenderSearch/detail.aspx?Page=Detail&DCNumber=005638&TypeSearch=IR,11/27/2021,R.M.C.- MAIN UNIT,Natural,Closed
"STOKES, KELVIN",https://fdc.myflorida.com/OffenderSearch/detail.aspx?Page=Detail&DCNumber=P04705&TypeSearch=IR,11/27/2021,R.M.C.- MAIN UNIT,Natural,Closed
"RUSSELL, JOHN",https://fdc.myflorida.com/OffenderSearch/detail.aspx?Page=Detail&DCNumber=006858&TypeSearch=IR,11/27/2021,CFRC-MAIN,Accident,CLOSED
"RABITO, BUSTER",https://fdc.myflorida.com/OffenderSearch/detail.aspx?Page=Detail&DCNumber=S37059&TypeSearch=IR,11/29/2021,R.M.C.- MAIN UNIT,Natural,CLOSED
"FERNANDEZ, ALBERT",https://fdc.myflorida.com/OffenderSearch/detail.aspx?Page=Detail&DCNumber=T66467&TypeSearch=IR,11/29/2021,MOORE HAVEN C.F.,Accident,Closed
"MORRELL, JAMES",https://fdc.myflorida.com/OffenderSearch/detail.aspx?Page=Detail&DCNumber=803744&TypeSearch=IR,11/29/2021,ZEPHYRHILLS C.I.,Natural,CLOSED
"FIKE, CARLESS",https://fdc.myflorida.com/OffenderSearch/detail.aspx?Page=Detail&DCNumber=060238&TypeSearch=IR,11/29/2021,POLK C.I.,Natural,Closed
"ROBERTSON, DALE",https://fdc.myflorida.com/OffenderSearch/detail.aspx?Page=Detail&DCNumber=225777&TypeSearch=IR,11/30/2021,R.M.C.- MAIN UNIT,Natural,CLOSED
"KUPRESS, JAMES",https://fdc.myflorida.com/OffenderSearch/detail.aspx?Page=Detail&DCNumber=C05428&TypeSearch=IR,12/02/2021,BLACKWATER C.F.,Natural,CLOSED
"GREEN, LONNIE",https://fdc.myflorida.com/OffenderSearch/detail.aspx?Page=Detail&DCNumber=P01447&TypeSearch=IR,12/03/2021,JEFFERSON C.I.,Natural,Closed
"MCGUIRE, WILLIAM",https://fdc.myflorida.com/OffenderSearch/detail.aspx?Page=Detail&DCNumber=P12864&TypeSearch=IR,12/03/2021,UNION C.I.,Natural,CLOSED
"RUTTER, TERRANCE",https://fdc.myflorida.com/OffenderSearch/detail.aspx?Page=Detail&DCNumber=853239&TypeSearch=IR,12/04/2021,S.F.R.C.,Natural,CLOSED
"RODRIGUEZ, JOSEPH",https://fdc.myflorida.com/OffenderSearch/detail.aspx?Page=Detail&DCNumber=Y39268&TypeSearch=IR,12/06/2021,NWFRC MAIN UNIT.,Natural,CLOSED
"SIMMONS, JAMALTRAE",https://fdc.myflorida.com/OffenderSearch/detail.aspx?Page=Detail&DCNumber=T53166&TypeSearch=IR,12/06/2021,SUWANNEE C.I,Natural,CLOSED
"MENDEZ, DAVID",https://fdc.myflorida.com/OffenderSearch/detail.aspx?Page=Detail&DCNumber=B03556&TypeSearch=IR,12/06/2021,S.F.R.C.,Natural,Closed
"HAYES, LAVERN",https://fdc.myflorida.com/OffenderSearch/detail.aspx?Page=Detail&DCNumber=026544&TypeSearch=IR,12/07/2021,WAKULLA C.I.,Natural,Closed
"BRYANT, JOE",https://fdc.myflorida.com/OffenderSearch/detail.aspx?Page=Detail&DCNumber=203276&TypeSearch=IR,12/07/2021,R.M.C.- MAIN UNIT,Natural,CLOSED
"HOPKINS, JOSHUA",https://fdc.myflorida.com/OffenderSearch/detail.aspx?Page=Detail&DCNumber=U17798&TypeSearch=IR,12/07/2021,R.M.C.- MAIN UNIT,Natural,Closed
"GAFFORD, JOHNNY",https://fdc.myflorida.com/OffenderSearch/detail.aspx?Page=Detail&DCNumber=690519&TypeSearch=IR,12/08/2021,JACKSON C.I.,Natural,CLOSED
"RICKS, LARRY",https://fdc.myflorida.com/OffenderSearch/detail.aspx?Page=Detail&DCNumber=047797&TypeSearch=IR,12/08/2021,R.M.C.- MAIN UNIT,Natural,Closed
"HOOD, WILLIAM",https://fdc.myflorida.com/OffenderSearch/detail.aspx?Page=Detail&DCNumber=704250&TypeSearch=IR,12/10/2021,SUWANNEE C.I. ANNEX,Natural,CLOSED
"HURD, CARL",https://fdc.myflorida.com/OffenderSearch/detail.aspx?Page=Detail&DCNumber=031905&TypeSearch=IR,12/10/2021,CFRC-SOUTH,Natural,CLOSED
"SHERRY, HAROLD",https://fdc.myflorida.com/OffenderSearch/detail.aspx?Page=Detail&DCNumber=B05773&TypeSearch=IR,12/10/2021,S.F.R.C.,Natural,Closed
"COWART, JOHN",https://fdc.myflorida.com/OffenderSearch/detail.aspx?Page=Detail&DCNumber=512179&TypeSearch=IR,12/11/2021,R.M.C.- MAIN UNIT,Natural,Closed
"LLEO, CARLOS",https://fdc.myflorida.com/OffenderSearch/detail.aspx?Page=Detail&DCNumber=083226&TypeSearch=IR,12/13/2021,BLACKWATER C.F.,Natural,CLOSED
"EVANS, GENE",https://fdc.myflorida.com/OffenderSearch/detail.aspx?Page=Detail&DCNumber=091474&TypeSearch=IR,12/13/2021,R.M.C.- MAIN UNIT,Natural,Closed
"PADRON-LUGO, FERNANDO",https://fdc.myflorida.com/OffenderSearch/detail.aspx?Page=Detail&DCNumber=K52485&TypeSearch=IR,12/14/2021,CFRC-MAIN,Natural,CLOSED
"ROBINSON, ROBERT",https://fdc.myflorida.com/OffenderSearch/detail.aspx?Page=Detail&DCNumber=090171&TypeSearch=IR,12/15/2021,SUWANNEE C.I. ANNEX,Natural,CLOSED
"MOSHER, LAWRENCE",https://fdc.myflorida.com/OffenderSearch/detail.aspx?Page=Detail&DCNumber=091488&TypeSearch=IR,12/16/2021,R.M.C.- MAIN UNIT,Natural,Closed
"KILE, RANDY",https://fdc.myflorida.com/OffenderSearch/detail.aspx?Page=Detail&DCNumber=755669&TypeSearch=IR,12/16/2021,R.M.C.- MAIN UNIT,Natural,CLOSED
"SIEBERT, CHRISTOPHER",https://fdc.myflorida.com/OffenderSearch/detail.aspx?Page=Detail&DCNumber=132412&TypeSearch=IR,12/17/2021,R.M.C.- MAIN UNIT,Natural,Closed
"JACKSON, WALTER",https://fdc.myflorida.com/OffenderSearch/detail.aspx?Page=Detail&DCNumber=K57972&TypeSearch=IR,12/17/2021,R.M.C.- MAIN UNIT,Natural,Closed
"BARNES, FRENICE",https://fdc.myflorida.com/OffenderSearch/detail.aspx?Page=Detail&DCNumber=625721&TypeSearch=IR,12/17/2021,CROSS CITY C.I.,Natural,CLOSED
"GREEN, JAMAR",https://fdc.myflorida.com/OffenderSearch/detail.aspx?Page=Detail&DCNumber=X43586&TypeSearch=IR,12/17/2021,UNION C.I.,Suicide,CLOSED
"PORTALEA, CARLOS",https://fdc.myflorida.com/OffenderSearch/detail.aspx?Page=Detail&DCNumber=I30547&TypeSearch=IR,12/17/2021,EVERGLADES C.I.,Natural,OPEN-MDPD
"COCHRAN, OLIVER",https://fdc.myflorida.com/OffenderSearch/detail.aspx?Page=Detail&DCNumber=066659&TypeSearch=IR,12/18/2021,DADE C.I.,Natural,Closed
"CASTELLINI, ROBERT",https://fdc.myflorida.com/OffenderSearch/detail.aspx?Page=Detail&DCNumber=T66321&TypeSearch=IR,12/19/2021,BLACKWATER C.F.,Natural,Closed
"MILLER, RUFUS",https://fdc.myflorida.com/OffenderSearch/detail.aspx?Page=Detail&DCNumber=019303&TypeSearch=IR,12/20/2021,SANTA ROSA ANNEX,Natural,Closed
"LANNI, ALAN",https://fdc.myflorida.com/OffenderSearch/detail.aspx?Page=Detail&DCNumber=379654&TypeSearch=IR,12/22/2021,WAKULLA C.I.,Suicide,Closed
"SILVA, SIMON",https://fdc.myflorida.com/OffenderSearch/detail.aspx?Page=Detail&DCNumber=M83182&TypeSearch=IR,12/22/2021,ZEPHYRHILLS C.I.,Accident,CLOSED
"TIRADO, MIGUEL",https://fdc.myflorida.com/OffenderSearch/detail.aspx?Page=Detail&DCNumber=I50755&TypeSearch=IR,12/25/2021,S.F.R.C.,Natural,Closed
"JONES, LESLIE",https://fdc.myflorida.com/OffenderSearch/detail.aspx?Page=Detail&DCNumber=U57322&TypeSearch=IR,12/26/2021,SUWANNEE C.I. ANNEX,Natural,Closed
"BROOKINS, FLETCHER",https://fdc.myflorida.com/OffenderSearch/detail.aspx?Page=Detail&DCNumber=J17953&TypeSearch=IR,12/27/2021,S.F.R.C.,Natural,Closed
"ACEVEDO, CARLOS",https://fdc.myflorida.com/OffenderSearch/detail.aspx?Page=Detail&DCNumber=083568&TypeSearch=IR,12/28/2021,GULF C.I.,Accident,CLOSED
"MOBLEY, MADISON",https://fdc.myflorida.com/OffenderSearch/detail.aspx?Page=Detail&DCNumber=B11198&TypeSearch=IR,12/28/2021,DADE C.I.,Natural,Closed
"GORDON, KENYEITTA",https://fdc.myflorida.com/OffenderSearch/detail.aspx?Page=Detail&DCNumber=157230&TypeSearch=IR,12/29/2021,LOWELL ANNEX,Natural,CLOSED
"MARSHALL, HENRY",https://fdc.myflorida.com/OffenderSearch/detail.aspx?Page=Detail&DCNumber=486008&TypeSearch=IR,12/30/2021,CFRC-SOUTH,Accident,CLOSED
"FERNANDEZ, ENRIQUE",https://fdc.myflorida.com/OffenderSearch/detail.aspx?Page=Detail&DCNumber=923025&TypeSearch=IR,12/31/2021,CFRC-MAIN,Natural,CLOSED
"HICKMAN, MICHAEL",https://fdc.myflorida.com/OffenderSearch/detail.aspx?Page=Detail&DCNumber=B09921&TypeSearch=IR,01/02/2022,COLUMBIA C.I.,Natural,Closed
"TAYLOR, BRIAN",https://fdc.myflorida.com/OffenderSearch/detail.aspx?Page=Detail&DCNumber=J41908&TypeSearch=IR,01/02/2022,S.F.R.C.,Natural,Closed
"TERRY, DANE",https://fdc.myflorida.com/OffenderSearch/detail.aspx?Page=Detail&DCNumber=063148&TypeSearch=IR,01/02/2022,SOUTH BAY C.F.,Natural,OPEN
"DIAZ, SAMUEL",https://fdc.myflorida.com/OffenderSearch/detail.aspx?Page=Detail&DCNumber=386149&TypeSearch=IR,01/03/2022,R.M.C.- MAIN UNIT,Natural,Closed
"ROSADO, ANGEL",https://fdc.myflorida.com/OffenderSearch/detail.aspx?Page=Detail&DCNumber=D90305&TypeSearch=IR,01/03/2022,R.M.C.- MAIN UNIT,Natural,Closed
"PENROD, RALPH",https://fdc.myflorida.com/OffenderSearch/detail.aspx?Page=Detail&DCNumber=C10809&TypeSearch=IR,01/03/2022,SUMTER C.I.,Natural,Closed
"DIORIO, JAMES",https://fdc.myflorida.com/OffenderSearch/detail.aspx?Page=Detail&DCNumber=590874&TypeSearch=IR,01/04/2022,AVON PARK C.I.,Accident,Closed
"GUYTON, DENNIS",https://fdc.myflorida.com/OffenderSearch/detail.aspx?Page=Detail&DCNumber=480367&TypeSearch=IR,01/05/2022,WAKULLA C.I.,Natural,Closed
"MATEVIA, JAMES",https://fdc.myflorida.com/OffenderSearch/detail.aspx?Page=Detail&DCNumber=108310&TypeSearch=IR,01/06/2022,WAKULLA C.I.,Natural,Closed
"GARIEPY, KENNETH",https://fdc.myflorida.com/OffenderSearch/detail.aspx?Page=Detail&DCNumber=U04428&TypeSearch=IR,01/06/2022,R.M.C.- MAIN UNIT,Natural,Closed
"PARRISH, JOSEPH",https://fdc.myflorida.com/OffenderSearch/detail.aspx?Page=Detail&DCNumber=032968&TypeSearch=IR,01/06/2022,S.F.R.C.,Natural,Closed
"OWENS, SAWSON",https://fdc.myflorida.com/OffenderSearch/detail.aspx?Page=Detail&DCNumber=112529&TypeSearch=IR,01/08/2022,GULF C.I.,Natural,Closed
"PEGRAM, SCOTT",https://fdc.myflorida.com/OffenderSearch/detail.aspx?Page=Detail&DCNumber=315633&TypeSearch=IR,01/08/2022,EVERGLADES C.I.,Natural,Closed
,,01/08/2022,S.F.R.C.,Pending,Closed
"VAQUERO, FIDEL",https://fdc.myflorida.com/OffenderSearch/detail.aspx?Page=Detail&DCNumber=C04923&TypeSearch=IR,01/09/2022,GULF C.I.,Accident,Closed
"SHARPE, EDWARD",https://fdc.myflorida.com/OffenderSearch/detail.aspx?Page=Detail&DCNumber=944913&TypeSearch=IR,01/10/2022,COLUMBIA C.I.,Natural,Closed
"TOMLINSON, JOHN",https://fdc.myflorida.com/OffenderSearch/detail.aspx?Page=Detail&DCNumber=P44503&TypeSearch=IR,01/11/2022,S.F.R.C.,Natural,Closed
"MAPS, SIR",https://fdc.myflorida.com/OffenderSearch/detail.aspx?Page=Detail&DCNumber=916719&TypeSearch=IR,01/13/2022,FRANKLIN C.I.,Natural,Closed
"ALICEA, KEVIN",https://fdc.myflorida.com/OffenderSearch/detail.aspx?Page=Detail&DCNumber=B00590&TypeSearch=IR,01/15/2022,UNION C.I.,Natural,Closed
"MOODY, TIMOTHY",https://fdc.myflorida.com/OffenderSearch/detail.aspx?Page=Detail&DCNumber=574294&TypeSearch=IR,01/16/2022,NWFRC ANNEX.,Natural,Closed
"JOSEPH, GARY",https://fdc.myflorida.com/OffenderSearch/detail.aspx?Page=Detail&DCNumber=423962&TypeSearch=IR,01/16/2022,R.M.C.- MAIN UNIT,Natural,Closed
"WOMACK, MICHAEL",https://fdc.myflorida.com/OffenderSearch/detail.aspx?Page=Detail&DCNumber=712731&TypeSearch=IR,01/16/2022,R.M.C.- MAIN UNIT,Natural,Closed
"QUINTANA, FERNANDO",https://fdc.myflorida.com/OffenderSearch/detail.aspx?Page=Detail&DCNumber=080564&TypeSearch=IR,01/17/2022,SUWANNEE C.I. ANNEX,Natural,Closed
"THOMAS, MAURICE",https://fdc.myflorida.com/OffenderSearch/detail.aspx?Page=Detail&DCNumber=348855&TypeSearch=IR,01/19/2022,R.M.C.- MAIN UNIT,Natural,Closed
"MINGO, LESHAWN",https://fdc.myflorida.com/OffenderSearch/detail.aspx?Page=Detail&DCNumber=T43763&TypeSearch=IR,01/20/2022,CFRC-MAIN,Natural,Closed
"MORGAN, STANLEY",https://fdc.myflorida.com/OffenderSearch/detail.aspx?Page=Detail&DCNumber=H06834&TypeSearch=IR,01/21/2022,NWFRC MAIN UNIT.,Accident,Closed
"SONDERGAARD, NEIL",https://fdc.myflorida.com/OffenderSearch/detail.aspx?Page=Detail&DCNumber=115629&TypeSearch=IR,01/21/2022,R.M.C.- MAIN UNIT,Natural,Closed
"CLARK, LEVON",https://fdc.myflorida.com/OffenderSearch/detail.aspx?Page=Detail&DCNumber=010994&TypeSearch=IR,01/21/2022,SUWANNEE C.I. ANNEX,Natural,Closed
"BROWN, JOHNNIE",https://fdc.myflorida.com/OffenderSearch/detail.aspx?Page=Detail&DCNumber=302762&TypeSearch=IR,01/22/2022,SUWANNEE C.I. ANNEX,Natural,Closed
"GATLIN, AARON",https://fdc.myflorida.com/OffenderSearch/detail.aspx?Page=Detail&DCNumber=X48443&TypeSearch=IR,01/25/2022,FLORIDA STATE PRISON,Accident,OPEN-FDLE
"JACKSON, DANNY",https://fdc.myflorida.com/OffenderSearch/detail.aspx?Page=Detail&DCNumber=052882&TypeSearch=IR,01/25/2022,R.M.C.- MAIN UNIT,Natural,Closed
"ARCHER, ROBIN",https://fdc.myflorida.com/OffenderSearch/detail.aspx?Page=Detail&DCNumber=216728&TypeSearch=IR,01/25/2022,UNION C.I.,Natural,Closed
"SALING, MICHAEL",https://fdc.myflorida.com/OffenderSearch/detail.aspx?Page=Detail&DCNumber=Y31070&TypeSearch=IR,01/27/2022,SOUTH BAY C.F.,Suicide,Closed
"BOLLING, WILLIAM",https://fdc.myflorida.com/OffenderSearch/detail.aspx?Page=Detail&DCNumber=C08390&TypeSearch=IR,01/29/2022,COLUMBIA C.I.,Natural,Closed
"MASTIN, TOM",https://fdc.myflorida.com/OffenderSearch/detail.aspx?Page=Detail&DCNumber=E33390&TypeSearch=IR,01/30/2022,R.M.C.- MAIN UNIT,Accident,Closed
"FLOWERS, JEROME",https://fdc.myflorida.com/OffenderSearch/detail.aspx?Page=Detail&DCNumber=251800&TypeSearch=IR,01/31/2022,APALACHEE EAST UNIT,Natural,Closed
"FERGUS, RASHAAN",https://fdc.myflorida.com/OffenderSearch/detail.aspx?Page=Detail&DCNumber=T86447&TypeSearch=IR,01/31/2022,R.M.C.- MAIN UNIT,Natural,Closed
"BAILEY, JAMES",https://fdc.myflorida.com/OffenderSearch/detail.aspx?Page=Detail&DCNumber=S08615&TypeSearch=IR,01/31/2022,S.F.R.C.,Suicide,OPEN-MDPD
"CHAMBERS, ROBERT",https://fdc.myflorida.com/OffenderSearch/detail.aspx?Page=Detail&DCNumber=016823&TypeSearch=IR,01/31/2022,DADE C.I.,Natural,Closed
"STUDSTILL,TONY",https://fdc.myflorida.com/OffenderSearch/detail.aspx?Page=Detail&DCNumber=078948&TypeSearch=IR,02/02/2022,DADE C.I.,Natural,Closed
"AYOTTE, JAMES",https://fdc.myflorida.com/OffenderSearch/detail.aspx?Page=Detail&DCNumber=R15719&TypeSearch=IR,02/02/2022,HOLMES C.I.,Natural,Closed
"SMITH, STEPHEN",https://fdc.myflorida.com/OffenderSearch/detail.aspx?Page=Detail&DCNumber=E08119&TypeSearch=IR,02/02/2022,R.M.C.- MAIN UNIT,Natural,Closed
"YOUNG, RUNYON",https://fdc.myflorida.com/OffenderSearch/detail.aspx?Page=Detail&DCNumber=082965&TypeSearch=IR,02/03/2022,OKEECHOBEE C.I.,Natural,Closed
,,02/04/2022,MARTIN C.I.,Pending,Closed
"ROBLES, ADAM",https://fdc.myflorida.com/OffenderSearch/detail.aspx?Page=Detail&DCNumber=469463&TypeSearch=IR,02/04/2022,WAKULLA C.I.,Natural,Closed
,,02/07/2022,COLUMBIA C.I.,Suicide,Closed
"HARRISON, WILLIAM",https://fdc.myflorida.com/OffenderSearch/detail.aspx?Page=Detail&DCNumber=225223&TypeSearch=IR,02/07/2022,DADE C.I.,Natural,Closed
"WOEHRLE, CRAIG",https://fdc.myflorida.com/OffenderSearch/detail.aspx?Page=Detail&DCNumber=635586&TypeSearch=IR,02/08/2022,CFRC-MAIN,Natural,CLOSED
,,02/08/2022,OKEECHOBEE C.I.,Homicide,OPEN-FDLE
"FOWLER, ROBERT",https://fdc.myflorida.com/OffenderSearch/detail.aspx?Page=Detail&DCNumber=753067&TypeSearch=IR,02/09/2022,GULF C.I.,Suicide,CLOSED
"KLINE, KENNETH",https://fdc.myflorida.com/OffenderSearch/detail.aspx?Page=Detail&DCNumber=R29708&TypeSearch=IR,02/09/2022,R.M.C.- MAIN UNIT,Natural,Closed
"CAREY, WILLIE",https://fdc.myflorida.com/OffenderSearch/detail.aspx?Page=Detail&DCNumber=197410&TypeSearch=IR,02/11/2022,CALHOUN C.I.,Natural,Closed
"ISME, VICTOR",https://fdc.myflorida.com/OffenderSearch/detail.aspx?Page=Detail&DCNumber=W22190&TypeSearch=IR,02/11/2022,EVERGLADES C.I.,Natural,Closed
,,02/13/2022,BRIDGES OF JACKSONVI,Pending,OPEN-FDLE
,,02/14/2022,DADE C.I.,Homicide,OPEN-FDLE
,,02/14/2022,HAMILTON ANNEX,Homicide,Closed
"RANDOLPH, KAYODE",https://fdc.myflorida.com/OffenderSearch/detail.aspx?Page=Detail&DCNumber=E04473&TypeSearch=IR,02/14/2022,SUWANNEE C.I,Accident,Closed
"TAYLOR, RICHARD",https://fdc.myflorida.com/OffenderSearch/detail.aspx?Page=Detail&DCNumber=292846&TypeSearch=IR,02/15/2022,R.M.C.- MAIN UNIT,Natural,OPEN
"SABLJAK, DAVOR",https://fdc.myflorida.com/OffenderSearch/detail.aspx?Page=Detail&DCNumber=V16297&TypeSearch=IR,02/15/2022,R.M.C.- MAIN UNIT,Natural,CLOSED
"HAYES, REGINALD",https://fdc.myflorida.com/OffenderSearch/detail.aspx?Page=Detail&DCNumber=854132&TypeSearch=IR,02/15/2022,S.F.R.C.,Natural,OPEN
"WIMES, CHARLIE",https://fdc.myflorida.com/OffenderSearch/detail.aspx?Page=Detail&DCNumber=411796&TypeSearch=IR,02/16/2022,R.M.C.- MAIN UNIT,Natural,Closed
"THOMPSON, KEVIN",https://fdc.myflorida.com/OffenderSearch/detail.aspx?Page=Detail&DCNumber=823185&TypeSearch=IR,02/16/2022,R.M.C.- MAIN UNIT,Natural,Closed
"GALLOWAY, EDDIE",https://fdc.myflorida.com/OffenderSearch/detail.aspx?Page=Detail&DCNumber=P01569&TypeSearch=IR,02/20/2022,JEFFERSON C.I.,Natural,CLOSED
"THAMES, OLIVER",https://fdc.myflorida.com/OffenderSearch/detail.aspx?Page=Detail&DCNumber=203377&TypeSearch=IR,02/21/2022,UNION C.I.,Natural,OPEN
,,02/22/2022,GRACEVILLE C.F.,Pending,Closed
"FRANKLIN, NAKISHA",https://fdc.myflorida.com/OffenderSearch/detail.aspx?Page=Detail&DCNumber=V30075&TypeSearch=IR,02/22/2022,LOWELL ANNEX,Natural,Closed
"PARKS, RONALD",https://fdc.myflorida.com/OffenderSearch/detail.aspx?Page=Detail&DCNumber=602006&TypeSearch=IR,02/22/2022,SUMTER C.I.,Natural,Closed
"WHIGHAM, HAROLD",https://fdc.myflorida.com/OffenderSearch/detail.aspx?Page=Detail&DCNumber=X23255&TypeSearch=IR,02/25/2022,GRACEVILLE C.F.,Natural,Closed
"BLOW, JAMES",https://fdc.myflorida.com/OffenderSearch/detail.aspx?Page=Detail&DCNumber=028648&TypeSearch=IR,02/25/2022,NWFRC MAIN UNIT.,Natural,Closed
"CASSADA, PRESTON",https://fdc.myflorida.com/OffenderSearch/detail.aspx?Page=Detail&DCNumber=H16549&TypeSearch=IR,02/26/2022,GULF C.I.,Accident,Closed
"HOLDER, CHRISTOPHER",https://fdc.myflorida.com/OffenderSearch/detail.aspx?Page=Detail&DCNumber=T39614&TypeSearch=IR,02/26/2022,SOUTH BAY C.F.,Accident,OPEN-FDLE
"MACKERLEY, ALAN",https://fdc.myflorida.com/OffenderSearch/detail.aspx?Page=Detail&DCNumber=K54252&TypeSearch=IR,02/27/2022,TAYLOR C.I.,Natural,Closed
"WOOD, THOMAS",https://fdc.myflorida.com/OffenderSearch/detail.aspx?Page=Detail&DCNumber=Q02491&TypeSearch=IR,02/28/2022,HOLMES C.I.,Natural,Closed
"GONZALEZ, FRANCISCO",https://fdc.myflorida.com/OffenderSearch/detail.aspx?Page=Detail&DCNumber=Y40973&TypeSearch=IR,02/28/2022,R.M.C.- MAIN UNIT,Natural,Closed
"PAYNE, DAVID",https://fdc.myflorida.com/OffenderSearch/detail.aspx?Page=Detail&DCNumber=449922&TypeSearch=IR,03/02/2022,CALHOUN C.I.,Accident,Closed
"BROWN, CURTIS",https://fdc.myflorida.com/OffenderSearch/detail.aspx?Page=Detail&DCNumber=031113&TypeSearch=IR,03/04/2022,R.M.C.- MAIN UNIT,Natural,Closed
"FANTAUZZI, TONY",https://fdc.myflorida.com/OffenderSearch/detail.aspx?Page=Detail&DCNumber=510055&TypeSearch=IR,03/04/2022,R.M.C.- MAIN UNIT,Natural,Closed
"ROSARIO, ALBERTO",https://fdc.myflorida.com/OffenderSearch/detail.aspx?Page=Detail&DCNumber=T55788&TypeSearch=IR,03/04/2022,BAKER RE-ENTRY CENTR,Natural,Closed
"COLEMAN, SCOTT",https://fdc.myflorida.com/OffenderSearch/detail.aspx?Page=Detail&DCNumber=U28861&TypeSearch=IR,03/04/2022,ZEPHYRHILLS C.I.,Pending,Closed
,,03/06/2022,GRACEVILLE C.F.,Pending,Closed
"ALVARADO, KEVIN",https://fdc.myflorida.com/OffenderSearch/detail.aspx?Page=Detail&DCNumber=W00947&TypeSearch=IR,03/07/2022,R.M.C.- MAIN UNIT,Natural,Closed
"ABEL, SIMON",https://fdc.myflorida.com/OffenderSearch/detail.aspx?Page=Detail&DCNumber=J54380&TypeSearch=IR,03/08/2022,BAY C.F.,Suicide,Closed
,,03/09/2022,R.M.C.- MAIN UNIT,Pending,OPEN-FDLE
"WARREN, GLENN",https://fdc.myflorida.com/OffenderSearch/detail.aspx?Page=Detail&DCNumber=V25925&TypeSearch=IR,03/09/2022,R.M.C.- MAIN UNIT,Natural,Closed
"PERRY, ARNOLD",https://fdc.myflorida.com/OffenderSearch/detail.aspx?Page=Detail&DCNumber=062148&TypeSearch=IR,03/09/2022,DADE C.I.,Natural,Closed
"HIGGINSON, THEODORE",https://fdc.myflorida.com/OffenderSearch/detail.aspx?Page=Detail&DCNumber=U47222&TypeSearch=IR,03/10/2022,MARION C.I.,Natural,Closed
"TIPLER, JAMES",https://fdc.myflorida.com/OffenderSearch/detail.aspx?Page=Detail&DCNumber=217386&TypeSearch=IR,03/11/2022,R.M.C.- MAIN UNIT,Natural,CLOSED
"CARGILE, EDDIE",https://fdc.myflorida.com/OffenderSearch/detail.aspx?Page=Detail&DCNumber=049101&TypeSearch=IR,03/16/2022,CFRC-SOUTH,Natural,OPEN
"WILSON, HERBERT",https://fdc.myflorida.com/OffenderSearch/detail.aspx?Page=Detail&DCNumber=J80052&TypeSearch=IR,03/18/2022,R.M.C.- MAIN UNIT,Natural,Closed
"CARMICHAEL, JOHN",https://fdc.myflorida.com/OffenderSearch/detail.aspx?Page=Detail&DCNumber=134669&TypeSearch=IR,03/20/2022,R.M.C.- MAIN UNIT,Natural,Closed
,,03/22/2022,HARDEE C.I.,Pending,OPEN
"SWAIM, PHILLIP",https://fdc.myflorida.com/OffenderSearch/detail.aspx?Page=Detail&DCNumber=379024&TypeSearch=IR,03/23/2022,R.M.C.- MAIN UNIT,Natural,Closed
"YOUNG, CHARLES",https://fdc.myflorida.com/OffenderSearch/detail.aspx?Page=Detail&DCNumber=124644&TypeSearch=IR,03/23/2022,DADE C.I.,Natural,OPEN
"COOPER, STEVEN",https://fdc.myflorida.com/OffenderSearch/detail.aspx?Page=Detail&DCNumber=079796&TypeSearch=IR,03/24/2022,R.M.C.- MAIN UNIT,Natural,Closed
"CESAR, KILIEN",https://fdc.myflorida.com/OffenderSearch/detail.aspx?Page=Detail&DCNumber=W41115&TypeSearch=IR,03/26/2022,S.F.R.C.,Natural,Closed
"WOOD, FRANK",https://fdc.myflorida.com/OffenderSearch/detail.aspx?Page=Detail&DCNumber=S20200&TypeSearch=IR,03/26/2022,SOUTH BAY C.F.,Natural,Closed
"LANDRETH, ROBERT",https://fdc.myflorida.com/OffenderSearch/detail.aspx?Page=Detail&DCNumber=123798&TypeSearch=IR,03/26/2022,DADE C.I.,Natural,Closed
"JONES, ROGER",https://fdc.myflorida.com/OffenderSearch/detail.aspx?Page=Detail&DCNumber=138174&TypeSearch=IR,03/27/2022,HAMILTON ANNEX,Natural,Closed
"MCKINZEY, OZZIE",https://fdc.myflorida.com/OffenderSearch/detail.aspx?Page=Detail&DCNumber=807867&TypeSearch=IR,03/27/2022,CFRC-MAIN,Natural,Closed
,,03/28/2022,BLACKWATER C.F.,Pending,Closed
"SHINN, BRYAN",https://fdc.myflorida.com/OffenderSearch/detail.aspx?Page=Detail&DCNumber=X55549&TypeSearch=IR,03/29/2022,HOLMES C.I.,Natural,Closed
"LEE, CHARLES",https://fdc.myflorida.com/OffenderSearch/detail.aspx?Page=Detail&DCNumber=351421&TypeSearch=IR,03/30/2022,R.M.C.- MAIN UNIT,Natural,Closed
"NIX, JAMEY",https://fdc.myflorida.com/OffenderSearch/detail.aspx?Page=Detail&DCNumber=Q05564&TypeSearch=IR,03/31/2022,KISSIMMEE C.R.C.,Accident,Closed
"ATKINS, RONALD",https://fdc.myflorida.com/OffenderSearch/detail.aspx?Page=Detail&DCNumber=191533&TypeSearch=IR,03/31/2022,DESOTO ANNEX,Natural,OPEN
"SAMIT, MORRIS",https://fdc.myflorida.com/OffenderSearch/detail.aspx?Page=Detail&DCNumber=U61350&TypeSearch=IR,04/01/2022,S.F.R.C.,Natural,Closed
"VANCE, MARY",https://fdc.myflorida.com/OffenderSearch/detail.aspx?Page=Detail&DCNumber=J24875&TypeSearch=IR,04/02/2022,LOWELL ANNEX,Natural,Closed
"KINSLOW, MITCHELL",https://fdc.myflorida.com/OffenderSearch/detail.aspx?Page=Detail&DCNumber=030343&TypeSearch=IR,04/03/2022,R.M.C.- MAIN UNIT,Natural,Closed
"CRONICAN, HARVEY",https://fdc.myflorida.com/OffenderSearch/detail.aspx?Page=Detail&DCNumber=181932&TypeSearch=IR,04/03/2022,DADE C.I.,Natural,Closed
"MOON, RUSSELL",https://fdc.myflorida.com/OffenderSearch/detail.aspx?Page=Detail&DCNumber=C80467&TypeSearch=IR,04/04/2022,OKALOOSA C.I.,Natural,Closed
,,04/04/2022,GRACEVILLE C.F.,Homicide,OPEN-FDLE
"THOMPSON, RICKY",https://fdc.myflorida.com/OffenderSearch/detail.aspx?Page=Detail&DCNumber=137828&TypeSearch=IR,04/04/2022,AVON PARK C.I.,Accident,Closed
"MICHALSKI, EDWARD",https://fdc.myflorida.com/OffenderSearch/detail.aspx?Page=Detail&DCNumber=H40744&TypeSearch=IR,04/05/2022,CFRC-MAIN,Natural,OPEN
"EARHEART, RONALD",https://fdc.myflorida.com/OffenderSearch/detail.aspx?Page=Detail&DCNumber=U06285&TypeSearch=IR,04/06/2022,R.M.C.- MAIN UNIT,Natural,Closed
"HEATHE, DEMONTAE",https://fdc.myflorida.com/OffenderSearch/detail.aspx?Page=Detail&DCNumber=B14878&TypeSearch=IR,04/07/2022,JACKSON C.I.,Accident,Closed
"MALOY, SHAIN",https://fdc.myflorida.com/OffenderSearch/detail.aspx?Page=Detail&DCNumber=E31127&TypeSearch=IR,04/11/2022,SUWANNEE C.I. ANNEX,Suicide,Closed
,,04/12/2022,OKALOOSA C.I.,Pending,OPEN
"YOUNGBLOOD, WILLIE",https://fdc.myflorida.com/OffenderSearch/detail.aspx?Page=Detail&DCNumber=011367&TypeSearch=IR,04/13/2022,SUWANNEE C.I,Natural,Closed
"HALL, KENNY",https://fdc.myflorida.com/OffenderSearch/detail.aspx?Page=Detail&DCNumber=G27770&TypeSearch=IR,04/13/2022,S.F.R.C.,Natural,Closed
"BRATHWAITE, DARRICK",https://fdc.myflorida.com/OffenderSearch/detail.aspx?Page=Detail&DCNumber=H00391&TypeSearch=IR,04/14/2022,R.M.C.- MAIN UNIT,Natural,Closed
"ROBINSON, DONALD",https://fdc.myflorida.com/OffenderSearch/detail.aspx?Page=Detail&DCNumber=211329&TypeSearch=IR,04/17/2022,CENTURY C.I.,Natural,Closed
"LOVETT, CARL-",https://fdc.myflorida.com/OffenderSearch/detail.aspx?Page=Detail&DCNumber=081521&TypeSearch=IR,04/17/2022,COLUMBIA ANNEX,Natural,Closed
"SPENCER, LEONARD",https://fdc.myflorida.com/OffenderSearch/detail.aspx?Page=Detail&DCNumber=063488&TypeSearch=IR,04/18/2022,SANTA ROSA ANNEX,Natural,Closed
"SEAVEY, FRANK",https://fdc.myflorida.com/OffenderSearch/detail.aspx?Page=Detail&DCNumber=100283&TypeSearch=IR,04/20/2022,GULF C.I.,Accident,Closed
"TYSON, TOMMIE",https://fdc.myflorida.com/OffenderSearch/detail.aspx?Page=Detail&DCNumber=574142&TypeSearch=IR,04/22/2022,R.M.C.- MAIN UNIT,Natural,Closed
"SCOTT, WILLIE",https://fdc.myflorida.com/OffenderSearch/detail.aspx?Page=Detail&DCNumber=037499&TypeSearch=IR,04/23/2022,EVERGLADES C.I.,Natural,Closed
"DANIELS, DERRICK",https://fdc.myflorida.com/OffenderSearch/detail.aspx?Page=Detail&DCNumber=167155&TypeSearch=IR,04/24/2022,SANTA ROSA C.I.,Natural,Closed
"PETTIT, THOMAS",https://fdc.myflorida.com/OffenderSearch/detail.aspx?Page=Detail&DCNumber=X90134&TypeSearch=IR,04/24/2022,R.M.C.- MAIN UNIT,Natural,Closed
"FUTRILL, LARRY",https://fdc.myflorida.com/OffenderSearch/detail.aspx?Page=Detail&DCNumber=043605&TypeSearch=IR,04/24/2022,S.F.R.C.,Natural,Closed
"BYRD, DONALD",https://fdc.myflorida.com/OffenderSearch/detail.aspx?Page=Detail&DCNumber=N15658&TypeSearch=IR,04/25/2022,R.M.C.- MAIN UNIT,Natural,Closed
"BROWN, LONNIE",https://fdc.myflorida.com/OffenderSearch/detail.aspx?Page=Detail&DCNumber=757520&TypeSearch=IR,04/26/2022,LOWELL ANNEX,Natural,Closed
"WHITMER, TIMOTHY",https://fdc.myflorida.com/OffenderSearch/detail.aspx?Page=Detail&DCNumber=R91060&TypeSearch=IR,04/27/2022,R.M.C.- MAIN UNIT,Natural,Closed
"NAYLOR, JAMES",https://fdc.myflorida.com/OffenderSearch/detail.aspx?Page=Detail&DCNumber=R92350&TypeSearch=IR,04/28/2022,R.M.C.- MAIN UNIT,Natural,Closed
"HERNANDEZ, RENE",https://fdc.myflorida.com/OffenderSearch/detail.aspx?Page=Detail&DCNumber=197625&TypeSearch=IR,04/28/2022,LAKE C.I.,Natural,OPEN
"MARCUM, JOSEPH",https://fdc.myflorida.com/OffenderSearch/detail.aspx?Page=Detail&DCNumber=W00188&TypeSearch=IR,04/29/2022,SANTA ROSA C.I.,Natural,Closed
"COMALANDER, HAROLD",https://fdc.myflorida.com/OffenderSearch/detail.aspx?Page=Detail&DCNumber=213597&TypeSearch=IR,04/29/2022,ZEPHYRHILLS C.I.,Accident,Closed
"DAVIS, STEVENLAND",https://fdc.myflorida.com/OffenderSearch/detail.aspx?Page=Detail&DCNumber=B02715&TypeSearch=IR,04/30/2022,OKALOOSA C.I.,Natural,OPEN-FDLE
"FENDER, PATRICK",https://fdc.myflorida.com/OffenderSearch/detail.aspx?Page=Detail&DCNumber=H07205&TypeSearch=IR,04/30/2022,POLK C.I.,Accident,Closed
"DAVIDSON, DONALD",https://fdc.myflorida.com/OffenderSearch/detail.aspx?Page=Detail&DCNumber=J29399&TypeSearch=IR,05/02/2022,UNION C.I.,Suicide,Closed
"HULL, CLIFFORD",https://fdc.myflorida.com/OffenderSearch/detail.aspx?Page=Detail&DCNumber=J19024&TypeSearch=IR,05/02/2022,MADISON C.I.,Natural,Closed
"JONES, LAWRENCE",https://fdc.myflorida.com/OffenderSearch/detail.aspx?Page=Detail&DCNumber=077137&TypeSearch=IR,05/05/2022,COLUMBIA C.I.,Natural,OPEN
"FOWLER, THOMAS",https://fdc.myflorida.com/OffenderSearch/detail.aspx?Page=Detail&DCNumber=010418&TypeSearch=IR,05/07/2022,SUWANNEE C.I. ANNEX,Natural,Closed
"GONZALEZ, ANTONIO",https://fdc.myflorida.com/OffenderSearch/detail.aspx?Page=Detail&DCNumber=S25209&TypeSearch=IR,05/10/2022,SANTA ROSA ANNEX,Natural,Closed
,,05/10/2022,R.M.C.- MAIN UNIT,Pending,Closed
,,05/12/2022,WALTON C.I.,Pending,OPEN-FDLE
"SCRIBNER, WILLIAM",https://fdc.myflorida.com/OffenderSearch/detail.aspx?Page=Detail&DCNumber=097187&TypeSearch=IR,05/13/2022,R.M.C.- MAIN UNIT,Natural,Closed
,,05/14/2022,CENTURY C.I.,Suicide,OPEN-FDLE
,,05/14/2022,R.M.C.- MAIN UNIT,Pending,Closed
"GONZALESCORDOVA, ANTONIO",https://fdc.myflorida.com/OffenderSearch/detail.aspx?Page=Detail&DCNumber=Y22596&TypeSearch=IR,05/14/2022,S.F.R.C.,Natural,Closed
"LOWENTHAL, WILLIAM",https://fdc.myflorida.com/OffenderSearch/detail.aspx?Page=Detail&DCNumber=069027&TypeSearch=IR,05/14/2022,MOORE HAVEN C.F.,Natural,OPEN
"WILLIAMS, CEDRIC",https://fdc.myflorida.com/OffenderSearch/detail.aspx?Page=Detail&DCNumber=413848&TypeSearch=IR,05/15/2022,SOUTH BAY C.F.,Natural,OPEN
"SOMMERVILLE, THOMAS",https://fdc.myflorida.com/OffenderSearch/detail.aspx?Page=Detail&DCNumber=X87530&TypeSearch=IR,05/17/2022,BLACKWATER C.F.,Accident,Closed
"GARRON, JOSEPH",https://fdc.myflorida.com/OffenderSearch/detail.aspx?Page=Detail&DCNumber=837344&TypeSearch=IR,05/19/2022,WALTON C.I.,Natural,Closed
,,05/19/2022,R.M.C.- MAIN UNIT,Pending,CLOSED
"RICHARDSON, JAMES",https://fdc.myflorida.com/OffenderSearch/detail.aspx?Page=Detail&DCNumber=094534&TypeSearch=IR,05/19/2022,S.F.R.C.,Natural,Closed
"SHERRELL, PHILLIP",https://fdc.myflorida.com/OffenderSearch/detail.aspx?Page=Detail&DCNumber=C70754&TypeSearch=IR,05/20/2022,COLUMBIA C.I.,Natural,Closed
"STRICKLAND, JARVIS",https://fdc.myflorida.com/OffenderSearch/detail.aspx?Page=Detail&DCNumber=N20510&TypeSearch=IR,05/20/2022,R.M.C.-MAIN UNIT,Natural,Closed
"SANDERS, ANTHONY",https://fdc.myflorida.com/OffenderSearch/detail.aspx?Page=Detail&DCNumber=288886&TypeSearch=IR,05/20/2022,S.F.R.C.,Natural,Closed
,,05/22/2022,R.M.C.- MAIN UNIT,Pending,Closed
"DRYSDALE, JAMES",https://fdc.myflorida.com/OffenderSearch/detail.aspx?Page=Detail&DCNumber=E07349&TypeSearch=IR,05/22/2022,DADE C.I.,Natural,Closed
"WILLIAMS, DENNIS",https://fdc.myflorida.com/OffenderSearch/detail.aspx?Page=Detail&DCNumber=K81904&TypeSearch=IR,05/23/2022,COLUMBIA C.I.,Natural,OPEN-FDLE
,,05/23/2022,R.M.C.- MAIN UNIT,Pending,Closed
,,05/25/2022,MOORE HAVEN C.F.,Suicide,OPEN-FDLE
"WILLIAMS, DERRICK",https://fdc.myflorida.com/OffenderSearch/detail.aspx?Page=Detail&DCNumber=R15474&TypeSearch=IR,05/26/2022,DESOTO ANNEX,Natural,Closed
,,05/27/2022,SANTA ROSA ANNEX,Pending,OPEN-FDLE
"BENJAMIN, WILLIE",https://fdc.myflorida.com/OffenderSearch/detail.aspx?Page=Detail&DCNumber=L23880&TypeSearch=IR,05/28/2022,S.F.R.C.,Natural,OPEN
,,05/29/2022,R.M.C.- MAIN UNIT,Pending,Closed
,,05/30/2022,R.M.C.- MAIN UNIT,Pending,Closed
"SHAFER, JOSEPH",https://fdc.myflorida.com/OffenderSearch/detail.aspx?Page=Detail&DCNumber=055301&TypeSearch=IR,05/30/2022,POLK C.I.,Natural,Closed
"CUSH, THOMAS",https://fdc.myflorida.com/OffenderSearch/detail.aspx?Page=Detail&DCNumber=X49057&TypeSearch=IR,05/31/2022,GRACEVILLE C.F.,Accident,Closed
"DENDY, WALTER",https://fdc.myflorida.com/OffenderSearch/detail.aspx?Page=Detail&DCNumber=L45695&TypeSearch=IR,06/02/2022,DADE C.I.,Natural,Closed
"HESTER, ANTONN",https://fdc.myflorida.com/OffenderSearch/detail.aspx?Page=Detail&DCNumber=M19139&TypeSearch=IR,06/03/2022,COLUMBIA C.I.,Accident,Closed
"COHEN, KENT-->",https://fdc.myflorida.com/OffenderSearch/detail.aspx?Page=Detail&DCNumber=071861&TypeSearch=IR,06/03/2022,R.M.C.- MAIN UNIT,Natural,Closed
"JENKINS, MACK",https://fdc.myflorida.com/OffenderSearch/detail.aspx?Page=Detail&DCNumber=J09358&TypeSearch=IR,06/06/2022,SANTA ROSA C.I.,Natural,Closed
"PERRY, BRANDON",https://fdc.myflorida.com/OffenderSearch/detail.aspx?Page=Detail&DCNumber=535453&TypeSearch=IR,06/06/2022,DADE C.I.,Natural,OPEN-MDPD
,,06/08/2022,COLUMBIA ANNEX,Pending,Closed
"SMITH, MICHAEL",https://fdc.myflorida.com/OffenderSearch/detail.aspx?Page=Detail&DCNumber=D22166&TypeSearch=IR,06/09/2022,CALHOUN C.I.,Accident,OPEN-FDLE
"SMITH, THOMAS",https://fdc.myflorida.com/OffenderSearch/detail.aspx?Page=Detail&DCNumber=L15098&TypeSearch=IR,06/09/2022,LAWTEY C.I.,Natural,OPEN
"HILBERT, RANDY",https://fdc.myflorida.com/OffenderSearch/detail.aspx?Page=Detail&DCNumber=101620&TypeSearch=IR,06/11/2022,R.M.C.- MAIN UNIT,Natural,Closed
,,06/11/2022,CFRC-SOUTH,Pending,Closed
"BOWERS, MELVIN",https://fdc.myflorida.com/OffenderSearch/detail.aspx?Page=Detail&DCNumber=719445&TypeSearch=IR,06/12/2022,EVERGLADES C.I.,Natural,Closed
,,06/13/2022,R.M.C.- MAIN UNIT,Pending,Closed
"MCBRIDE, JOSEPH",https://fdc.myflorida.com/OffenderSearch/detail.aspx?Page=Detail&DCNumber=081516&TypeSearch=IR,06/16/2022,ZEPHYRHILLS C.I.,Natural,Closed
"HENRY, NORMAN",https://fdc.myflorida.com/OffenderSearch/detail.aspx?Page=Detail&DCNumber=E70522&TypeSearch=IR,06/17/2022,R.M.C.- MAIN UNIT,Natural,Closed
"PERKINS, ROBERT",https://fdc.myflorida.com/OffenderSearch/detail.aspx?Page=Detail&DCNumber=031293&TypeSearch=IR,06/18/2022,CALHOUN C.I.,Natural,CLOSED
"WRIGHT, JOSEPH",https://fdc.myflorida.com/OffenderSearch/detail.aspx?Page=Detail&DCNumber=060235&TypeSearch=IR,06/19/2022,R.M.C.- MAIN UNIT,Natural,Closed
"CSIRKE, DENES",https://fdc.myflorida.com/OffenderSearch/detail.aspx?Page=Detail&DCNumber=B06032&TypeSearch=IR,06/19/2022,CROSS CITY C.I.,Natural,Closed
"PUGH, WARREN",https://fdc.myflorida.com/OffenderSearch/detail.aspx?Page=Detail&DCNumber=S41301&TypeSearch=IR,06/19/2022,CHARLOTTE C.I.,Natural,Closed
,,06/20/2022,LIBERTY C.I.,Pending,OPEN
,,06/21/2022,R.M.C.- MAIN UNIT,Pending,Closed
"SPIKER, SHAWN",https://fdc.myflorida.com/OffenderSearch/detail.aspx?Page=Detail&DCNumber=J61777&TypeSearch=IR,06/21/2022,TOMOKA C.I.,Natural,Closed
"PINEDA, WLADIMIR",https://fdc.myflorida.com/OffenderSearch/detail.aspx?Page=Detail&DCNumber=T41018&TypeSearch=IR,06/21/2022,POLK C.I.,Accident,Closed
"MCTIER, BRYAN",https://fdc.myflorida.com/OffenderSearch/detail.aspx?Page=Detail&DCNumber=R59724&TypeSearch=IR,06/22/2022,TOMOKA C.I.,Natural,Closed
,,06/22/2022,CFRC-SOUTH,Pending,Closed
"FIRSHER, MEL",https://fdc.myflorida.com/OffenderSearch/detail.aspx?Page=Detail&DCNumber=381711&TypeSearch=IR,06/22/2022,S.F.R.C.,Natural,Closed
,,06/24/2022,CFRC-SOUTH,Pending,Closed
"PEDROSO, ORTILIO",https://fdc.myflorida.com/OffenderSearch/detail.aspx?Page=Detail&DCNumber=B03002&TypeSearch=IR,06/25/2022,DADE C.I.,Natural,Closed
,,06/26/2022,WALTON C.I.,Pending,OPEN
,,06/26/2022,LIBERTY C.I.,Pending,OPEN
,,06/26/2022,S.F.R.C.,Pending,Closed
,,06/27/2022,UNION C.I.,Suicide,OPEN
"SELG, EUGENE",https://fdc.myflorida.com/OffenderSearch/detail.aspx?Page=Detail&DCNumber=C07792&TypeSearch=IR,06/28/2022,R.M.C.- MAIN UNIT,Accident,Closed
,,06/28/2022,R.M.C.- MAIN UNIT,Pending,Closed
,,06/28/2022,SUWANNEE C.I,Pending,Closed