﻿Title,Column 1,Column 2,Column 3,Column 4,Column 5
Name,DC Number,Date of Death,Institution Name,Manner of DeathDetermined by ME,Investigative Status
"DENHAM, WILLIAM",https://fdc.myflorida.com/OffenderSearch/detail.aspx?Page=Detail&DCNumber=H38484&TypeSearch=IR,07/01/2016,CFRC-SOUTH,Natural,Closed
"WOODS, LESTER",https://fdc.myflorida.com/OffenderSearch/detail.aspx?Page=Detail&DCNumber=H24821&TypeSearch=IR,07/02/2016,MOORE HAVEN C.F.,Natural,Closed
"MEDDERS, MARVIN",https://fdc.myflorida.com/OffenderSearch/detail.aspx?Page=Detail&DCNumber=134496&TypeSearch=IR,07/02/2016,SANTA ROSA ANNEX,Natural,Closed
"CHAVIS, CRAIG",https://fdc.myflorida.com/OffenderSearch/detail.aspx?Page=Detail&DCNumber=203738&TypeSearch=IR,07/06/2016,R.M.C.- MAIN UNIT,Natural,Closed
"CHESTER, ELIJAH",https://fdc.myflorida.com/OffenderSearch/detail.aspx?Page=Detail&DCNumber=330582&TypeSearch=IR,07/06/2016,R.M.C.- MAIN UNIT,Natural,Closed
"CASTILLO, ANTONIO",https://fdc.myflorida.com/OffenderSearch/detail.aspx?Page=Detail&DCNumber=H39918&TypeSearch=IR,07/06/2016,AVON PARK C.I.,Natural,Closed
"TERROW, RAY",https://fdc.myflorida.com/OffenderSearch/detail.aspx?Page=Detail&DCNumber=066985&TypeSearch=IR,07/09/2016,R.M.C.- MAIN UNIT,Natural,Closed
"PRATTER, LARRY",https://fdc.myflorida.com/OffenderSearch/detail.aspx?Page=Detail&DCNumber=452454&TypeSearch=IR,07/09/2016,S.F.R.C.,Natural,Closed
"PISA, JOHN",https://fdc.myflorida.com/OffenderSearch/detail.aspx?Page=Detail&DCNumber=995620&TypeSearch=IR,07/09/2016,S.F.R.C.,Natural,Closed
"EDDY, JAMES",https://fdc.myflorida.com/OffenderSearch/detail.aspx?Page=Detail&DCNumber=R17974&TypeSearch=IR,07/09/2016,UNION C.I.,Suicide,Closed (https://fdc.myflorida.com/pub/mortality/PDF/R17974.pdf)
"YASHUS, KEVIN",https://fdc.myflorida.com/OffenderSearch/detail.aspx?Page=Detail&DCNumber=593959&TypeSearch=IR,07/11/2016,R.M.C.- MAIN UNIT,Natural,Closed
"GROOMS, CLIFFORD",https://fdc.myflorida.com/OffenderSearch/detail.aspx?Page=Detail&DCNumber=034050&TypeSearch=IR,07/13/2016,R.M.C.- MAIN UNIT,Natural,Closed
"WILSON, STEVEN",https://fdc.myflorida.com/OffenderSearch/detail.aspx?Page=Detail&DCNumber=096579&TypeSearch=IR,07/14/2016,S.F.R.C.,Natural,Closed
"WEST, MARVIN",https://fdc.myflorida.com/OffenderSearch/detail.aspx?Page=Detail&DCNumber=130260&TypeSearch=IR,07/14/2016,CHARLOTTE C.I.,Natural,Closed
"RAASCH, HANS",https://fdc.myflorida.com/OffenderSearch/detail.aspx?Page=Detail&DCNumber=214941&TypeSearch=IR,07/14/2016,R.M.C.- MAIN UNIT,Natural,Closed
"KYLER, MAURICIO",https://fdc.myflorida.com/OffenderSearch/detail.aspx?Page=Detail&DCNumber=560319&TypeSearch=IR,07/15/2016,R.M.C.- MAIN UNIT,Natural,Closed
"THOMPSON, DENNIS",https://fdc.myflorida.com/OffenderSearch/detail.aspx?Page=Detail&DCNumber=357197&TypeSearch=IR,07/17/2016,COLUMBIA C.I.,Natural,Closed
"PHELPS, LLOYD",https://fdc.myflorida.com/OffenderSearch/detail.aspx?Page=Detail&DCNumber=724729&TypeSearch=IR,07/17/2016,R.M.C.- MAIN UNIT,Natural,Closed
"RIVERO, JOSE",https://fdc.myflorida.com/OffenderSearch/detail.aspx?Page=Detail&DCNumber=M93247&TypeSearch=IR,07/18/2016,S.F.R.C.,Natural,Closed
"JONES, FRANK",https://fdc.myflorida.com/OffenderSearch/detail.aspx?Page=Detail&DCNumber=V46501&TypeSearch=IR,07/20/2016,R.M.C.- MAIN UNIT,Natural,Closed
"WALKER, NATHANIEL",https://fdc.myflorida.com/OffenderSearch/detail.aspx?Page=Detail&DCNumber=047105&TypeSearch=IR,07/21/2016,S.F.R.C.,Natural,Closed
"LEE, WILLIAM",https://fdc.myflorida.com/OffenderSearch/detail.aspx?Page=Detail&DCNumber=122930&TypeSearch=IR,07/21/2016,R.M.C.- MAIN UNIT,Natural,Closed
"HILL, DEREK",https://fdc.myflorida.com/OffenderSearch/detail.aspx?Page=Detail&DCNumber=099724&TypeSearch=IR,07/22/2016,R.M.C.- MAIN UNIT,Natural,Closed
"WOOLFOLK, ANTHONY",https://fdc.myflorida.com/OffenderSearch/detail.aspx?Page=Detail&DCNumber=720792&TypeSearch=IR,07/22/2016,R.M.C.- MAIN UNIT,Natural,Closed
"NOBREGA, DENNIS",https://fdc.myflorida.com/OffenderSearch/detail.aspx?Page=Detail&DCNumber=K52273&TypeSearch=IR,07/23/2016,WAKULLA ANNEX,Accident,Closed (https://fdc.myflorida.com/pub/mortality/PDF/K52273.pdf)
"CLEARWATER, HARLIE",https://fdc.myflorida.com/OffenderSearch/detail.aspx?Page=Detail&DCNumber=K85425&TypeSearch=IR,07/24/2016,S.F.R.C.,Natural,Closed
"LAMM, DANNY",https://fdc.myflorida.com/OffenderSearch/detail.aspx?Page=Detail&DCNumber=E12381&TypeSearch=IR,07/24/2016,R.M.C.- MAIN UNIT,Natural,Closed
"GUILBEAUX, JOSEPH",https://fdc.myflorida.com/OffenderSearch/detail.aspx?Page=Detail&DCNumber=075244&TypeSearch=IR,07/24/2016,R.M.C.- MAIN UNIT,Natural,Closed
"SNEED, DAVID",https://fdc.myflorida.com/OffenderSearch/detail.aspx?Page=Detail&DCNumber=960777&TypeSearch=IR,07/24/2016,CHARLOTTE C.I.,Natural,Closed
"HUNTER, DAVID",https://fdc.myflorida.com/OffenderSearch/detail.aspx?Page=Detail&DCNumber=595154&TypeSearch=IR,07/25/2016,R.M.C.- MAIN UNIT,Natural,Closed
"NIX, ALEXANDER",https://fdc.myflorida.com/OffenderSearch/detail.aspx?Page=Detail&DCNumber=563407&TypeSearch=IR,07/26/2016,R.M.C.- MAIN UNIT,Natural,Closed
"SEJOUR, DAN",https://fdc.myflorida.com/OffenderSearch/detail.aspx?Page=Detail&DCNumber=W25418&TypeSearch=IR,07/27/2016,NWFRC MAIN UNIT.,Suicide,Closed (https://fdc.myflorida.com/pub/mortality/PDF/W25418.pdf)
"CORNELIUS, OTT",https://fdc.myflorida.com/OffenderSearch/detail.aspx?Page=Detail&DCNumber=887303&TypeSearch=IR,07/28/2016,R.M.C.- MAIN UNIT,Natural,Closed
"WOODS, WALLACE",https://fdc.myflorida.com/OffenderSearch/detail.aspx?Page=Detail&DCNumber=034612&TypeSearch=IR,07/28/2016,R.M.C.- MAIN UNIT,Natural,Closed
"LOPEZ, CRUZ",https://fdc.myflorida.com/OffenderSearch/detail.aspx?Page=Detail&DCNumber=044253&TypeSearch=IR,07/28/2016,R.M.C.- MAIN UNIT,Natural,Closed
"CHALLIS, BRIAN",https://fdc.myflorida.com/OffenderSearch/detail.aspx?Page=Detail&DCNumber=115118&TypeSearch=IR,07/30/2016,R.M.C.- MAIN UNIT,Suicide,Closed (https://fdc.myflorida.com/pub/mortality/PDF/115118.pdf)
"BROWN, BRIAN",https://fdc.myflorida.com/OffenderSearch/detail.aspx?Page=Detail&DCNumber=139575&TypeSearch=IR,07/30/2016,R.M.C.- MAIN UNIT,Natural,Closed
"HARNEY, VINCENT",https://fdc.myflorida.com/OffenderSearch/detail.aspx?Page=Detail&DCNumber=586602&TypeSearch=IR,07/30/2016,S.F.R.C.,Natural,Closed
"HUGGINS, JAMES",https://fdc.myflorida.com/OffenderSearch/detail.aspx?Page=Detail&DCNumber=C04657&TypeSearch=IR,07/31/2016,S.F.R.C.,Natural,Closed
"MCWILLIAMS, JACK",https://fdc.myflorida.com/OffenderSearch/detail.aspx?Page=Detail&DCNumber=058131&TypeSearch=IR,08/01/2016,EVERGLADES C.I.,Natural,Closed
"SHEPPARD, GEORGE",https://fdc.myflorida.com/OffenderSearch/detail.aspx?Page=Detail&DCNumber=696204&TypeSearch=IR,08/01/2016,FRANKLIN C.I.,Natural,Closed
"SLATON, DAVIS",https://fdc.myflorida.com/OffenderSearch/detail.aspx?Page=Detail&DCNumber=122717&TypeSearch=IR,08/03/2016,UNION C.I.,Natural,Closed
"MOTA, ROLANDO",https://fdc.myflorida.com/OffenderSearch/detail.aspx?Page=Detail&DCNumber=Y16802&TypeSearch=IR,08/03/2016,R.M.C.- MAIN UNIT,Natural,Closed
"NABER, JUSTIN",https://fdc.myflorida.com/OffenderSearch/detail.aspx?Page=Detail&DCNumber=D35750&TypeSearch=IR,08/06/2016,DADE C.I.,Suicide,Closed
"GUYDEN, CAUSEY",https://fdc.myflorida.com/OffenderSearch/detail.aspx?Page=Detail&DCNumber=815896&TypeSearch=IR,08/06/2016,R.M.C.- MAIN UNIT,Natural,Closed
"MILLER, JOSEPH",https://fdc.myflorida.com/OffenderSearch/detail.aspx?Page=Detail&DCNumber=181073&TypeSearch=IR,08/07/2016,R.M.C.- MAIN UNIT,Natural,Closed
"JAAFAR, ISMA'IL",https://fdc.myflorida.com/OffenderSearch/detail.aspx?Page=Detail&DCNumber=238258&TypeSearch=IR,08/07/2016,HARDEE C.I.,Natural,Closed
"BRYANT, RICHARD",https://fdc.myflorida.com/OffenderSearch/detail.aspx?Page=Detail&DCNumber=036586&TypeSearch=IR,08/07/2016,R.M.C.- MAIN UNIT,Natural,Closed
"DALTON, PATRICK",https://fdc.myflorida.com/OffenderSearch/detail.aspx?Page=Detail&DCNumber=V36061&TypeSearch=IR,08/08/2016,CHARLOTTE C.I.,Accident,Closed (https://fdc.myflorida.com/pub/mortality/PDF/V36061.pdf)
"OUTLER, ALEXANDER",https://fdc.myflorida.com/OffenderSearch/detail.aspx?Page=Detail&DCNumber=028909&TypeSearch=IR,08/12/2016,R.M.C.- MAIN UNIT,Natural,Closed
"MCCALL, PATRICK",https://fdc.myflorida.com/OffenderSearch/detail.aspx?Page=Detail&DCNumber=135133&TypeSearch=IR,08/13/2016,R.M.C.- MAIN UNIT,Natural,Closed
"DEAL, KEITH",https://fdc.myflorida.com/OffenderSearch/detail.aspx?Page=Detail&DCNumber=Q26772&TypeSearch=IR,08/14/2016,R.M.C.- MAIN UNIT,Natural,Closed
"NOBLES, CLEO",https://fdc.myflorida.com/OffenderSearch/detail.aspx?Page=Detail&DCNumber=Q27457&TypeSearch=IR,08/14/2016,R.M.C.- MAIN UNIT,Natural,Closed
"MCQUAY, LOWANNA",https://fdc.myflorida.com/OffenderSearch/detail.aspx?Page=Detail&DCNumber=D11292&TypeSearch=IR,08/15/2016,R.M.C.- MAIN UNIT,Natural,Closed
"SMITH, RICHARD",https://fdc.myflorida.com/OffenderSearch/detail.aspx?Page=Detail&DCNumber=E08374&TypeSearch=IR,08/17/2016,NWFRC ANNEX.,Homicide,Closed (https://fdc.myflorida.com/pub/mortality/PDF/E08374.pdf)
"HITTNER, ROBERT",https://fdc.myflorida.com/OffenderSearch/detail.aspx?Page=Detail&DCNumber=B12518&TypeSearch=IR,08/24/2016,R.M.C.- MAIN UNIT,Natural,Closed
"BOLDS, THOMAS",https://fdc.myflorida.com/OffenderSearch/detail.aspx?Page=Detail&DCNumber=P48576&TypeSearch=IR,08/24/2016,R.M.C.- MAIN UNIT,Natural,Closed
"GRAVES, LEAVORN",https://fdc.myflorida.com/OffenderSearch/detail.aspx?Page=Detail&DCNumber=P02424&TypeSearch=IR,08/25/2016,R.M.C.- MAIN UNIT,Natural,Closed
"MULLINS, GERALD",https://fdc.myflorida.com/OffenderSearch/detail.aspx?Page=Detail&DCNumber=U41127&TypeSearch=IR,08/29/2016,R.M.C.- MAIN UNIT,Natural,Closed
"BOYD, RANDY",https://fdc.myflorida.com/OffenderSearch/detail.aspx?Page=Detail&DCNumber=U01476&TypeSearch=IR,09/04/2016,R.M.C.- MAIN UNIT,Natural,Closed
"WELCH, MARTIN",https://fdc.myflorida.com/OffenderSearch/detail.aspx?Page=Detail&DCNumber=525890&TypeSearch=IR,09/05/2016,MOORE HAVEN C.F.,Natural,Closed
"KEITH, MICHAEL",https://fdc.myflorida.com/OffenderSearch/detail.aspx?Page=Detail&DCNumber=893755&TypeSearch=IR,09/06/2016,R.M.C.- MAIN UNIT,Natural,Closed
"MENDEZ, LUIS",https://fdc.myflorida.com/OffenderSearch/detail.aspx?Page=Detail&DCNumber=B10643&TypeSearch=IR,09/07/2016,S.F.R.C.,Natural,Closed
"BREWER, STEVEN",https://fdc.myflorida.com/OffenderSearch/detail.aspx?Page=Detail&DCNumber=750824&TypeSearch=IR,09/09/2016,DADE C.I.,Natural,Closed
"FURY, DONALD",https://fdc.myflorida.com/OffenderSearch/detail.aspx?Page=Detail&DCNumber=377446&TypeSearch=IR,09/09/2016,ZEPHYRHILLS C.I.,Natural,Closed
"DANIELS, RICHARD",https://fdc.myflorida.com/OffenderSearch/detail.aspx?Page=Detail&DCNumber=167582&TypeSearch=IR,09/10/2016,SUMTER C.I.,Suicide,Closed (https://fdc.myflorida.com/pub/mortality/PDF/167582.pdf)
"JAMES, QUINCEY",https://fdc.myflorida.com/OffenderSearch/detail.aspx?Page=Detail&DCNumber=633682&TypeSearch=IR,09/10/2016,DADE C.I.,Natural,Closed
"JAFFE, JOEL",https://fdc.myflorida.com/OffenderSearch/detail.aspx?Page=Detail&DCNumber=L10359&TypeSearch=IR,09/10/2016,S.F.R.C.,Natural,Closed
"BOYNE, ARTHUR",https://fdc.myflorida.com/OffenderSearch/detail.aspx?Page=Detail&DCNumber=621094&TypeSearch=IR,09/11/2016,CFRC-EAST,Natural,Closed
"STARNER, RANDY",https://fdc.myflorida.com/OffenderSearch/detail.aspx?Page=Detail&DCNumber=126830&TypeSearch=IR,09/11/2016,CENTURY C.I.,Natural,Closed
"GRIFFITH, CLETUS",https://fdc.myflorida.com/OffenderSearch/detail.aspx?Page=Detail&DCNumber=149629&TypeSearch=IR,09/15/2016,R.M.C.- MAIN UNIT,Natural,Closed
"GAWRONSKI, WILLIAM",https://fdc.myflorida.com/OffenderSearch/detail.aspx?Page=Detail&DCNumber=028747&TypeSearch=IR,09/16/2016,R.M.C.- MAIN UNIT,Natural,Closed
"DRAKE, CLINTON",https://fdc.myflorida.com/OffenderSearch/detail.aspx?Page=Detail&DCNumber=Y53797&TypeSearch=IR,09/16/2016,DADE C.I.,Suicide,Closed (https://fdc.myflorida.com/pub/mortality/PDF/Y53797.pdf)
"BRANDT, PHILLIP",https://fdc.myflorida.com/OffenderSearch/detail.aspx?Page=Detail&DCNumber=092834&TypeSearch=IR,09/18/2016,S.F.R.C.,Natural,Closed
"RIVERA, JUAN",https://fdc.myflorida.com/OffenderSearch/detail.aspx?Page=Detail&DCNumber=039410&TypeSearch=IR,09/19/2016,S.F.R.C.,Natural,Closed
"HOLLOWAY, FANNIE",https://fdc.myflorida.com/OffenderSearch/detail.aspx?Page=Detail&DCNumber=698912&TypeSearch=IR,09/19/2016,R.M.C.- MAIN UNIT,Natural,Closed
"DELANG, ROBERT",https://fdc.myflorida.com/OffenderSearch/detail.aspx?Page=Detail&DCNumber=C09481&TypeSearch=IR,09/22/2016,S.F.R.C.,Natural,Closed
"MILLER, HOLLAND",https://fdc.myflorida.com/OffenderSearch/detail.aspx?Page=Detail&DCNumber=763310&TypeSearch=IR,09/24/2016,R.M.C.- MAIN UNIT,Natural,Closed
"CARTER, AL",https://fdc.myflorida.com/OffenderSearch/detail.aspx?Page=Detail&DCNumber=031560&TypeSearch=IR,09/25/2016,OKEECHOBEE C.I.,Natural,Closed
"WHITE, DENNIS",https://fdc.myflorida.com/OffenderSearch/detail.aspx?Page=Detail&DCNumber=499177&TypeSearch=IR,09/25/2016,CHARLOTTE C.I.,Natural,Closed
"BEYO, NICHOLAS",https://fdc.myflorida.com/OffenderSearch/detail.aspx?Page=Detail&DCNumber=E13389&TypeSearch=IR,09/26/2016,SOUTH BAY C.F.,Suicide,Closed (https://fdc.myflorida.com/pub/mortality/PDF/E13389.pdf)
"GREEN, ADAM",https://fdc.myflorida.com/OffenderSearch/detail.aspx?Page=Detail&DCNumber=E20774&TypeSearch=IR,09/27/2016,SANTA ROSA ANNEX,Suicide,Closed (https://fdc.myflorida.com/pub/mortality/PDF/E20774.pdf)
"BABBS, VINCENT",https://fdc.myflorida.com/OffenderSearch/detail.aspx?Page=Detail&DCNumber=887783&TypeSearch=IR,09/30/2016,R.M.C.- MAIN UNIT,Natural,Closed
"MAY, TIMOTHY",https://fdc.myflorida.com/OffenderSearch/detail.aspx?Page=Detail&DCNumber=519686&TypeSearch=IR,09/30/2016,R.M.C.- MAIN UNIT,Natural,Closed
"WHITCHARD, ROBERT",https://fdc.myflorida.com/OffenderSearch/detail.aspx?Page=Detail&DCNumber=068128&TypeSearch=IR,10/01/2016,S.F.R.C.,Natural,Closed
"CONNOR, SEBURT",https://fdc.myflorida.com/OffenderSearch/detail.aspx?Page=Detail&DCNumber=124517&TypeSearch=IR,10/01/2016,R.M.C.- MAIN UNIT,Natural,Closed
"BIVENS, DIANO",https://fdc.myflorida.com/OffenderSearch/detail.aspx?Page=Detail&DCNumber=121025&TypeSearch=IR,10/02/2016,S.F.R.C.,Natural,Closed
"WILSON, CHELSIE",https://fdc.myflorida.com/OffenderSearch/detail.aspx?Page=Detail&DCNumber=I50595&TypeSearch=IR,10/02/2016,R.M.C.- MAIN UNIT,Natural,Closed
"MCANNALLY, TIMOTHY",https://fdc.myflorida.com/OffenderSearch/detail.aspx?Page=Detail&DCNumber=J30025&TypeSearch=IR,10/02/2016,R.M.C.- MAIN UNIT,Natural,Closed
"WARD, THOMAS",https://fdc.myflorida.com/OffenderSearch/detail.aspx?Page=Detail&DCNumber=J57987&TypeSearch=IR,10/03/2016,R.M.C.- MAIN UNIT,Natural,Closed
"WALKER, EZELL",https://fdc.myflorida.com/OffenderSearch/detail.aspx?Page=Detail&DCNumber=024078&TypeSearch=IR,10/05/2016,EVERGLADES C.I.,Natural,Closed
"ASSAMAD, NASEEM",https://fdc.myflorida.com/OffenderSearch/detail.aspx?Page=Detail&DCNumber=826483&TypeSearch=IR,10/05/2016,R.M.C.- MAIN UNIT,Natural,Closed
"STEADMAN, BRANDON",https://fdc.myflorida.com/OffenderSearch/detail.aspx?Page=Detail&DCNumber=N24338&TypeSearch=IR,10/07/2016,GULF C.I.,Natural,Closed
"MCDONALD, RHONDA",https://fdc.myflorida.com/OffenderSearch/detail.aspx?Page=Detail&DCNumber=M39796&TypeSearch=IR,10/08/2016,S.F.R.C.,Natural,Closed
"POWELL, CHRISTOPHER",https://fdc.myflorida.com/OffenderSearch/detail.aspx?Page=Detail&DCNumber=J34138&TypeSearch=IR,10/08/2016,MARTIN C.I.,Homicide,Closed
"SMALLEY, THOMAS",https://fdc.myflorida.com/OffenderSearch/detail.aspx?Page=Detail&DCNumber=804428&TypeSearch=IR,10/11/2016,R.M.C.- MAIN UNIT,Natural,Closed
"CLEMENTS, FRANKIE",https://fdc.myflorida.com/OffenderSearch/detail.aspx?Page=Detail&DCNumber=037046&TypeSearch=IR,10/12/2016,R.M.C.- MAIN UNIT,Natural,Closed
"HARPER, RICHARD",https://fdc.myflorida.com/OffenderSearch/detail.aspx?Page=Detail&DCNumber=N03208&TypeSearch=IR,10/13/2016,JACKSON C.I.,Accident,Closed (https://fdc.myflorida.com/pub/mortality/PDF/N03208.pdf)
"L'HEUREUX, DOUGLAS",https://fdc.myflorida.com/OffenderSearch/detail.aspx?Page=Detail&DCNumber=A51290&TypeSearch=IR,10/14/2016,R.M.C.- MAIN UNIT,Natural,Closed
"SPRINGS, DONNIE",https://fdc.myflorida.com/OffenderSearch/detail.aspx?Page=Detail&DCNumber=196151&TypeSearch=IR,10/15/2016,R.M.C.- MAIN UNIT,Natural,Closed
"LACUE, ROGER",https://fdc.myflorida.com/OffenderSearch/detail.aspx?Page=Detail&DCNumber=634608&TypeSearch=IR,10/15/2016,EVERGLADES C.I.,Natural,Closed
"HOWARD, CHERRY",https://fdc.myflorida.com/OffenderSearch/detail.aspx?Page=Detail&DCNumber=T57518&TypeSearch=IR,10/15/2016,R.M.C.- MAIN UNIT,Natural,Closed
"ANDERSON, AARON",https://fdc.myflorida.com/OffenderSearch/detail.aspx?Page=Detail&DCNumber=061286&TypeSearch=IR,10/17/2016,S.F.R.C.,Natural,Closed
"GAVIN, WILLIE",https://fdc.myflorida.com/OffenderSearch/detail.aspx?Page=Detail&DCNumber=H28662&TypeSearch=IR,10/17/2016,CROSS CITY C.I.,Natural,Closed
"DIAZ, TAMARA",https://fdc.myflorida.com/OffenderSearch/detail.aspx?Page=Detail&DCNumber=X44351&TypeSearch=IR,10/17/2016,R.M.C.- MAIN UNIT,Natural,Closed
"DANIELS, MARQCUS",https://fdc.myflorida.com/OffenderSearch/detail.aspx?Page=Detail&DCNumber=X68631&TypeSearch=IR,10/18/2016,GULF C.I.,Natural,Closed
"IZAGUIRRE, REGINO",https://fdc.myflorida.com/OffenderSearch/detail.aspx?Page=Detail&DCNumber=M41626&TypeSearch=IR,10/18/2016,R.M.C.- MAIN UNIT,Natural,Closed
"HILTON, JOHNNY",https://fdc.myflorida.com/OffenderSearch/detail.aspx?Page=Detail&DCNumber=576822&TypeSearch=IR,10/19/2016,R.M.C.- MAIN UNIT,Natural,Closed
"SANDERS, JAMES",https://fdc.myflorida.com/OffenderSearch/detail.aspx?Page=Detail&DCNumber=026412&TypeSearch=IR,10/20/2016,R.M.C.- MAIN UNIT,Homicide,Closed (https://fdc.myflorida.com/pub/mortality/PDF/026412.pdf)
"SINGLETARY, PRINCE",https://fdc.myflorida.com/OffenderSearch/detail.aspx?Page=Detail&DCNumber=109879&TypeSearch=IR,10/20/2016,CFRC-MAIN,Natural,Closed
"MARTIN, WADE",https://fdc.myflorida.com/OffenderSearch/detail.aspx?Page=Detail&DCNumber=Y02979&TypeSearch=IR,10/22/2016,CFRC-MAIN,Natural,Closed (https://fdc.myflorida.com/pub/mortality/PDF/Y02979.pdf)
"SMITH, TROY",https://fdc.myflorida.com/OffenderSearch/detail.aspx?Page=Detail&DCNumber=096135&TypeSearch=IR,10/22/2016,DADE C.I.,Natural,Closed
"WHEELER, BRUCE",https://fdc.myflorida.com/OffenderSearch/detail.aspx?Page=Detail&DCNumber=J50941&TypeSearch=IR,10/23/2016,R.M.C.- MAIN UNIT,Natural,Closed
"MAIDA, PHILIP",https://fdc.myflorida.com/OffenderSearch/detail.aspx?Page=Detail&DCNumber=V37334&TypeSearch=IR,10/24/2016,R.M.C.- MAIN UNIT,Natural,Closed
"TURNER, DERRELL",https://fdc.myflorida.com/OffenderSearch/detail.aspx?Page=Detail&DCNumber=030178&TypeSearch=IR,10/26/2016,R.M.C.- MAIN UNIT,Natural,Closed
"FRANCIS, ROBERT",https://fdc.myflorida.com/OffenderSearch/detail.aspx?Page=Detail&DCNumber=062097&TypeSearch=IR,10/28/2016,S.F.R.C.,Natural,Closed
"GRIZZLE, DANNY",https://fdc.myflorida.com/OffenderSearch/detail.aspx?Page=Detail&DCNumber=D15020&TypeSearch=IR,10/28/2016,R.M.C.- MAIN UNIT,Natural,Closed
"LAWSON, THOMAS",https://fdc.myflorida.com/OffenderSearch/detail.aspx?Page=Detail&DCNumber=T79674&TypeSearch=IR,10/30/2016,R.M.C.- MAIN UNIT,Natural,Closed
"WEST, CECIL",https://fdc.myflorida.com/OffenderSearch/detail.aspx?Page=Detail&DCNumber=097189&TypeSearch=IR,10/31/2016,MARTIN C.I.,Suicide,Closed
"CREWS, JASON",https://fdc.myflorida.com/OffenderSearch/detail.aspx?Page=Detail&DCNumber=149697&TypeSearch=IR,11/02/2016,TTH Dinsmore,Natural,Closed
"ELIASALAS, MIGUEL",https://fdc.myflorida.com/OffenderSearch/detail.aspx?Page=Detail&DCNumber=723878&TypeSearch=IR,11/02/2016,SUWANNEE C.I,Homicide,Closed (https://fdc.myflorida.com/pub/mortality/PDF/723878.pdf)
"CESAIRE, ROBERT",https://fdc.myflorida.com/OffenderSearch/detail.aspx?Page=Detail&DCNumber=B14917&TypeSearch=IR,11/02/2016,S.F.R.C.,Natural,Closed
"CHAMBERS, RICHARD",https://fdc.myflorida.com/OffenderSearch/detail.aspx?Page=Detail&DCNumber=042212&TypeSearch=IR,11/04/2016,R.M.C.- MAIN UNIT,Natural,Closed
"HARRIELSON, LEROY",https://fdc.myflorida.com/OffenderSearch/detail.aspx?Page=Detail&DCNumber=003453&TypeSearch=IR,11/06/2016,S.F.R.C.,Natural,Closed
"GEIGER, DANIEL",https://fdc.myflorida.com/OffenderSearch/detail.aspx?Page=Detail&DCNumber=J42951&TypeSearch=IR,11/07/2016,LAKE C.I.,Accident,Closed (https://fdc.myflorida.com/pub/mortality/PDF/J42951.pdf)
"SIMONS, JERRY",https://fdc.myflorida.com/OffenderSearch/detail.aspx?Page=Detail&DCNumber=033519&TypeSearch=IR,11/09/2016,DADE C.I.,Natural,Closed
"JONES, DAVID",https://fdc.myflorida.com/OffenderSearch/detail.aspx?Page=Detail&DCNumber=914949&TypeSearch=IR,11/10/2016,UNION C.I.,Natural,Closed
"SHERIDAN, WILLIAM",https://fdc.myflorida.com/OffenderSearch/detail.aspx?Page=Detail&DCNumber=144014&TypeSearch=IR,11/11/2016,MADISON C.I.,Natural,Closed
"PAYNE, RICKY",https://fdc.myflorida.com/OffenderSearch/detail.aspx?Page=Detail&DCNumber=279058&TypeSearch=IR,11/12/2016,R.M.C.- MAIN UNIT,Natural,Closed
"ETHRIDGE, MICHAEL",https://fdc.myflorida.com/OffenderSearch/detail.aspx?Page=Detail&DCNumber=288584&TypeSearch=IR,11/14/2016,R.M.C.- MAIN UNIT,Natural,Closed
"REAVES, JAMES",https://fdc.myflorida.com/OffenderSearch/detail.aspx?Page=Detail&DCNumber=034351&TypeSearch=IR,11/15/2016,SUWANNEE C.I. ANNEX,Natural,Closed
"CARTER, JAMES",https://fdc.myflorida.com/OffenderSearch/detail.aspx?Page=Detail&DCNumber=H24579&TypeSearch=IR,11/15/2016,APALACHEE EAST UNIT,Natural,Closed
"BASS, JOSEPH",https://fdc.myflorida.com/OffenderSearch/detail.aspx?Page=Detail&DCNumber=H28439&TypeSearch=IR,11/15/2016,R.M.C.- MAIN UNIT,Natural,Closed
"TURNER, MICHAEL",https://fdc.myflorida.com/OffenderSearch/detail.aspx?Page=Detail&DCNumber=H32923&TypeSearch=IR,11/17/2016,NWFRC MAIN UNIT.,Natural,Closed
"HARPER, JAMIE",https://fdc.myflorida.com/OffenderSearch/detail.aspx?Page=Detail&DCNumber=Y04771&TypeSearch=IR,11/18/2016,R.M.C.- MAIN UNIT,Natural,Closed
"KEENE, ROBERT",https://fdc.myflorida.com/OffenderSearch/detail.aspx?Page=Detail&DCNumber=280557&TypeSearch=IR,11/23/2016,R.M.C.- MAIN UNIT,Natural,Closed
"BALES, SHANNON",https://fdc.myflorida.com/OffenderSearch/detail.aspx?Page=Detail&DCNumber=369726&TypeSearch=IR,11/23/2016,R.M.C.- MAIN UNIT,Natural,Closed
"BERNUTH, DAVID",https://fdc.myflorida.com/OffenderSearch/detail.aspx?Page=Detail&DCNumber=244917&TypeSearch=IR,11/24/2016,EVERGLADES C.I.,Natural,Closed
"BAKER, BILLIE",https://fdc.myflorida.com/OffenderSearch/detail.aspx?Page=Detail&DCNumber=925010&TypeSearch=IR,11/24/2016,R.M.C.- MAIN UNIT,Natural,Closed
"SETTICASE, PHILIP",https://fdc.myflorida.com/OffenderSearch/detail.aspx?Page=Detail&DCNumber=J46055&TypeSearch=IR,11/25/2016,R.M.C.- MAIN UNIT,Natural,Closed
"LUTTRELL, JESSIE",https://fdc.myflorida.com/OffenderSearch/detail.aspx?Page=Detail&DCNumber=J54291&TypeSearch=IR,11/25/2016,BRIDGES OF JACKSONVI,Accident,Closed (https://fdc.myflorida.com/pub/mortality/PDF/J54291.pdf)
"BROWN, LOUIS",https://fdc.myflorida.com/OffenderSearch/detail.aspx?Page=Detail&DCNumber=095421&TypeSearch=IR,11/25/2016,R.M.C.- MAIN UNIT,Natural,Closed
"SMITH, TIMMY",https://fdc.myflorida.com/OffenderSearch/detail.aspx?Page=Detail&DCNumber=137208&TypeSearch=IR,11/25/2016,SUWANNEE C.I. ANNEX,Accident,Closed (https://fdc.myflorida.com/pub/mortality/PDF/137208.pdf)
"POOLE, JAMES",https://fdc.myflorida.com/OffenderSearch/detail.aspx?Page=Detail&DCNumber=148165&TypeSearch=IR,11/26/2016,R.M.C.- MAIN UNIT,Natural,Closed
"MCGUIRE, MICKEY",https://fdc.myflorida.com/OffenderSearch/detail.aspx?Page=Detail&DCNumber=037301&TypeSearch=IR,11/29/2016,ZEPHYRHILLS C.I.,Natural,Closed (https://fdc.myflorida.com/pub/mortality/PDF/037301.pdf)
"BRUNS, ROBERT",https://fdc.myflorida.com/OffenderSearch/detail.aspx?Page=Detail&DCNumber=345340&TypeSearch=IR,11/29/2016,BLACKWATER C.F.,Accident,Closed (https://fdc.myflorida.com/pub/mortality/PDF/345340.pdf)
"WEATHERSBY, LANFORD",https://fdc.myflorida.com/OffenderSearch/detail.aspx?Page=Detail&DCNumber=C09092&TypeSearch=IR,11/29/2016,R.M.C.- MAIN UNIT,Natural,Closed
"LOPEZ, MANUEL",https://fdc.myflorida.com/OffenderSearch/detail.aspx?Page=Detail&DCNumber=M18188&TypeSearch=IR,11/30/2016,S.F.R.C.,Natural,Closed
"LANE, NATHANIEL",https://fdc.myflorida.com/OffenderSearch/detail.aspx?Page=Detail&DCNumber=387792&TypeSearch=IR,11/30/2016,S.F.R.C.,Natural,Closed
"DUNCAN, DANIEL",https://fdc.myflorida.com/OffenderSearch/detail.aspx?Page=Detail&DCNumber=741432&TypeSearch=IR,12/01/2016,R.M.C.- MAIN UNIT,Natural,Closed
"FAIRCHILD, CHRISTOPHER",https://fdc.myflorida.com/OffenderSearch/detail.aspx?Page=Detail&DCNumber=260782&TypeSearch=IR,12/03/2016,R.M.C.- MAIN UNIT,Natural,Closed
"HALL, CORY",https://fdc.myflorida.com/OffenderSearch/detail.aspx?Page=Detail&DCNumber=S32844&TypeSearch=IR,12/04/2016,R.M.C.- MAIN UNIT,Natural,Closed
"DELEGAL, RODNEY",https://fdc.myflorida.com/OffenderSearch/detail.aspx?Page=Detail&DCNumber=047758&TypeSearch=IR,12/05/2016,GULF C.I.,Natural,Closed
"MEARS, JAMES",https://fdc.myflorida.com/OffenderSearch/detail.aspx?Page=Detail&DCNumber=580010&TypeSearch=IR,12/06/2016,HOLMES C.I.,Natural,580010
"GRAY, DOUGLAS",https://fdc.myflorida.com/OffenderSearch/detail.aspx?Page=Detail&DCNumber=917063&TypeSearch=IR,12/06/2016,R.M.C.- MAIN UNIT,Natural,Closed
"DORSEY, ALFONSO",https://fdc.myflorida.com/OffenderSearch/detail.aspx?Page=Detail&DCNumber=765781&TypeSearch=IR,12/07/2016,CFRC-MAIN,Homicide,Closed (https://fdc.myflorida.com/pub/mortality/PDF/765781.pdf)
"HARDEN, NIKITA",https://fdc.myflorida.com/OffenderSearch/detail.aspx?Page=Detail&DCNumber=637770&TypeSearch=IR,12/08/2016,R.M.C.- MAIN UNIT,Homicide,Closed
"MCKENZIE, PERRY",https://fdc.myflorida.com/OffenderSearch/detail.aspx?Page=Detail&DCNumber=068754&TypeSearch=IR,12/09/2016,R.M.C.- MAIN UNIT,Natural,Closed
"DIMONDA, NICHOLAS",https://fdc.myflorida.com/OffenderSearch/detail.aspx?Page=Detail&DCNumber=L24567&TypeSearch=IR,12/10/2016,MOORE HAVEN C.F.,Natural,Closed
"HOLMES, DWAYNE",https://fdc.myflorida.com/OffenderSearch/detail.aspx?Page=Detail&DCNumber=X46198&TypeSearch=IR,12/11/2016,BLACKWATER C.F.,Natural,Closed
"BAXTER, THOMAS",https://fdc.myflorida.com/OffenderSearch/detail.aspx?Page=Detail&DCNumber=056204&TypeSearch=IR,12/12/2016,S.F.R.C.,Natural,Closed
"KINGSTON, GEORGE",https://fdc.myflorida.com/OffenderSearch/detail.aspx?Page=Detail&DCNumber=735719&TypeSearch=IR,12/13/2016,S.F.R.C.,Natural,Closed
"RODRIGUEZ, RAUL",https://fdc.myflorida.com/OffenderSearch/detail.aspx?Page=Detail&DCNumber=199467&TypeSearch=IR,12/14/2016,DADE C.I.,Natural,Closed
"CONLEY, MICHAEL",https://fdc.myflorida.com/OffenderSearch/detail.aspx?Page=Detail&DCNumber=188507&TypeSearch=IR,12/16/2016,R.M.C.- MAIN UNIT,Natural,Closed
"WILLIAMS, ANDREW",https://fdc.myflorida.com/OffenderSearch/detail.aspx?Page=Detail&DCNumber=711500&TypeSearch=IR,12/16/2016,LAWTEY C.I.,Natural,Closed
"JENKINS, MARVIN",https://fdc.myflorida.com/OffenderSearch/detail.aspx?Page=Detail&DCNumber=778438&TypeSearch=IR,12/16/2016,DESOTO ANNEX,Natural,Closed
"OJEDA, PEDRO",https://fdc.myflorida.com/OffenderSearch/detail.aspx?Page=Detail&DCNumber=B01224&TypeSearch=IR,12/19/2016,S.F.R.C.,Natural,Closed
"JAMES, WILLIE",https://fdc.myflorida.com/OffenderSearch/detail.aspx?Page=Detail&DCNumber=633006&TypeSearch=IR,12/19/2016,SOUTH BAY C.F.,Natural,Closed
"HALLERAN, GEORGE",https://fdc.myflorida.com/OffenderSearch/detail.aspx?Page=Detail&DCNumber=G08825&TypeSearch=IR,12/20/2016,R.M.C.- MAIN UNIT,Natural,Closed
"WIGGINS, JERRY",https://fdc.myflorida.com/OffenderSearch/detail.aspx?Page=Detail&DCNumber=D09269&TypeSearch=IR,12/22/2016,MARTIN C.I.,Suicide,Closed
"BROWN, FRANKLIN",https://fdc.myflorida.com/OffenderSearch/detail.aspx?Page=Detail&DCNumber=689507&TypeSearch=IR,12/22/2016,NWFRC MAIN UNIT.,Natural,Closed
"MANSFIELD, NATHANIEL",https://fdc.myflorida.com/OffenderSearch/detail.aspx?Page=Detail&DCNumber=144121&TypeSearch=IR,12/22/2016,CFRC-MAIN,Natural,Closed
"COOPER, ROBERT",https://fdc.myflorida.com/OffenderSearch/detail.aspx?Page=Detail&DCNumber=929085&TypeSearch=IR,12/23/2016,R.M.C.- MAIN UNIT,Natural,Closed
"ROWE, RUDOLPH",https://fdc.myflorida.com/OffenderSearch/detail.aspx?Page=Detail&DCNumber=V19408&TypeSearch=IR,12/23/2016,LAKE C.I.,Natural,Closed
"MORALES-VAZQUEZ, JOSE",https://fdc.myflorida.com/OffenderSearch/detail.aspx?Page=Detail&DCNumber=M12406&TypeSearch=IR,12/23/2016,LAKE C.I.,Natural,Closed (https://fdc.myflorida.com/pub/mortality/PDF/M12406.pdf)
"MCCLURE, DONALD",https://fdc.myflorida.com/OffenderSearch/detail.aspx?Page=Detail&DCNumber=101976&TypeSearch=IR,12/24/2016,R.M.C.- MAIN UNIT,Natural,Closed
"BURNHAM, KARL E",https://fdc.myflorida.com/OffenderSearch/detail.aspx?Page=Detail&DCNumber=575625&TypeSearch=IR,12/25/2016,R.M.C.- MAIN UNIT,Natural,Closed
"HARDY, JOHN",https://fdc.myflorida.com/OffenderSearch/detail.aspx?Page=Detail&DCNumber=044066&TypeSearch=IR,12/25/2016,R.M.C.- MAIN UNIT,Natural,Closed
"CLARKE, DAVID",https://fdc.myflorida.com/OffenderSearch/detail.aspx?Page=Detail&DCNumber=L64505&TypeSearch=IR,12/25/2016,FRANKLIN C.I.,Natural,Closed
"CARROLL, LARRY",https://fdc.myflorida.com/OffenderSearch/detail.aspx?Page=Detail&DCNumber=C07418&TypeSearch=IR,12/30/2016,S.F.R.C SOUTH UNIT,Natural,Closed
"BYRD, TEVIN",https://fdc.myflorida.com/OffenderSearch/detail.aspx?Page=Detail&DCNumber=149197&TypeSearch=IR,12/30/2016,JACKSON C.I.,Homicide,CLOSED
"ECHOF, ROXANNE",https://fdc.myflorida.com/OffenderSearch/detail.aspx?Page=Detail&DCNumber=R15553&TypeSearch=IR,12/31/2016,R.M.C.- MAIN UNIT,Natural,Closed
"BLEMKE, TODD",https://fdc.myflorida.com/OffenderSearch/detail.aspx?Page=Detail&DCNumber=716786&TypeSearch=IR,01/02/2017,R.M.C.- MAIN UNIT,Natural,Closed
"MISCONIS, DONALD",https://fdc.myflorida.com/OffenderSearch/detail.aspx?Page=Detail&DCNumber=083862&TypeSearch=IR,01/02/2017,S.F.R.C.,Natural,Closed
"DUFFY, ALFRED",https://fdc.myflorida.com/OffenderSearch/detail.aspx?Page=Detail&DCNumber=148706&TypeSearch=IR,01/04/2017,R.M.C.- MAIN UNIT,Natural,Closed
"ANDREW, ROBERT",https://fdc.myflorida.com/OffenderSearch/detail.aspx?Page=Detail&DCNumber=184247&TypeSearch=IR,01/05/2017,R.M.C.- MAIN UNIT,Natural,Closed
"ROBINSON, JOHNNIE",https://fdc.myflorida.com/OffenderSearch/detail.aspx?Page=Detail&DCNumber=809809&TypeSearch=IR,01/05/2017,BAKER C.I.,Natural,Closed
"MILLER, ARCHIE",https://fdc.myflorida.com/OffenderSearch/detail.aspx?Page=Detail&DCNumber=034495&TypeSearch=IR,01/07/2017,NWFRC MAIN UNIT.,Natural,Closed
"DAVIS, ERNEST",https://fdc.myflorida.com/OffenderSearch/detail.aspx?Page=Detail&DCNumber=043213&TypeSearch=IR,01/07/2017,HARDEE C.I.,Natural,Closed
"TROPEPE, FRANK",https://fdc.myflorida.com/OffenderSearch/detail.aspx?Page=Detail&DCNumber=184307&TypeSearch=IR,01/08/2017,R.M.C.- MAIN UNIT,Natural,Closed
"LABRUNA, CARMEN",https://fdc.myflorida.com/OffenderSearch/detail.aspx?Page=Detail&DCNumber=900513&TypeSearch=IR,01/09/2017,R.M.C.- MAIN UNIT,Natural,Closed
"MCCARTHY, HARLAN",https://fdc.myflorida.com/OffenderSearch/detail.aspx?Page=Detail&DCNumber=R25879&TypeSearch=IR,01/12/2017,R.M.C.- MAIN UNIT,Natural,Closed
"PARADISE, DICK",https://fdc.myflorida.com/OffenderSearch/detail.aspx?Page=Detail&DCNumber=U41754&TypeSearch=IR,01/13/2017,MARION C.I.,Natural,Closed
"FINN, MICHAEL",https://fdc.myflorida.com/OffenderSearch/detail.aspx?Page=Detail&DCNumber=H40418&TypeSearch=IR,01/02/2017,S.F.R.C.,Suicide,Closed (https://fdc.myflorida.com/pub/mortality/PDF/H40418.pdf)
"YATES, DANIEL",https://fdc.myflorida.com/OffenderSearch/detail.aspx?Page=Detail&DCNumber=144770&TypeSearch=IR,01/14/2017,R.M.C.- WEST UNIT,Natural,Closed
"KELLY, THEANIEL",https://fdc.myflorida.com/OffenderSearch/detail.aspx?Page=Detail&DCNumber=703614&TypeSearch=IR,01/15/2017,TOMOKA C.I.,Accident,Closed (https://fdc.myflorida.com/pub/mortality/PDF/703614.pdf)
"RIPPLEY, MICHAEL",https://fdc.myflorida.com/OffenderSearch/detail.aspx?Page=Detail&DCNumber=012451&TypeSearch=IR,01/16/2017,S.F.R.C SOUTH UNIT,Natural,Closed
"BIGHAM, EDDIE",https://fdc.myflorida.com/OffenderSearch/detail.aspx?Page=Detail&DCNumber=067292&TypeSearch=IR,01/16/2017,R.M.C.- WEST UNIT,Natural,Closed
"STITZ, DENNIS",https://fdc.myflorida.com/OffenderSearch/detail.aspx?Page=Detail&DCNumber=K89747&TypeSearch=IR,01/18/2017,R.M.C.- WEST UNIT,Natural,Closed
"KURFIS, KENNETH",https://fdc.myflorida.com/OffenderSearch/detail.aspx?Page=Detail&DCNumber=E36004&TypeSearch=IR,01/22/2017,LIBERTY C.I.,Natural,Closed
"ANDERSON, NICHOLAS",https://fdc.myflorida.com/OffenderSearch/detail.aspx?Page=Detail&DCNumber=I09645&TypeSearch=IR,01/22/2017,SANTA ROSA C.I.,Homicide,Closed
"CUMMINGS, JACOB",https://fdc.myflorida.com/OffenderSearch/detail.aspx?Page=Detail&DCNumber=R83512&TypeSearch=IR,01/23/2017,HAMILTON C.I.,Homicide,Closed (https://fdc.myflorida.com/pub/mortality/PDF/R83512.pdf)
"IRIVA-DIAZ, ORLANDO",https://fdc.myflorida.com/OffenderSearch/detail.aspx?Page=Detail&DCNumber=049166&TypeSearch=IR,01/23/2017,OKEECHOBEE C.I.,Natural,Closed
"DORBAD, LEO",https://fdc.myflorida.com/OffenderSearch/detail.aspx?Page=Detail&DCNumber=Y14156&TypeSearch=IR,01/23/2017,CFRC-SOUTH,Natural,Closed
"VENCATASAWMY, PAUL",https://fdc.myflorida.com/OffenderSearch/detail.aspx?Page=Detail&DCNumber=X84325&TypeSearch=IR,01/25/2017,R.M.C.- MAIN UNIT,Accident,Closed (https://fdc.myflorida.com/pub/mortality/PDF/X84325.pdf)
"BRAUN, JARED",https://fdc.myflorida.com/OffenderSearch/detail.aspx?Page=Detail&DCNumber=X61295&TypeSearch=IR,01/26/2017,SANTA ROSA C.I.,Suicide,Closed (https://fdc.myflorida.com/pub/mortality/PDF/X61295.pdf)
"OSBORNE, DAVID",https://fdc.myflorida.com/OffenderSearch/detail.aspx?Page=Detail&DCNumber=276714&TypeSearch=IR,01/27/2017,R.M.C.- MAIN UNIT,Natural,Closed
"WHIPPER, TONY",https://fdc.myflorida.com/OffenderSearch/detail.aspx?Page=Detail&DCNumber=577033&TypeSearch=IR,01/28/2017,R.M.C.- MAIN UNIT,Natural,Closed
"KINCAID, CHARLES",https://fdc.myflorida.com/OffenderSearch/detail.aspx?Page=Detail&DCNumber=S28377&TypeSearch=IR,01/29/2017,R.M.C.- MAIN UNIT,Natural,Closed
"SMITH, ALEXANDER",https://fdc.myflorida.com/OffenderSearch/detail.aspx?Page=Detail&DCNumber=533630&TypeSearch=IR,01/30/2017,ZEPHYRHILLS C.I.,Natural,Closed
"AMARAL, CLARENCE",https://fdc.myflorida.com/OffenderSearch/detail.aspx?Page=Detail&DCNumber=909927&TypeSearch=IR,01/30/2017,R.M.C.- MAIN UNIT,Natural,Closed
"KUZARA, MARK",https://fdc.myflorida.com/OffenderSearch/detail.aspx?Page=Detail&DCNumber=567035&TypeSearch=IR,01/31/2017,R.M.C.- MAIN UNIT,Suicide,Closed (https://fdc.myflorida.com/pub/mortality/PDF/567035.pdf)
"WALKER, CLIFFORD",https://fdc.myflorida.com/OffenderSearch/detail.aspx?Page=Detail&DCNumber=088149&TypeSearch=IR,02/01/2017,R.M.C.- MAIN UNIT,Natural,Closed
"LATTARULO, THOMAS",https://fdc.myflorida.com/OffenderSearch/detail.aspx?Page=Detail&DCNumber=121228&TypeSearch=IR,02/02/2017,ZEPHYRHILLS C.I.,Natural,Closed
"NICKERSON, DAVID",https://fdc.myflorida.com/OffenderSearch/detail.aspx?Page=Detail&DCNumber=016359&TypeSearch=IR,02/02/2017,R.M.C.- MAIN UNIT,Natural,Closed
"GILES, OSCAR",https://fdc.myflorida.com/OffenderSearch/detail.aspx?Page=Detail&DCNumber=067434&TypeSearch=IR,02/02/2017,TOMOKA C.I.,Natural,Closed
"UNDERWOOD, CURTIS",https://fdc.myflorida.com/OffenderSearch/detail.aspx?Page=Detail&DCNumber=515135&TypeSearch=IR,02/02/2017,S.F.R.C.,Natural,Closed
"THOMAS, JEFFERY",https://fdc.myflorida.com/OffenderSearch/detail.aspx?Page=Detail&DCNumber=J14625&TypeSearch=IR,02/03/2017,JACKSON C.I.,Natural,Closed
"ROMERO, FOSTER",https://fdc.myflorida.com/OffenderSearch/detail.aspx?Page=Detail&DCNumber=476243&TypeSearch=IR,02/04/2017,S.F.R.C.,Natural,Closed
"SPERRY, DAVID",https://fdc.myflorida.com/OffenderSearch/detail.aspx?Page=Detail&DCNumber=Y41977&TypeSearch=IR,02/04/2017,R.M.C.- MAIN UNIT,Natural,Closed
"GIEBEL, JOSEPH",https://fdc.myflorida.com/OffenderSearch/detail.aspx?Page=Detail&DCNumber=K03638&TypeSearch=IR,02/05/2017,R.M.C.- MAIN UNIT,Natural,Closed
"MARTIN, ANITA",https://fdc.myflorida.com/OffenderSearch/detail.aspx?Page=Detail&DCNumber=543997&TypeSearch=IR,02/05/2017,LOWELL C.I.,Natural,Closed
"WELCH, LONNIE",https://fdc.myflorida.com/OffenderSearch/detail.aspx?Page=Detail&DCNumber=P33470&TypeSearch=IR,02/06/2017,SANTA ROSA ANNEX,Accident,Closed (https://fdc.myflorida.com/pub/mortality/PDF/P33470.pdf)
"GIBBS, TONY",https://fdc.myflorida.com/OffenderSearch/detail.aspx?Page=Detail&DCNumber=A50432&TypeSearch=IR,02/07/2017,WALTON C.I.,Natural,Closed
"ALEXANDER, PHILLIP",https://fdc.myflorida.com/OffenderSearch/detail.aspx?Page=Detail&DCNumber=132803&TypeSearch=IR,02/07/2017,R.M.C.- MAIN UNIT,Natural,Closed
"JAMES, GEORGE",https://fdc.myflorida.com/OffenderSearch/detail.aspx?Page=Detail&DCNumber=168523&TypeSearch=IR,02/07/2017,CENTURY C.I.,Natural,Closed
"ALEXANDER, ULYSSES",https://fdc.myflorida.com/OffenderSearch/detail.aspx?Page=Detail&DCNumber=146921&TypeSearch=IR,02/10/2017,S.F.R.C.,Natural,Closed
"FINNERAN, EDWARD",https://fdc.myflorida.com/OffenderSearch/detail.aspx?Page=Detail&DCNumber=H34863&TypeSearch=IR,02/10/2017,JEFFERSON C.I.,Natural,Closed
"BASS, CHRISTOPHER",https://fdc.myflorida.com/OffenderSearch/detail.aspx?Page=Detail&DCNumber=659833&TypeSearch=IR,02/12/2017,R.M.C.- MAIN UNIT,Natural,Closed
"ENDSLEY, PAUL",https://fdc.myflorida.com/OffenderSearch/detail.aspx?Page=Detail&DCNumber=970834&TypeSearch=IR,02/12/2017,R.M.C.- MAIN UNIT,Natural,Closed
"HARRIS, CHRISTOPHER",https://fdc.myflorida.com/OffenderSearch/detail.aspx?Page=Detail&DCNumber=072347&TypeSearch=IR,02/15/2017,EVERGLADES C.I.,Suicide,Closed
"ZABRANI, IQBAL",https://fdc.myflorida.com/OffenderSearch/detail.aspx?Page=Detail&DCNumber=184608&TypeSearch=IR,02/15/2017,DADE C.I.,Natural,Closed
"WOODS, RUDOLPH",https://fdc.myflorida.com/OffenderSearch/detail.aspx?Page=Detail&DCNumber=023970&TypeSearch=IR,02/16/2017,R.M.C.- MAIN UNIT,Natural,Closed
"BATES, DEL",https://fdc.myflorida.com/OffenderSearch/detail.aspx?Page=Detail&DCNumber=169711&TypeSearch=IR,02/20/2017,R.M.C.- MAIN UNIT,Natural,Closed
"HOOD, TERRY",https://fdc.myflorida.com/OffenderSearch/detail.aspx?Page=Detail&DCNumber=R36323&TypeSearch=IR,02/21/2017,R.M.C.- MAIN UNIT,Natural,Closed
"WEBB, ZERRICK",https://fdc.myflorida.com/OffenderSearch/detail.aspx?Page=Detail&DCNumber=399529&TypeSearch=IR,02/22/2017,R.M.C.- MAIN UNIT,Natural,Closed
"ROBERTS, JAMES",https://fdc.myflorida.com/OffenderSearch/detail.aspx?Page=Detail&DCNumber=010774&TypeSearch=IR,02/24/2017,S.F.R.C.,Natural,Closed
"WILLIAMS, ALFONSO",https://fdc.myflorida.com/OffenderSearch/detail.aspx?Page=Detail&DCNumber=038621&TypeSearch=IR,02/25/2017,R.M.C.- MAIN UNIT,Natural,Closed
"KIRBY, MALCOM",https://fdc.myflorida.com/OffenderSearch/detail.aspx?Page=Detail&DCNumber=P21683&TypeSearch=IR,02/26/2017,R.M.C.- MAIN UNIT,Natural,Closed
"BRADFORD, DOMINICK",https://fdc.myflorida.com/OffenderSearch/detail.aspx?Page=Detail&DCNumber=W24173&TypeSearch=IR,02/26/2017,OKEECHOBEE C.I.,Homicide,Closed (https://fdc.myflorida.com/pub/mortality/PDF/W24173.pdf)
"BOGAN, RONALD",https://fdc.myflorida.com/OffenderSearch/detail.aspx?Page=Detail&DCNumber=039080&TypeSearch=IR,03/02/2017,HARDEE C.I.,Suicide,Closed
"JOHNSON, FRANKLIN",https://fdc.myflorida.com/OffenderSearch/detail.aspx?Page=Detail&DCNumber=269365&TypeSearch=IR,03/02/2017,R.M.C.- MAIN UNIT,Natural,Closed
"MANN, RONALD",https://fdc.myflorida.com/OffenderSearch/detail.aspx?Page=Detail&DCNumber=718956&TypeSearch=IR,03/05/2017,DADE C.I.,Natural,Closed
"RODRIGUEZ, GUADALUPE",https://fdc.myflorida.com/OffenderSearch/detail.aspx?Page=Detail&DCNumber=S20678&TypeSearch=IR,03/05/2017,R.M.C.- MAIN UNIT,Natural,Closed
"YUDIN, MARK",https://fdc.myflorida.com/OffenderSearch/detail.aspx?Page=Detail&DCNumber=296040&TypeSearch=IR,03/08/2017,R.M.C.- MAIN UNIT,Natural,Closed
"THOMPSON, RONALD",https://fdc.myflorida.com/OffenderSearch/detail.aspx?Page=Detail&DCNumber=180080&TypeSearch=IR,03/09/2017,DADE C.I.,Natural,Closed
"BALES, HOMER",https://fdc.myflorida.com/OffenderSearch/detail.aspx?Page=Detail&DCNumber=T30447&TypeSearch=IR,03/10/2017,R.M.C.- MAIN UNIT,Natural,Closed
"HOAG, JAMES",https://fdc.myflorida.com/OffenderSearch/detail.aspx?Page=Detail&DCNumber=907055&TypeSearch=IR,03/11/2017,SUMTER C.I.,Natural,Closed
"HIGGS, MACON",https://fdc.myflorida.com/OffenderSearch/detail.aspx?Page=Detail&DCNumber=029507&TypeSearch=IR,03/11/2017,R.M.C.- MAIN UNIT,Natural,Closed
"THOMAS, DANIEL",https://fdc.myflorida.com/OffenderSearch/detail.aspx?Page=Detail&DCNumber=023612&TypeSearch=IR,03/12/2017,ZEPHYRHILLS C.I.,Natural,Closed
"NELSON, DANA",https://fdc.myflorida.com/OffenderSearch/detail.aspx?Page=Detail&DCNumber=080573&TypeSearch=IR,03/14/2017,S.F.R.C.,Natural,Closed
"PEREZ, JAMES",https://fdc.myflorida.com/OffenderSearch/detail.aspx?Page=Detail&DCNumber=168772&TypeSearch=IR,03/15/2017,S.F.R.C.,Suicide,Closed (https://fdc.myflorida.com/pub/mortality/PDF/168772.pdf)
"HOWELL, DAVIE",https://fdc.myflorida.com/OffenderSearch/detail.aspx?Page=Detail&DCNumber=350875&TypeSearch=IR,03/15/2017,CFRC-SOUTH,Natural,Closed
"AZEMAR, BONNEL",https://fdc.myflorida.com/OffenderSearch/detail.aspx?Page=Detail&DCNumber=T41000&TypeSearch=IR,03/16/2017,LAKE C.I.,Suicide,Closed (https://fdc.myflorida.com/pub/mortality/PDF/T41000.pdf)
"DEMARSH, MONDAY",https://fdc.myflorida.com/OffenderSearch/detail.aspx?Page=Detail&DCNumber=N10886&TypeSearch=IR,03/16/2017,CENTURY C.I.,Accident,Closed (https://fdc.myflorida.com/pub/mortality/PDF/N10886.pdf)
"FARMER, THOMAS",https://fdc.myflorida.com/OffenderSearch/detail.aspx?Page=Detail&DCNumber=849459&TypeSearch=IR,03/17/2017,DADE C.I.,Accident,Closed
"PADGETT, PRINCESTON",https://fdc.myflorida.com/OffenderSearch/detail.aspx?Page=Detail&DCNumber=C08284&TypeSearch=IR,03/19/2017,Jackson Work Camp,Natural,Closed
"SINGLETON, CARL",https://fdc.myflorida.com/OffenderSearch/detail.aspx?Page=Detail&DCNumber=323272&TypeSearch=IR,03/19/2017,CFRC-MAIN,Suicide,Closed (https://fdc.myflorida.com/pub/mortality/PDF/323272.pdf)
"THOMAS, HOWARD",https://fdc.myflorida.com/OffenderSearch/detail.aspx?Page=Detail&DCNumber=082644&TypeSearch=IR,03/19/2017,R.M.C.- MAIN UNIT,Natural,Closed
"WILSON, EMORY",https://fdc.myflorida.com/OffenderSearch/detail.aspx?Page=Detail&DCNumber=035876&TypeSearch=IR,03/19/2017,EVERGLADES C.I.,Natural,Closed
"WASHINGTON, WILLIE",https://fdc.myflorida.com/OffenderSearch/detail.aspx?Page=Detail&DCNumber=060111&TypeSearch=IR,03/19/2017,R.M.C.- MAIN UNIT,Natural,Closed
"MATHIS, LARRY",https://fdc.myflorida.com/OffenderSearch/detail.aspx?Page=Detail&DCNumber=063661&TypeSearch=IR,03/19/2017,S.F.R.C.,Natural,Closed
"SCARNATI, ALFRED",https://fdc.myflorida.com/OffenderSearch/detail.aspx?Page=Detail&DCNumber=R46127&TypeSearch=IR,03/19/2017,GRACEVILLE C.F.,Natural,Closed
"URGUIAGA, RAFAEL",https://fdc.myflorida.com/OffenderSearch/detail.aspx?Page=Detail&DCNumber=183713&TypeSearch=IR,03/22/2017,CENTURY C.I.,Accident,Closed (https://fdc.myflorida.com/pub/mortality/PDF/183713.pdf)
"RODGERS, TIMOTHY",https://fdc.myflorida.com/OffenderSearch/detail.aspx?Page=Detail&DCNumber=241880&TypeSearch=IR,03/22/2017,COLUMBIA ANNEX,Natural,Closed
"AURIEMME, PAUL",https://fdc.myflorida.com/OffenderSearch/detail.aspx?Page=Detail&DCNumber=864806&TypeSearch=IR,03/22/2017,R.M.C.- MAIN UNIT,Natural,Closed
"WILKERSON, RANDALL",https://fdc.myflorida.com/OffenderSearch/detail.aspx?Page=Detail&DCNumber=G26123&TypeSearch=IR,03/23/2017,R.M.C.- MAIN UNIT,Homicide,Closed
"WILLIAMS, ULYSSES",https://fdc.myflorida.com/OffenderSearch/detail.aspx?Page=Detail&DCNumber=J03640&TypeSearch=IR,03/24/2017,R.M.C.- MAIN UNIT,Natural,Closed
"LONG, WALTER",https://fdc.myflorida.com/OffenderSearch/detail.aspx?Page=Detail&DCNumber=238262&TypeSearch=IR,03/26/2017,R.M.C.- MAIN UNIT,Natural,Closed
"FOX, PAUL",https://fdc.myflorida.com/OffenderSearch/detail.aspx?Page=Detail&DCNumber=097277&TypeSearch=IR,03/26/2017,JEFFERSON C.I.,Accident,Closed (https://fdc.myflorida.com/pub/mortality/PDF/097277.pdf)
"MACARTHUR, FRANK",https://fdc.myflorida.com/OffenderSearch/detail.aspx?Page=Detail&DCNumber=157641&TypeSearch=IR,03/27/2017,R.M.C.- MAIN UNIT,Natural,Closed
"SALGADO, HENRY",https://fdc.myflorida.com/OffenderSearch/detail.aspx?Page=Detail&DCNumber=168731&TypeSearch=IR,03/28/2017,COLUMBIA C.I.,Natural,Closed
"HILL, ROBERT",https://fdc.myflorida.com/OffenderSearch/detail.aspx?Page=Detail&DCNumber=A51782&TypeSearch=IR,03/28/2017,JEFFERSON C.I.,Accident,Closed (https://fdc.myflorida.com/pub/mortality/PDF/A51782.pdf)
"VESPERMAN, JAMES",https://fdc.myflorida.com/OffenderSearch/detail.aspx?Page=Detail&DCNumber=338077&TypeSearch=IR,03/28/2017,R.M.C.- MAIN UNIT,Natural,Closed
"VILLEGAS, JOSE",https://fdc.myflorida.com/OffenderSearch/detail.aspx?Page=Detail&DCNumber=526145&TypeSearch=IR,03/28/2017,LAKE C.I.,Homicide,Closed (https://fdc.myflorida.com/pub/mortality/PDF/526145.pdf)
"FAIRLEY, JEFFERY",https://fdc.myflorida.com/OffenderSearch/detail.aspx?Page=Detail&DCNumber=P02357&TypeSearch=IR,03/28/2017,SANTA ROSA ANNEX,Accident,Closed (https://fdc.myflorida.com/pub/mortality/PDF/P02357.pdf)
"JONES, TORRANCE",https://fdc.myflorida.com/OffenderSearch/detail.aspx?Page=Detail&DCNumber=973866&TypeSearch=IR,04/01/2017,BLACKWATER C.F.,Accident,Closed (https://fdc.myflorida.com/pub/mortality/PDF/973866.pdf)
"LAWSON, DILLAN",https://fdc.myflorida.com/OffenderSearch/detail.aspx?Page=Detail&DCNumber=P50219&TypeSearch=IR,04/01/2017,JACKSON C.I.,Homicide,OPEN
"DORRIELAN, ORESTE",https://fdc.myflorida.com/OffenderSearch/detail.aspx?Page=Detail&DCNumber=X25279&TypeSearch=IR,04/01/2017,EVERGLADES C.I.,Accident,Closed (https://fdc.myflorida.com/pub/mortality/PDF/X25279.pdf)
"OAKES, JOHN",https://fdc.myflorida.com/OffenderSearch/detail.aspx?Page=Detail&DCNumber=642167&TypeSearch=IR,04/03/2017,WALTON C.I.,Accident,Closed (https://fdc.myflorida.com/pub/mortality/PDF/642167.pdf)
"CROGHAN, CHARLES",https://fdc.myflorida.com/OffenderSearch/detail.aspx?Page=Detail&DCNumber=604308&TypeSearch=IR,04/03/2017,EVERGLADES C.I.,Natural,Closed
"LUNDIN, JONATHAN",https://fdc.myflorida.com/OffenderSearch/detail.aspx?Page=Detail&DCNumber=094222&TypeSearch=IR,04/04/2017,UNION C.I.,Natural,Closed
"BROWN, LARRY",https://fdc.myflorida.com/OffenderSearch/detail.aspx?Page=Detail&DCNumber=482848&TypeSearch=IR,04/05/2017,COLUMBIA ANNEX,Accident,Closed
"HIERS, CHARLES",https://fdc.myflorida.com/OffenderSearch/detail.aspx?Page=Detail&DCNumber=J18674&TypeSearch=IR,04/05/2017,COLUMBIA ANNEX,Natural,Closed
"DIFFENDERFFER, MICHAEL",https://fdc.myflorida.com/OffenderSearch/detail.aspx?Page=Detail&DCNumber=195834&TypeSearch=IR,04/09/2017,CHARLOTTE C.I.,Natural,Closed
"CROSS MCCOY, KINZELL",https://fdc.myflorida.com/OffenderSearch/detail.aspx?Page=Detail&DCNumber=Q17066&TypeSearch=IR,04/11/2017,R.M.C.- MAIN UNIT,Natural,Closed
"GILLESPIE, MARK",https://fdc.myflorida.com/OffenderSearch/detail.aspx?Page=Detail&DCNumber=R07471&TypeSearch=IR,04/11/2017,R.M.C.- MAIN UNIT,Natural,Closed
"STITZER, JOHN",https://fdc.myflorida.com/OffenderSearch/detail.aspx?Page=Detail&DCNumber=973523&TypeSearch=IR,04/12/2017,S.F.R.C.,Natural,Closed
"MCINTIRE, BOBBY",https://fdc.myflorida.com/OffenderSearch/detail.aspx?Page=Detail&DCNumber=134551&TypeSearch=IR,04/13/2017,FSP WEST UNIT,Accident,Closed (https://fdc.myflorida.com/pub/mortality/PDF/134551.pdf)
"MARTIN, DAVID",https://fdc.myflorida.com/OffenderSearch/detail.aspx?Page=Detail&DCNumber=K85045&TypeSearch=IR,04/14/2017,SOUTH BAY C.F.,Natural,Closed
"BLUE, JIMMIE",https://fdc.myflorida.com/OffenderSearch/detail.aspx?Page=Detail&DCNumber=042020&TypeSearch=IR,04/17/2017,S.F.R.C.,Natural,Closed
"LAMBERT, JAMES",https://fdc.myflorida.com/OffenderSearch/detail.aspx?Page=Detail&DCNumber=G26597&TypeSearch=IR,04/18/2017,R.M.C.- MAIN UNIT,Natural,Closed
"MOTON, STANLEY",https://fdc.myflorida.com/OffenderSearch/detail.aspx?Page=Detail&DCNumber=P12504&TypeSearch=IR,04/18/2017,R.M.C.- MAIN UNIT,Natural,Closed
"MEGETT, SHEPARD",https://fdc.myflorida.com/OffenderSearch/detail.aspx?Page=Detail&DCNumber=058677&TypeSearch=IR,04/19/2017,OKEECHOBEE C.I.,Natural,Closed
"SOCORRO, SYLVANO",https://fdc.myflorida.com/OffenderSearch/detail.aspx?Page=Detail&DCNumber=B01924&TypeSearch=IR,04/20/2017,R.M.C.- MAIN UNIT,Natural,Closed
"ROGERS, CHRIS",https://fdc.myflorida.com/OffenderSearch/detail.aspx?Page=Detail&DCNumber=B09878&TypeSearch=IR,04/20/2017,TTH Dinsmore,Natural,Closed
"BALTHAZAR, BENOIT",https://fdc.myflorida.com/OffenderSearch/detail.aspx?Page=Detail&DCNumber=102117&TypeSearch=IR,04/21/2017,CROSS CITY C.I.,Natural,Closed
"SCARBOROUGH, PATRICK",https://fdc.myflorida.com/OffenderSearch/detail.aspx?Page=Detail&DCNumber=022849&TypeSearch=IR,04/21/2017,S.F.R.C.,Natural,Closed
"SUTTON, LEROY",https://fdc.myflorida.com/OffenderSearch/detail.aspx?Page=Detail&DCNumber=745025&TypeSearch=IR,04/22/2017,COLUMBIA C.I.,Accident,Closed (https://fdc.myflorida.com/pub/mortality/PDF/745025.pdf)
"COUCH, JAMES",https://fdc.myflorida.com/OffenderSearch/detail.aspx?Page=Detail&DCNumber=C00461&TypeSearch=IR,04/22/2017,R.M.C.- MAIN UNIT,Accident,Closed (https://fdc.myflorida.com/pub/mortality/PDF/C00461.pdf)
"WHATLEY, JONATHAN",https://fdc.myflorida.com/OffenderSearch/detail.aspx?Page=Detail&DCNumber=667177&TypeSearch=IR,04/23/2017,R.M.C.- MAIN UNIT,Natural,Closed
"MCRAE, PAUL",https://fdc.myflorida.com/OffenderSearch/detail.aspx?Page=Detail&DCNumber=049757&TypeSearch=IR,04/23/2017,R.M.C.- MAIN UNIT,Natural,Closed
"HOBBS, ERIC",https://fdc.myflorida.com/OffenderSearch/detail.aspx?Page=Detail&DCNumber=581234&TypeSearch=IR,04/24/2017,R.M.C.- MAIN UNIT,Natural,Closed
"HESTER, BILLIE",https://fdc.myflorida.com/OffenderSearch/detail.aspx?Page=Detail&DCNumber=C06564&TypeSearch=IR,04/25/2017,S.F.R.C.,Natural,Closed
"ROKER, WILLIAM",https://fdc.myflorida.com/OffenderSearch/detail.aspx?Page=Detail&DCNumber=700002&TypeSearch=IR,04/25/2017,S.F.R.C.,Natural,Closed
"SHERROD, JOHNNY",https://fdc.myflorida.com/OffenderSearch/detail.aspx?Page=Detail&DCNumber=990230&TypeSearch=IR,04/26/2017,CFRC-SOUTH,Natural,Closed
"DOYLE, JAMES",https://fdc.myflorida.com/OffenderSearch/detail.aspx?Page=Detail&DCNumber=887779&TypeSearch=IR,04/27/2017,R.M.C.- MAIN UNIT,Natural,Closed
"BRYANT, MICHAEL",https://fdc.myflorida.com/OffenderSearch/detail.aspx?Page=Detail&DCNumber=420642&TypeSearch=IR,04/27/2017,DADE C.I.,Natural,Closed
"FOSTER, EDWARD",https://fdc.myflorida.com/OffenderSearch/detail.aspx?Page=Detail&DCNumber=864331&TypeSearch=IR,05/02/2017,R.M.C.- MAIN UNIT,Natural,Closed
"BAYNARD, ROSS",https://fdc.myflorida.com/OffenderSearch/detail.aspx?Page=Detail&DCNumber=P16048&TypeSearch=IR,05/03/2017,GRACEVILLE C.F.,Natural,Closed
"ANDERSON, JONATHAN",https://fdc.myflorida.com/OffenderSearch/detail.aspx?Page=Detail&DCNumber=064412&TypeSearch=IR,05/04/2017,MARTIN C.I.,Natural,Closed
"RUFFIN, ANTHONY",https://fdc.myflorida.com/OffenderSearch/detail.aspx?Page=Detail&DCNumber=449145&TypeSearch=IR,05/04/2017,DADE C.I.,Natural,Closed
"WITTIG, RICHARD",https://fdc.myflorida.com/OffenderSearch/detail.aspx?Page=Detail&DCNumber=C02178&TypeSearch=IR,05/05/2017,R.M.C.- MAIN UNIT,Natural,Closed
"KIO, JEFFREY",https://fdc.myflorida.com/OffenderSearch/detail.aspx?Page=Detail&DCNumber=576587&TypeSearch=IR,05/06/2017,R.M.C.- MAIN UNIT,Natural,Closed
"BEASLEY, CHESTER",https://fdc.myflorida.com/OffenderSearch/detail.aspx?Page=Detail&DCNumber=621580&TypeSearch=IR,05/06/2017,R.M.C.- MAIN UNIT,Natural,Closed
"MARTINEZ, RUBEN",https://fdc.myflorida.com/OffenderSearch/detail.aspx?Page=Detail&DCNumber=081378&TypeSearch=IR,05/06/2017,S.F.R.C SOUTH UNIT,Natural,Closed
"WILLIAMS, STACY",https://fdc.myflorida.com/OffenderSearch/detail.aspx?Page=Detail&DCNumber=M26888&TypeSearch=IR,05/06/2017,S.F.R.C.,Natural,Closed
"HARRISON, SAMUEL",https://fdc.myflorida.com/OffenderSearch/detail.aspx?Page=Detail&DCNumber=T75111&TypeSearch=IR,05/07/2017,S.F.R.C.,Natural,Closed
"MADRID, JULIO",https://fdc.myflorida.com/OffenderSearch/detail.aspx?Page=Detail&DCNumber=313998&TypeSearch=IR,05/07/2017,NWFRC ANNEX.,Natural,Closed
"PRAIRIE, DENNIS",https://fdc.myflorida.com/OffenderSearch/detail.aspx?Page=Detail&DCNumber=D56903&TypeSearch=IR,05/08/2017,APALACHEE WEST UNIT,Natural,Closed
"BRYANT, CHARLES",https://fdc.myflorida.com/OffenderSearch/detail.aspx?Page=Detail&DCNumber=H29247&TypeSearch=IR,05/08/2017,COLUMBIA ANNEX,Accident,Closed (https://fdc.myflorida.com/pub/mortality/PDF/H29247.pdf)
"HUNTER, ROBERT",https://fdc.myflorida.com/OffenderSearch/detail.aspx?Page=Detail&DCNumber=K77440&TypeSearch=IR,05/08/2017,R.M.C.- MAIN UNIT,Natural,Closed
"BRAGG, TONY",https://fdc.myflorida.com/OffenderSearch/detail.aspx?Page=Detail&DCNumber=T15760&TypeSearch=IR,05/08/2017,COLUMBIA ANNEX,Accident,Closed (https://fdc.myflorida.com/pub/mortality/PDF/T15760.pdf)
"SIMPSON, ELVIN",https://fdc.myflorida.com/OffenderSearch/detail.aspx?Page=Detail&DCNumber=985737&TypeSearch=IR,05/08/2017,R.M.C.- MAIN UNIT,Natural,Closed
"MAGNUSON, FRED",https://fdc.myflorida.com/OffenderSearch/detail.aspx?Page=Detail&DCNumber=R73640&TypeSearch=IR,05/09/2017,GULF C.I.- ANNEX,Natural,Closed
"KRSANAC, DANIEL",https://fdc.myflorida.com/OffenderSearch/detail.aspx?Page=Detail&DCNumber=W09144&TypeSearch=IR,05/09/2017,FSP WEST UNIT,Natural,Closed
"JACKSON, ROGER",https://fdc.myflorida.com/OffenderSearch/detail.aspx?Page=Detail&DCNumber=Y02586&TypeSearch=IR,05/09/2017,WALTON C.I.,Accident,Closed (https://fdc.myflorida.com/pub/mortality/PDF/Y02586.pdf)
"ROSARIO, JORGE",https://fdc.myflorida.com/OffenderSearch/detail.aspx?Page=Detail&DCNumber=H34442&TypeSearch=IR,05/14/2017,Hardee Work Camp,Accident,Closed (https://fdc.myflorida.com/pub/mortality/PDF/H34442.pdf)
"GODWIN, GREGORY",https://fdc.myflorida.com/OffenderSearch/detail.aspx?Page=Detail&DCNumber=764512&TypeSearch=IR,05/15/2017,R.M.C.- MAIN UNIT,Natural,Closed
"WEIR, EDWARD",https://fdc.myflorida.com/OffenderSearch/detail.aspx?Page=Detail&DCNumber=015185&TypeSearch=IR,05/16/2017,S.F.R.C.,Natural,Closed
"HILL, GAINES",https://fdc.myflorida.com/OffenderSearch/detail.aspx?Page=Detail&DCNumber=504984&TypeSearch=IR,05/17/2017,COLUMBIA ANNEX,Accident,Closed (https://fdc.myflorida.com/pub/mortality/PDF/504984.pdf)
"PENA, HELADIO",https://fdc.myflorida.com/OffenderSearch/detail.aspx?Page=Detail&DCNumber=C04627&TypeSearch=IR,05/18/2017,POLK C.I.,Natural,Closed
"EDDY, BRUCE",https://fdc.myflorida.com/OffenderSearch/detail.aspx?Page=Detail&DCNumber=027261&TypeSearch=IR,05/18/2017,R.M.C.- MAIN UNIT,Natural,Closed
"MARTIN, JAMES",https://fdc.myflorida.com/OffenderSearch/detail.aspx?Page=Detail&DCNumber=024484&TypeSearch=IR,05/19/2017,CFRC-SOUTH,Natural,Closed
"PERKINS, DAVID",https://fdc.myflorida.com/OffenderSearch/detail.aspx?Page=Detail&DCNumber=C04731&TypeSearch=IR,05/20/2017,CFRC-MAIN,Natural,Closed
"MADDEN, PATRICK",https://fdc.myflorida.com/OffenderSearch/detail.aspx?Page=Detail&DCNumber=X96608&TypeSearch=IR,05/22/2017,CFRC-MAIN,Natural,Closed
"MORRIS, CALVIN",https://fdc.myflorida.com/OffenderSearch/detail.aspx?Page=Detail&DCNumber=067885&TypeSearch=IR,05/22/2017,SOUTH BAY C.F.,Natural,Closed
"DEMPS, ERIC",https://fdc.myflorida.com/OffenderSearch/detail.aspx?Page=Detail&DCNumber=134467&TypeSearch=IR,05/22/2017,SANTA ROSA C.I.,Accident,Closed (https://fdc.myflorida.com/pub/mortality/PDF/134467.pdf)
"LITTLES, JOE",https://fdc.myflorida.com/OffenderSearch/detail.aspx?Page=Detail&DCNumber=N01685&TypeSearch=IR,05/23/2017,BAY C.F.,Natural,Closed
"PEACHY, RONALD",https://fdc.myflorida.com/OffenderSearch/detail.aspx?Page=Detail&DCNumber=U05539&TypeSearch=IR,05/26/2017,SANTA ROSA ANNEX,Natural,Closed
"HANDY, LEROY",https://fdc.myflorida.com/OffenderSearch/detail.aspx?Page=Detail&DCNumber=970630&TypeSearch=IR,05/26/2017,MARTIN C.I.,Accident,Closed
"CIOLKOWSKI, LEON",https://fdc.myflorida.com/OffenderSearch/detail.aspx?Page=Detail&DCNumber=B14863&TypeSearch=IR,05/26/2017,SOUTH BAY C.F.,Natural,Closed
"SHAPIRO, RICHARD",https://fdc.myflorida.com/OffenderSearch/detail.aspx?Page=Detail&DCNumber=L47730&TypeSearch=IR,05/29/2017,SANTA ROSA C.I.,Natural,Closed
"RUANO, CESAR",https://fdc.myflorida.com/OffenderSearch/detail.aspx?Page=Detail&DCNumber=M27173&TypeSearch=IR,05/29/2017,CHARLOTTE C.I.,Accident,Closed (https://fdc.myflorida.com/pub/mortality/PDF/M27173.pdf)
"GRAY, HAROLD",https://fdc.myflorida.com/OffenderSearch/detail.aspx?Page=Detail&DCNumber=027706&TypeSearch=IR,06/01/2017,R.M.C.- MAIN UNIT,Natural,Closed
"HAND, GLENN",https://fdc.myflorida.com/OffenderSearch/detail.aspx?Page=Detail&DCNumber=726374&TypeSearch=IR,06/01/2017,R.M.C.- MAIN UNIT,Natural,Closed
"GONZALEZ, MANUEL",https://fdc.myflorida.com/OffenderSearch/detail.aspx?Page=Detail&DCNumber=T17804&TypeSearch=IR,06/03/2017,S.F.R.C.,Natural,Closed
"SHOEMAKER, JIM",https://fdc.myflorida.com/OffenderSearch/detail.aspx?Page=Detail&DCNumber=P12648&TypeSearch=IR,06/05/2017,R.M.C.- MAIN UNIT,Natural,Closed
"BINGHAM, THEODORE",https://fdc.myflorida.com/OffenderSearch/detail.aspx?Page=Detail&DCNumber=032675&TypeSearch=IR,06/05/2017,R.M.C.- MAIN UNIT,Natural,Closed
"LONG, WILLIAM",https://fdc.myflorida.com/OffenderSearch/detail.aspx?Page=Detail&DCNumber=052978&TypeSearch=IR,06/05/2017,R.M.C.- MAIN UNIT,Natural,Closed
"AUCLAIR, BRUCE",https://fdc.myflorida.com/OffenderSearch/detail.aspx?Page=Detail&DCNumber=V29491&TypeSearch=IR,06/05/2017,R.M.C.- MAIN UNIT,Natural,Closed
"ROSA, ARTURO",https://fdc.myflorida.com/OffenderSearch/detail.aspx?Page=Detail&DCNumber=X62953&TypeSearch=IR,06/06/2017,R.M.C.- MAIN UNIT,Natural,Closed
"FEDOCK, NICHOLAS",https://fdc.myflorida.com/OffenderSearch/detail.aspx?Page=Detail&DCNumber=Y26199&TypeSearch=IR,06/07/2017,W.PALM BEACH C.R.C.,Accident,Closed
"MASK, WILLIAM",https://fdc.myflorida.com/OffenderSearch/detail.aspx?Page=Detail&DCNumber=041106&TypeSearch=IR,06/07/2017,ZEPHYRHILLS C.I.,Natural,Closed
"EGAN, MICHAEL",https://fdc.myflorida.com/OffenderSearch/detail.aspx?Page=Detail&DCNumber=Q31315&TypeSearch=IR,06/08/2017,BLACKWATER C.F.,Natural,Closed
"BOONE, ADONIS",https://fdc.myflorida.com/OffenderSearch/detail.aspx?Page=Detail&DCNumber=T75522&TypeSearch=IR,06/08/2017,LAKE C.I.,Homicide,Closed
"WILSON, ERIC",https://fdc.myflorida.com/OffenderSearch/detail.aspx?Page=Detail&DCNumber=V09525&TypeSearch=IR,06/08/2017,NWFRC ANNEX.,Suicide,Closed (https://fdc.myflorida.com/pub/mortality/PDF/V09525.pdf)
"ABBOTT, JERRY",https://fdc.myflorida.com/OffenderSearch/detail.aspx?Page=Detail&DCNumber=083235&TypeSearch=IR,06/09/2017,CENTURY C.I.,Natural,Closed
"JOHNSON, CALVIN",https://fdc.myflorida.com/OffenderSearch/detail.aspx?Page=Detail&DCNumber=087753&TypeSearch=IR,06/11/2017,HOLMES C.I.,Accident,Closed (https://fdc.myflorida.com/pub/mortality/PDF/087753.pdf)
"HURLEY, WILLIAM",https://fdc.myflorida.com/OffenderSearch/detail.aspx?Page=Detail&DCNumber=075656&TypeSearch=IR,06/13/2017,TAYLOR C.I.,Natural,Closed
"LACKNER, RONALD",https://fdc.myflorida.com/OffenderSearch/detail.aspx?Page=Detail&DCNumber=110950&TypeSearch=IR,06/15/2017,R.M.C.- MAIN UNIT,Natural,Closed
"MCCRAY, TRACEY",https://fdc.myflorida.com/OffenderSearch/detail.aspx?Page=Detail&DCNumber=078943&TypeSearch=IR,06/16/2017,R.M.C.- MAIN UNIT,Natural,Closed
"PARKER, DAVID",https://fdc.myflorida.com/OffenderSearch/detail.aspx?Page=Detail&DCNumber=137653&TypeSearch=IR,06/16/2017,FRANKLIN C.I.,Accident,Closed (https://fdc.myflorida.com/pub/mortality/PDF/137653.pdf)
"SARDINAS, ANTONIO",https://fdc.myflorida.com/OffenderSearch/detail.aspx?Page=Detail&DCNumber=853972&TypeSearch=IR,06/16/2017,SOUTH BAY C.F.,Natural,Closed
"MCCOMB, ARTHUR",https://fdc.myflorida.com/OffenderSearch/detail.aspx?Page=Detail&DCNumber=111947&TypeSearch=IR,06/17/2017,APALACHEE EAST UNIT,Suicide,Closed (https://fdc.myflorida.com/pub/mortality/PDF/111947.pdf)
"WILSON, RANDALL",https://fdc.myflorida.com/OffenderSearch/detail.aspx?Page=Detail&DCNumber=C10794&TypeSearch=IR,06/17/2017,R.M.C.- MAIN UNIT,Natural,Closed
"TAMAYL, GEORGE",https://fdc.myflorida.com/OffenderSearch/detail.aspx?Page=Detail&DCNumber=Q08324&TypeSearch=IR,06/18/2017,R.M.C.- MAIN UNIT,Natural,Closed
"SHAW, DAVID",https://fdc.myflorida.com/OffenderSearch/detail.aspx?Page=Detail&DCNumber=304994&TypeSearch=IR,06/18/2017,CROSS CITY C.I.,Suicide,Closed (https://fdc.myflorida.com/pub/mortality/PDF/304994.pdf)
"SLAUGHTER, JORGE",https://fdc.myflorida.com/OffenderSearch/detail.aspx?Page=Detail&DCNumber=M53047&TypeSearch=IR,06/19/2017,CENTURY C.I.,Homicide,Closed
"JACKSON, SCHON",https://fdc.myflorida.com/OffenderSearch/detail.aspx?Page=Detail&DCNumber=P58962&TypeSearch=IR,06/19/2017,NWFRC ANNEX.,Natural,Closed
"DEERING, DOUGLAS",https://fdc.myflorida.com/OffenderSearch/detail.aspx?Page=Detail&DCNumber=Y40832&TypeSearch=IR,06/19/2017,ZEPHYRHILLS C.I.,Natural,Closed
"BRUNELLE, ERNEST",https://fdc.myflorida.com/OffenderSearch/detail.aspx?Page=Detail&DCNumber=C08255&TypeSearch=IR,06/20/2017,NWFRC ANNEX.,Natural,Closed
"CASE, JAMES",https://fdc.myflorida.com/OffenderSearch/detail.aspx?Page=Detail&DCNumber=X15859&TypeSearch=IR,06/21/2017,LIBERTY C.I.,Natural,Closed
"MCNEIL, RICKEY",https://fdc.myflorida.com/OffenderSearch/detail.aspx?Page=Detail&DCNumber=Y22252&TypeSearch=IR,06/22/2017,R.M.C.- MAIN UNIT,Natural,Closed
"SNEAD, JOHN",https://fdc.myflorida.com/OffenderSearch/detail.aspx?Page=Detail&DCNumber=E19382&TypeSearch=IR,06/22/2017,UNION C.I.,Accident,Closed (https://fdc.myflorida.com/pub/mortality/PDF/E19382.pdf)
"FRANKE, MICHAEL",https://fdc.myflorida.com/OffenderSearch/detail.aspx?Page=Detail&DCNumber=140602&TypeSearch=IR,06/22/2017,R.M.C.- MAIN UNIT,Natural,Closed
"VELEZ, DANIEL",https://fdc.myflorida.com/OffenderSearch/detail.aspx?Page=Detail&DCNumber=590232&TypeSearch=IR,06/24/2017,R.M.C.- MAIN UNIT,Natural,Closed
"ARIAS, DAVID",https://fdc.myflorida.com/OffenderSearch/detail.aspx?Page=Detail&DCNumber=L72425&TypeSearch=IR,06/26/2017,NWFRC MAIN UNIT.,Homicide,Closed
"STEVENS, TODD",https://fdc.myflorida.com/OffenderSearch/detail.aspx?Page=Detail&DCNumber=255304&TypeSearch=IR,06/27/2017,R.M.C.- MAIN UNIT,Natural,Closed
"MCMASTER-WADE, JOHN",https://fdc.myflorida.com/OffenderSearch/detail.aspx?Page=Detail&DCNumber=037850&TypeSearch=IR,06/27/2017,ZEPHYRHILLS C.I.,Suicide,Closed (https://fdc.myflorida.com/pub/mortality/PDF/037850.pdf)
"SUAREZ, ROBERTO",https://fdc.myflorida.com/OffenderSearch/detail.aspx?Page=Detail&DCNumber=044039&TypeSearch=IR,06/28/2017,S.F.R.C.,Natural,Closed
"WERNER, RAYMOND",https://fdc.myflorida.com/OffenderSearch/detail.aspx?Page=Detail&DCNumber=056533&TypeSearch=IR,06/28/2017,S.F.R.C.,Natural,Closed